"test1255","06/18/2024 at 12:55:53 (GMT+0200)"
"Autobahn Security GmbH","Brunnenstrasse 181 Berlin",,"Berlin",,"Germany","10119"
"Eric Scholz","autba5es","Manager"

"Asset Groups","IPs","Active Hosts","Hosts Matching Filters","Trend Analysis","Date Range","Network","Asset Tags"
"NONE","NONE","2","2","Latest vulnerability data","01/01/1999 - 06/18/2024","All","Included(any): EricsPlaygroundAgents;
Excluded(any);"

"Total Vulnerabilities","Avg Security Risk","Business Risk"
"213","3.5","25/100"

"IP","Network","Total Vulnerabilities","Security Risk"
"192.168.178.41","Global Default Network","154","3.5"
"192.168.178.42","Global Default Network","59","3.4"


"IP","Network","DNS","NetBIOS","QG Host ID","IP Interfaces","Tracking Method","OS","IP Status","QID","Title","Vuln Status","Type","Severity","Port","Protocol","FQDN","SSL","First Detected","Last Detected","Times Detected","Date Last Fixed","CVE ID","Vendor Reference","Bugtraq ID","Results","PCI Vuln","Ticket State","Instance","Category","Associated Tags"
"192.168.178.42","Global Default Network","mbp-von-eric.fritz.box","MBP-VON-ERIC","eda2e783-774f-4af0-b0e5-09957a4ac60b",,"QAGENT","macOS 14.5","host scanned, found vuln","379839","Git Multiple Security Vulnerabilities","Active","Vuln","4",,,,,"05/21/2024 10:44:03","06/18/2024 10:51:50","59",,"CVE-2024-32004, CVE-2024-32465, CVE-2024-32020, CVE-2024-32021","CVE-2024-32004, CVE-2024-32465, CVE-2024-32020, CVE-2024-32021",,"git version 2.39.3 (Apple Git-146)#","yes",,,"Local","Cloud Agent, EricsPlaygroundAgents, Test for Sven, Test for Sven.1ddfe2aa-4a79-4155-87ca-da5c1830e92d, Test for Sven.275c0cc2-422a-4fbd-afb6-35a9338bab4a, TestEric, TestEric.00b1e415-6d3e-4c23-b103-9fe0e9dcd8c3, TestEric.dfe6ea77-f19a-457a-ac5e-164893add4ca"
"192.168.178.42","Global Default Network","mbp-von-eric.fritz.box","MBP-VON-ERIC","eda2e783-774f-4af0-b0e5-09957a4ac60b",,"QAGENT","macOS 14.5","host scanned, found vuln","379492","Microsoft Visual Studio Code Security Update for March 2024","Active","Vuln","4",,,,,"03/13/2024 16:54:17","06/18/2024 10:51:50","178",,"CVE-2024-26165","CVE-2024-26165",,"Application Name	Version	Location	
Visual Studio Code	1.77.3	/Users/eric/Downloads/Visual Studio Code.app#","yes",,,"Local","Cloud Agent, EricsPlaygroundAgents, Test for Sven, Test for Sven.1ddfe2aa-4a79-4155-87ca-da5c1830e92d, Test for Sven.275c0cc2-422a-4fbd-afb6-35a9338bab4a, TestEric, TestEric.00b1e415-6d3e-4c23-b103-9fe0e9dcd8c3, TestEric.dfe6ea77-f19a-457a-ac5e-164893add4ca"
"192.168.178.42","Global Default Network","mbp-von-eric.fritz.box","MBP-VON-ERIC","eda2e783-774f-4af0-b0e5-09957a4ac60b",,"QAGENT","macOS 14.5","host scanned, found vuln","379552","Curl HTTP/2 Push Headers Memory-leak Vulnerability","Active","Vuln","3",,,,,"05/07/2024 18:46:16","06/18/2024 10:51:50","77",,"CVE-2024-2398","Curl Security Advisory",,"Installed via Custom Package 
Name Version Path 
curl 8.6.0 /usr/bin/curl#","yes",,,"Local","Cloud Agent, EricsPlaygroundAgents, Test for Sven, Test for Sven.1ddfe2aa-4a79-4155-87ca-da5c1830e92d, Test for Sven.275c0cc2-422a-4fbd-afb6-35a9338bab4a, TestEric, TestEric.00b1e415-6d3e-4c23-b103-9fe0e9dcd8c3, TestEric.dfe6ea77-f19a-457a-ac5e-164893add4ca"
"192.168.178.42","Global Default Network","mbp-von-eric.fritz.box","MBP-VON-ERIC","eda2e783-774f-4af0-b0e5-09957a4ac60b",,"QAGENT","macOS 14.5","host scanned, found vuln","379551","Curl QUIC Certificate Check Bypass Vulnerability","Active","Vuln","3",,,,,"05/27/2024 10:27:31","06/18/2024 10:51:50","46",,"CVE-2024-2379","Curl Security Advisory",,"Installed via Custom Package 
Name Version Path 
curl 8.6.0 /usr/bin/curl#","yes",,,"Local","Cloud Agent, EricsPlaygroundAgents, Test for Sven, Test for Sven.1ddfe2aa-4a79-4155-87ca-da5c1830e92d, Test for Sven.275c0cc2-422a-4fbd-afb6-35a9338bab4a, TestEric, TestEric.00b1e415-6d3e-4c23-b103-9fe0e9dcd8c3, TestEric.dfe6ea77-f19a-457a-ac5e-164893add4ca"
"192.168.178.42","Global Default Network","mbp-von-eric.fritz.box","MBP-VON-ERIC","eda2e783-774f-4af0-b0e5-09957a4ac60b",,"QAGENT","macOS 14.5","host scanned, found vuln","379550","Curl Transport Layer Security (TLS) Certificate Check Bypass Vulnerability","Active","Vuln","3",,,,,"05/27/2024 10:27:31","06/18/2024 10:51:50","46",,"CVE-2024-2466","Curl Security Advisory",,"Installed via Custom Package 
Name Version Path 
curl 8.6.0 /usr/bin/curl#","yes",,,"Local","Cloud Agent, EricsPlaygroundAgents, Test for Sven, Test for Sven.1ddfe2aa-4a79-4155-87ca-da5c1830e92d, Test for Sven.275c0cc2-422a-4fbd-afb6-35a9338bab4a, TestEric, TestEric.00b1e415-6d3e-4c23-b103-9fe0e9dcd8c3, TestEric.dfe6ea77-f19a-457a-ac5e-164893add4ca"
"192.168.178.42","Global Default Network","mbp-von-eric.fritz.box","MBP-VON-ERIC","eda2e783-774f-4af0-b0e5-09957a4ac60b",,"QAGENT","macOS 14.5","host scanned, found vuln","378852","Microsoft Visual Studio Code Security Update for September 2023","Active","Vuln","3",,,,,"02/19/2024 21:53:30","06/18/2024 10:51:50","246",,"CVE-2023-39956, CVE-2023-36742","CVE-2023-39956, CVE-2023-36742",,"Application Name	Version	Location	
Visual Studio Code	1.77.3	/Users/eric/Downloads/Visual Studio Code.app#","yes",,,"Local","Cloud Agent, EricsPlaygroundAgents, Test for Sven, Test for Sven.1ddfe2aa-4a79-4155-87ca-da5c1830e92d, Test for Sven.275c0cc2-422a-4fbd-afb6-35a9338bab4a, TestEric, TestEric.00b1e415-6d3e-4c23-b103-9fe0e9dcd8c3, TestEric.dfe6ea77-f19a-457a-ac5e-164893add4ca"
"192.168.178.42","Global Default Network","mbp-von-eric.fritz.box","MBP-VON-ERIC","eda2e783-774f-4af0-b0e5-09957a4ac60b",,"QAGENT","macOS 14.5","host scanned, found vuln","378574","Microsoft Visual Studio Code Security Update for June 2023","Active","Vuln","3",,,,,"02/19/2024 21:53:30","06/18/2024 10:51:50","246",,"CVE-2023-33144","CVE-2023-33144",,"Application Name	Version	Location	
Visual Studio Code	1.77.3	/Users/eric/Downloads/Visual Studio Code.app#","yes",,,"Local","Cloud Agent, EricsPlaygroundAgents, Test for Sven, Test for Sven.1ddfe2aa-4a79-4155-87ca-da5c1830e92d, Test for Sven.275c0cc2-422a-4fbd-afb6-35a9338bab4a, TestEric, TestEric.00b1e415-6d3e-4c23-b103-9fe0e9dcd8c3, TestEric.dfe6ea77-f19a-457a-ac5e-164893add4ca"
"192.168.178.42","Global Default Network","mbp-von-eric.fritz.box","MBP-VON-ERIC","eda2e783-774f-4af0-b0e5-09957a4ac60b",,"QAGENT","macOS 14.5","host scanned, found vuln","378477","Microsoft Visual Studio Code Security Update for May 2023","Active","Vuln","3",,,,,"02/19/2024 21:53:30","06/18/2024 10:51:50","246",,"CVE-2023-29338","CVE-2023-29338",,"Application Name	Version	Location	
Visual Studio Code	1.77.3	/Users/eric/Downloads/Visual Studio Code.app#","yes",,,"Local","Cloud Agent, EricsPlaygroundAgents, Test for Sven, Test for Sven.1ddfe2aa-4a79-4155-87ca-da5c1830e92d, Test for Sven.275c0cc2-422a-4fbd-afb6-35a9338bab4a, TestEric, TestEric.00b1e415-6d3e-4c23-b103-9fe0e9dcd8c3, TestEric.dfe6ea77-f19a-457a-ac5e-164893add4ca"
"192.168.178.42","Global Default Network","mbp-von-eric.fritz.box","MBP-VON-ERIC","eda2e783-774f-4af0-b0e5-09957a4ac60b",,"QAGENT","macOS 14.5","host scanned, found vuln","379840","Git Arbitrary Code Execution Vulnerability (GHSA-8h77-4q3w-gfgv)","Active","Practice","5",,,,,"05/21/2024 10:44:03","06/18/2024 10:51:50","59",,"CVE-2024-32002","GHSA-8h77-4q3w-gfgv",,"git version 2.39.3 (Apple Git-146)#","yes",,,"Local","Cloud Agent, EricsPlaygroundAgents, Test for Sven, Test for Sven.1ddfe2aa-4a79-4155-87ca-da5c1830e92d, Test for Sven.275c0cc2-422a-4fbd-afb6-35a9338bab4a, TestEric, TestEric.00b1e415-6d3e-4c23-b103-9fe0e9dcd8c3, TestEric.dfe6ea77-f19a-457a-ac5e-164893add4ca"
"192.168.178.42","Global Default Network","mbp-von-eric.fritz.box","MBP-VON-ERIC","eda2e783-774f-4af0-b0e5-09957a4ac60b",,"QAGENT","macOS 14.5","host scanned, found vuln","105155","User Home Directory With Non-Restrictive Permissions",,"Ig","3",,,,,"02/19/2024 21:53:30","06/18/2024 10:51:50","246",,,,,"drwxrwxrwt   6 root  wheel   192 May 24 18:00 Shared#","no",,,"Security Policy","Cloud Agent, EricsPlaygroundAgents, Test for Sven, Test for Sven.1ddfe2aa-4a79-4155-87ca-da5c1830e92d, Test for Sven.275c0cc2-422a-4fbd-afb6-35a9338bab4a, TestEric, TestEric.00b1e415-6d3e-4c23-b103-9fe0e9dcd8c3, TestEric.dfe6ea77-f19a-457a-ac5e-164893add4ca"
"192.168.178.42","Global Default Network","mbp-von-eric.fritz.box","MBP-VON-ERIC","eda2e783-774f-4af0-b0e5-09957a4ac60b",,"QAGENT","macOS 14.5","host scanned, found vuln","105130","Unix Group List",,"Ig","3",,,,,"02/19/2024 21:53:30","06/18/2024 10:51:50","246",,,,,"##
# Group Database
# 
# Note that this file is consulted directly only when the system is running
# in single-user mode.  At other times this information is provided by
# Open Directory.
#
# See the opendirectoryd(8) man page for additional information about
# Open Directory.
##
nobody:*:-2:
nogroup:*:-1:
wheel:*:0:root
daemon:*:1:root
kmem:*:2:root
sys:*:3:root
tty:*:4:root
operator:*:5:root
mail:*:6:_teamsserver
bin:*:7:
procview:*:8:root
procmod:*:9:root
owner:*:10:
everyone:*:12:
_taskgated:*:13:_taskgated
group:*:16:
staff:*:20:root
_networkd:*:24:
_installassistant:*:25:
_lp:*:26:
_postfix:*:27:
_postdrop:*:28:
certusers:*:29:root,_jabber,_postfix,_cyrus,_calendar,_dovecot
_keytabusers:*:30:_calendar,_jabber,_postfix
_scsd:*:31:
_ces:*:32:
_appstore:*:33:_appstore
utmp:*:45:
authedusers:*:50:
interactusers:*:51:
netusers:*:52:
consoleusers:*:53:
_mcxalr:*:54:
_appleevents:*:55:
_geod:*:56:
_devdocs:*:59:
_sandbox:*:60:
localaccounts:*:61:
netaccounts:*:62:
_mdnsresponder:*:65:
_uucp:*:66:
_ard:*:67:
dialer:*:68:
network:*:69:
_www:*:70:_devicemgr,_teamsserver
_eppc:*:71:_eppc
_cvs:*:72:
_svn:*:73:
_mysql:*:74:
_sshd:*:75:
_qtss:*:76:
_mailman:*:78:
_appserverusr:*:79:
admin:*:80:root
_appserveradm:*:81:
_clamav:*:82:
_amavisd:*:83:
_jabber:*:84:
_appowner:*:87:
_windowserver:*:88:
_spotlight:*:89:
accessibility:*:90:
_tokend:*:91:
_securityagent:*:92:
_calendar:*:93:_teamsserver
_teamsserver:*:94:_devicemgr
_update_sharing:*:95:
_installer:*:96:
_atsserver:*:97:
_lpadmin:*:98:
_unknown:*:99:
_lpoperator:*:100:
_softwareupdate:*:200:_softwareupdate
_guest:*:201:
_coreaudiod:*:202:
_screensaver:*:203:
_developer:*:204:
_locationd:*:205:
_detachedsig:*:207:_locationd
_trustevaluationagent:*:208:
_odchpass:*:209:_teamsserver
_timezone:*:210:
_lda:*:211:
_cvms:*:212:
_usbmuxd:*:213:
_postgres:*:216:_devicemgr,_calendar,_teamsserver,_xserverdocs
_devicemgr:*:220:
_webauthserver:*:221:_teamsserver,_devicemgr
_netbios:*:222:
_warmd:*:224:_warmd
_dovenull:*:227:
_netstatistics:*:228:
_assetcache:*:235:
_coremediaiod:*:236:
_launchservicesd:*:239:
_iconservices:*:240:
_distnote:*:241:
_nsurlsessiond:*:242:
_displaypolicyd:*:244:
_astris:*:245:
_gamecontrollerd:*:247:
_mbsetupuser:*:248:
_ondemand:*:249:
_analyticsusers:*:250:_analyticsd,_networkd,_timed,_reportmemoryexception,_mbsetupuser
_xserverdocs:*:251:
_wwwproxy:*:252:
_mobileasset:*:253:
_findmydevice:*:254:
_datadetectors:*:257:
_captiveagent:*:258:
_ctkd:*:259:
_applepay:*:260:
_hidd:*:261:
_cmiodalassistants:*:262:
_analyticsd:*:263:_analyticsd
_webdeveloper:*:264:
_fpsd:*:265:_fpsd
_timed:*:266:
_nearbyd:*:268:_nearbyd
_reportmemoryexception:*:269:_reportmemoryexception
_driverkit:*:270:_driverkit
_diskimagesiod:*:271:_diskimagesiod
_logd:*:272:_logd
_appinstalld:*:273:_appinstalld
_installcoordinationd:*:274:_installcoordinationd
_demod:*:275:_demod
_rmd:*:277:_rmd
_accessoryupdater:*:278:_accessoryupdater
_knowledgegraphd:*:279:_knowledgegraphd
_coreml:*:280:_coreml
_sntpd:*:281:_sntpd,_timed
_trustd:*:282:_trustd
_mmaintenanced:*:283:_mmaintenanced
_darwindaemon:*:284:_darwindaemon
_notification_proxy:*:285:
_avphidbridge:*:288:_avphidbridge
_biome:*:289:_biome
_backgroundassets:*:291:_backgroundassets
_mobilegestalthelper:*:293:
_audiomxd:*:294:
_terminusd:*:295:
_neuralengine:*:296:_neuralengine
_eligibilityd:*:297:_eligibilityd
com.apple.access_ftp:*:395:
com.apple.access_disabled:*:396:
com.apple.access_sessionkey:*:397:
com.apple.access_screensharing:*:398:
com.apple.access_ssh:*:399:
com.apple.access_remote_ae:*:400:
_oahd:*:441:_oahd#","no",,,"Security Policy","Cloud Agent, EricsPlaygroundAgents, Test for Sven, Test for Sven.1ddfe2aa-4a79-4155-87ca-da5c1830e92d, Test for Sven.275c0cc2-422a-4fbd-afb6-35a9338bab4a, TestEric, TestEric.00b1e415-6d3e-4c23-b103-9fe0e9dcd8c3, TestEric.dfe6ea77-f19a-457a-ac5e-164893add4ca"
"192.168.178.42","Global Default Network","mbp-von-eric.fritz.box","MBP-VON-ERIC","eda2e783-774f-4af0-b0e5-09957a4ac60b",,"QAGENT","macOS 14.5","host scanned, found vuln","105311","Last Successful User Login",,"Ig","2",,,,,"02/19/2024 21:53:30","06/18/2024 10:51:50","246",,,,,"eric       ttys000                         Mon Jun 17 21:31   still logged in#","no",,,"Security Policy","Cloud Agent, EricsPlaygroundAgents, Test for Sven, Test for Sven.1ddfe2aa-4a79-4155-87ca-da5c1830e92d, Test for Sven.275c0cc2-422a-4fbd-afb6-35a9338bab4a, TestEric, TestEric.00b1e415-6d3e-4c23-b103-9fe0e9dcd8c3, TestEric.dfe6ea77-f19a-457a-ac5e-164893add4ca"
"192.168.178.42","Global Default Network","mbp-von-eric.fritz.box","MBP-VON-ERIC","eda2e783-774f-4af0-b0e5-09957a4ac60b",,"QAGENT","macOS 14.5","host scanned, found vuln","105213","List of Valid Shells",,"Ig","2",,,,,"02/19/2024 21:53:30","06/18/2024 10:51:50","246",,,,,"/bin/bash
/bin/csh
/bin/dash
/bin/ksh
/bin/sh
/bin/tcsh
/bin/zsh#","no",,,"Security Policy","Cloud Agent, EricsPlaygroundAgents, Test for Sven, Test for Sven.1ddfe2aa-4a79-4155-87ca-da5c1830e92d, Test for Sven.275c0cc2-422a-4fbd-afb6-35a9338bab4a, TestEric, TestEric.00b1e415-6d3e-4c23-b103-9fe0e9dcd8c3, TestEric.dfe6ea77-f19a-457a-ac5e-164893add4ca"
"192.168.178.42","Global Default Network","mbp-von-eric.fritz.box","MBP-VON-ERIC","eda2e783-774f-4af0-b0e5-09957a4ac60b",,"QAGENT","macOS 14.5","host scanned, found vuln","105140","Unix Users With root GroupID",,"Ig","2",,,,,"02/19/2024 21:53:30","06/18/2024 10:51:50","246",,,,,"root#","no",,,"Security Policy","Cloud Agent, EricsPlaygroundAgents, Test for Sven, Test for Sven.1ddfe2aa-4a79-4155-87ca-da5c1830e92d, Test for Sven.275c0cc2-422a-4fbd-afb6-35a9338bab4a, TestEric, TestEric.00b1e415-6d3e-4c23-b103-9fe0e9dcd8c3, TestEric.dfe6ea77-f19a-457a-ac5e-164893add4ca"
"192.168.178.42","Global Default Network","mbp-von-eric.fritz.box","MBP-VON-ERIC","eda2e783-774f-4af0-b0e5-09957a4ac60b",,"QAGENT","macOS 14.5","host scanned, found vuln","105139","Unix Users With root UserID",,"Ig","2",,,,,"02/19/2024 21:53:30","06/18/2024 10:51:50","246",,,,,"root#","no",,,"Security Policy","Cloud Agent, EricsPlaygroundAgents, Test for Sven, Test for Sven.1ddfe2aa-4a79-4155-87ca-da5c1830e92d, Test for Sven.275c0cc2-422a-4fbd-afb6-35a9338bab4a, TestEric, TestEric.00b1e415-6d3e-4c23-b103-9fe0e9dcd8c3, TestEric.dfe6ea77-f19a-457a-ac5e-164893add4ca"
"192.168.178.42","Global Default Network","mbp-von-eric.fritz.box","MBP-VON-ERIC","eda2e783-774f-4af0-b0e5-09957a4ac60b",,"QAGENT","macOS 14.5","host scanned, found vuln","45017","Operating System Detected",,"Ig","2",,,,,"02/19/2024 21:53:30","06/18/2024 10:51:50","246",,,,,"macOS 14.5#","no",,,"Information gathering","Cloud Agent, EricsPlaygroundAgents, Test for Sven, Test for Sven.1ddfe2aa-4a79-4155-87ca-da5c1830e92d, Test for Sven.275c0cc2-422a-4fbd-afb6-35a9338bab4a, TestEric, TestEric.00b1e415-6d3e-4c23-b103-9fe0e9dcd8c3, TestEric.dfe6ea77-f19a-457a-ac5e-164893add4ca"
"192.168.178.42","Global Default Network","mbp-von-eric.fritz.box","MBP-VON-ERIC","eda2e783-774f-4af0-b0e5-09957a4ac60b",,"QAGENT","macOS 14.5","host scanned, found vuln","125004","Host File Information",,"Ig","1",,,,,"02/19/2024 21:53:30","06/18/2024 10:51:50","246",,,,,"##
# Host Database
#
# localhost is used to configure the loopback interface
# when the system is booting.  Do not change this entry.
##
127.0.0.1 localhost
255.255.255.255 broadcasthost
::1             localhost#","no",,,"Forensics","Cloud Agent, EricsPlaygroundAgents, Test for Sven, Test for Sven.1ddfe2aa-4a79-4155-87ca-da5c1830e92d, Test for Sven.275c0cc2-422a-4fbd-afb6-35a9338bab4a, TestEric, TestEric.00b1e415-6d3e-4c23-b103-9fe0e9dcd8c3, TestEric.dfe6ea77-f19a-457a-ac5e-164893add4ca"
"192.168.178.42","Global Default Network","mbp-von-eric.fritz.box","MBP-VON-ERIC","eda2e783-774f-4af0-b0e5-09957a4ac60b",,"QAGENT","macOS 14.5","host scanned, found vuln","124145","Unix Last Reboot Date and Time",,"Ig","1",,,,,"02/19/2024 21:53:30","06/18/2024 10:51:50","246",,,,,"'-e Last Reboot:  system boot Jun 17 09:48 
System on for last:  8:11 up 22:24, 2 users, load averages: 1.56 1.90 2.28#","no",,,"Local","Cloud Agent, EricsPlaygroundAgents, Test for Sven, Test for Sven.1ddfe2aa-4a79-4155-87ca-da5c1830e92d, Test for Sven.275c0cc2-422a-4fbd-afb6-35a9338bab4a, TestEric, TestEric.00b1e415-6d3e-4c23-b103-9fe0e9dcd8c3, TestEric.dfe6ea77-f19a-457a-ac5e-164893add4ca"
"192.168.178.42","Global Default Network","mbp-von-eric.fritz.box","MBP-VON-ERIC","eda2e783-774f-4af0-b0e5-09957a4ac60b",,"QAGENT","macOS 14.5","host scanned, found vuln","123816","Interface and IP Address List",,"Ig","1",,,,,"02/19/2024 21:53:30","06/18/2024 10:51:50","246",,,,,"lo0: flags=8049<UP,LOOPBACK,RUNNING,MULTICAST> mtu 16384
inet 127.0.0.1 netmask 0xff000000
inet6 ::1 prefixlen 128 
inet6 fe80::1%lo0 prefixlen 64 scopeid 0x1 
gif0: flags=8010<POINTOPOINT,MULTICAST> mtu 1280
stf0: flags=0<> mtu 1280
anpi0: flags=8863<UP,BROADCAST,SMART,RUNNING,SIMPLEX,MULTICAST> mtu 1500
ether 32:39:72:1d:63:9c
anpi2: flags=8863<UP,BROADCAST,SMART,RUNNING,SIMPLEX,MULTICAST> mtu 1500
ether 32:39:72:1d:63:9e
anpi1: flags=8863<UP,BROADCAST,SMART,RUNNING,SIMPLEX,MULTICAST> mtu 1500
ether 32:39:72:1d:63:9d
en4: flags=8863<UP,BROADCAST,SMART,RUNNING,SIMPLEX,MULTICAST> mtu 1500
ether 32:39:72:1d:63:7c
en5: flags=8863<UP,BROADCAST,SMART,RUNNING,SIMPLEX,MULTICAST> mtu 1500
ether 32:39:72:1d:63:7d
en6: flags=8863<UP,BROADCAST,SMART,RUNNING,SIMPLEX,MULTICAST> mtu 1500
ether 32:39:72:1d:63:7e
en1: flags=8963<UP,BROADCAST,SMART,RUNNING,PROMISC,SIMPLEX,MULTICAST> mtu 1500
ether 36:3b:63:45:62:40
en2: flags=8963<UP,BROADCAST,SMART,RUNNING,PROMISC,SIMPLEX,MULTICAST> mtu 1500
ether 36:3b:63:45:62:44
en3: flags=8963<UP,BROADCAST,SMART,RUNNING,PROMISC,SIMPLEX,MULTICAST> mtu 1500
ether 36:3b:63:45:62:48
bridge0: flags=8863<UP,BROADCAST,SMART,RUNNING,SIMPLEX,MULTICAST> mtu 1500
ether 36:3b:63:45:62:40
ap1: flags=8843<UP,BROADCAST,RUNNING,SIMPLEX,MULTICAST> mtu 1500
ether be:d0:74:18:55:1d
inet6 fe80::bcd0:74ff:fe18:551d%ap1 prefixlen 64 scopeid 0xe 
en0: flags=8863<UP,BROADCAST,SMART,RUNNING,SIMPLEX,MULTICAST> mtu 1500
ether bc:d0:74:18:55:1d
inet6 fe80::1826:736d:e0f8:eecb%en0 prefixlen 64 secured scopeid 0xf 
inet 192.168.178.42 netmask 0xffffff00 broadcast 192.168.178.255
inet6 2a02:8109:8337:8f00:1c8f:cac5:7a60:59e prefixlen 64 autoconf secured 
inet6 2a02:8109:8337:8f00:88e4:8653:39d9:3a86 prefixlen 64 autoconf temporary 
awdl0: flags=8802<BROADCAST,SIMPLEX,MULTICAST> mtu 1500
ether 56:e0:9f:32:d2:5e
inet6 fe80::54e0:9fff:fe32:d25e%awdl0 prefixlen 64 scopeid 0x10 
llw0: flags=8863<UP,BROADCAST,SMART,RUNNING,SIMPLEX,MULTICAST> mtu 1500
ether 56:e0:9f:32:d2:5e
inet6 fe80::54e0:9fff:fe32:d25e%llw0 prefixlen 64 scopeid 0x11 
utun0: flags=8051<UP,POINTOPOINT,RUNNING,MULTICAST> mtu 1500
inet6 fe80::a5a9:91d9:9e44:69e9%utun0 prefixlen 64 scopeid 0x12 
utun1: flags=8051<UP,POINTOPOINT,RUNNING,MULTICAST> mtu 1380
inet6 fe80::504d:31c8:156:24c3%utun1 prefixlen 64 scopeid 0x13 
utun2: flags=8051<UP,POINTOPOINT,RUNNING,MULTICAST> mtu 2000
inet6 fe80::307b:51c2:7598:333a%utun2 prefixlen 64 scopeid 0x14 
utun3: flags=8051<UP,POINTOPOINT,RUNNING,MULTICAST> mtu 1000
inet6 fe80::ce81:b1c:bd2c:69e%utun3 prefixlen 64 scopeid 0x15 
utun4: flags=8051<UP,POINTOPOINT,RUNNING,MULTICAST> mtu 1500
inet 10.0.3.162 --> 10.0.3.162 netmask 0xffffffe0#","no",,,"Local","Cloud Agent, EricsPlaygroundAgents, Test for Sven, Test for Sven.1ddfe2aa-4a79-4155-87ca-da5c1830e92d, Test for Sven.275c0cc2-422a-4fbd-afb6-35a9338bab4a, TestEric, TestEric.00b1e415-6d3e-4c23-b103-9fe0e9dcd8c3, TestEric.dfe6ea77-f19a-457a-ac5e-164893add4ca"
"192.168.178.42","Global Default Network","mbp-von-eric.fritz.box","MBP-VON-ERIC","eda2e783-774f-4af0-b0e5-09957a4ac60b",,"QAGENT","macOS 14.5","host scanned, found vuln","115562","Identification Tag of Target Host",,"Ig","1",,,,,"02/19/2024 21:53:30","06/18/2024 10:51:50","246",,,,,"Serial Number (system): WGFP7LRYRY#","no",,,"Local","Cloud Agent, EricsPlaygroundAgents, Test for Sven, Test for Sven.1ddfe2aa-4a79-4155-87ca-da5c1830e92d, Test for Sven.275c0cc2-422a-4fbd-afb6-35a9338bab4a, TestEric, TestEric.00b1e415-6d3e-4c23-b103-9fe0e9dcd8c3, TestEric.dfe6ea77-f19a-457a-ac5e-164893add4ca"
"192.168.178.42","Global Default Network","mbp-von-eric.fritz.box","MBP-VON-ERIC","eda2e783-774f-4af0-b0e5-09957a4ac60b",,"QAGENT","macOS 14.5","host scanned, found vuln","115068","daemon.notice Entry Missing in syslog.conf",,"Ig","1",,,,,"02/19/2024 21:53:30","06/18/2024 10:51:50","246",,,,,"install.*      @127.0.0.1:32376#","no",,,"Local","Cloud Agent, EricsPlaygroundAgents, Test for Sven, Test for Sven.1ddfe2aa-4a79-4155-87ca-da5c1830e92d, Test for Sven.275c0cc2-422a-4fbd-afb6-35a9338bab4a, TestEric, TestEric.00b1e415-6d3e-4c23-b103-9fe0e9dcd8c3, TestEric.dfe6ea77-f19a-457a-ac5e-164893add4ca"
"192.168.178.42","Global Default Network","mbp-von-eric.fritz.box","MBP-VON-ERIC","eda2e783-774f-4af0-b0e5-09957a4ac60b",,"QAGENT","macOS 14.5","host scanned, found vuln","115065","cron.allow File Does Not Exist",,"Ig","1",,,,,"02/19/2024 21:53:30","06/18/2024 10:51:50","246",,,,,,"no",,,"Local","Cloud Agent, EricsPlaygroundAgents, Test for Sven, Test for Sven.1ddfe2aa-4a79-4155-87ca-da5c1830e92d, Test for Sven.275c0cc2-422a-4fbd-afb6-35a9338bab4a, TestEric, TestEric.00b1e415-6d3e-4c23-b103-9fe0e9dcd8c3, TestEric.dfe6ea77-f19a-457a-ac5e-164893add4ca"
"192.168.178.42","Global Default Network","mbp-von-eric.fritz.box","MBP-VON-ERIC","eda2e783-774f-4af0-b0e5-09957a4ac60b",,"QAGENT","macOS 14.5","host scanned, found vuln","115064","cron.deny File Does Not Exist",,"Ig","1",,,,,"02/19/2024 21:53:30","06/18/2024 10:51:50","246",,,,,,"no",,,"Local","Cloud Agent, EricsPlaygroundAgents, Test for Sven, Test for Sven.1ddfe2aa-4a79-4155-87ca-da5c1830e92d, Test for Sven.275c0cc2-422a-4fbd-afb6-35a9338bab4a, TestEric, TestEric.00b1e415-6d3e-4c23-b103-9fe0e9dcd8c3, TestEric.dfe6ea77-f19a-457a-ac5e-164893add4ca"
"192.168.178.42","Global Default Network","mbp-von-eric.fritz.box","MBP-VON-ERIC","eda2e783-774f-4af0-b0e5-09957a4ac60b",,"QAGENT","macOS 14.5","host scanned, found vuln","115049","Memory Information",,"Ig","1",,,,,"02/19/2024 21:53:30","06/18/2024 10:51:50","246",,,,,"Mach Virtual Memory Statistics: (page size of 16384 bytes)
Pages free:                               14717.
Pages active:                            279086.
Pages inactive:                          279692.
Pages speculative:                         2511.
Pages throttled:                              0.
Pages wired down:                        107784.
Pages purgeable:                           3801.
""Translation faults"":                 325932964.
Pages copy-on-write:                   22510447.
Pages zero filled:                    115658176.
Pages reactivated:                      7034122.
Pages purged:                           1377466.
File-backed pages:                       177722.
Anonymous pages:                         383567.
Pages stored in compressor:              754353.
Pages occupied by compressor:            325426.
Decompressions:                         5703859.
Compressions:                           7911038.
Pageins:                                2607852.
Pageouts:                                 54730.
Swapins:                                      0.
Swapouts:                                     0.#","no",,,"Local","Cloud Agent, EricsPlaygroundAgents, Test for Sven, Test for Sven.1ddfe2aa-4a79-4155-87ca-da5c1830e92d, Test for Sven.275c0cc2-422a-4fbd-afb6-35a9338bab4a, TestEric, TestEric.00b1e415-6d3e-4c23-b103-9fe0e9dcd8c3, TestEric.dfe6ea77-f19a-457a-ac5e-164893add4ca"
"192.168.178.42","Global Default Network","mbp-von-eric.fritz.box","MBP-VON-ERIC","eda2e783-774f-4af0-b0e5-09957a4ac60b",,"QAGENT","macOS 14.5","host scanned, found vuln","115048","Processor Information for Unix Target",,"Ig","1",,,,,"02/19/2024 21:53:30","06/18/2024 10:51:50","246",,,,,"machdep.cpu.cores_per_package: 8
machdep.cpu.core_count: 8
machdep.cpu.logical_per_package: 8
machdep.cpu.thread_count: 8
machdep.cpu.brand_string: Apple M1 Pro#","no",,,"Local","Cloud Agent, EricsPlaygroundAgents, Test for Sven, Test for Sven.1ddfe2aa-4a79-4155-87ca-da5c1830e92d, Test for Sven.275c0cc2-422a-4fbd-afb6-35a9338bab4a, TestEric, TestEric.00b1e415-6d3e-4c23-b103-9fe0e9dcd8c3, TestEric.dfe6ea77-f19a-457a-ac5e-164893add4ca"
"192.168.178.42","Global Default Network","mbp-von-eric.fritz.box","MBP-VON-ERIC","eda2e783-774f-4af0-b0e5-09957a4ac60b",,"QAGENT","macOS 14.5","host scanned, found vuln","115046","Disk Usage Information",,"Ig","1",,,,,"02/19/2024 21:53:30","06/18/2024 10:51:50","246",,,,,"Filesystem                                   512-blocks      Used Available Capacity iused      ifree %iused  Mounted on
/dev/disk3s1s1                                965595304  20052776 700215816     3%  404167 3501079080    0%   /
devfs                                               394       394         0   100%     684          0  100%   /dev
/dev/disk3s6                                  965595304        40 700215816     1%       0 3501079080    0%   /System/Volumes/VM
/dev/disk3s2                                  965595304  12100840 700215816     2%    1198 3501079080    0%   /System/Volumes/Preboot
/dev/disk3s4                                  965595304    177760 700215816     1%      52 3501079080    0%   /System/Volumes/Update
/dev/disk1s2                                    1024000     12328    984784     2%       1    4923920    0%   /System/Volumes/xarts
/dev/disk1s1                                    1024000     12624    984784     2%      32    4923920    0%   /System/Volumes/iSCPreboot
/dev/disk1s3                                    1024000      4544    984784     1%      52    4923920    0%   /System/Volumes/Hardware
/dev/disk3s5                                  965595304 230898680 700215816    25% 1160547 3501079080    0%   /System/Volumes/Data
map auto_home                                         0         0         0   100%       0          0     -   /System/Volumes/Data/home
/Users/eric/Downloads/Visual Studio Code.app  965595304 229914216 701200272    25% 1126392 3506001360    0%   /private/var/folders/vg/0k_ysk290tg0zwsk16nmfprm0000gn/T/AppTranslocation/942438F2-A49E-40DA-B702-46E21903C5F6#","no",,,"Local","Cloud Agent, EricsPlaygroundAgents, Test for Sven, Test for Sven.1ddfe2aa-4a79-4155-87ca-da5c1830e92d, Test for Sven.275c0cc2-422a-4fbd-afb6-35a9338bab4a, TestEric, TestEric.00b1e415-6d3e-4c23-b103-9fe0e9dcd8c3, TestEric.dfe6ea77-f19a-457a-ac5e-164893add4ca"
"192.168.178.42","Global Default Network","mbp-von-eric.fritz.box","MBP-VON-ERIC","eda2e783-774f-4af0-b0e5-09957a4ac60b",,"QAGENT","macOS 14.5","host scanned, found vuln","115041","Unix Environment Variables",,"Ig","1",,,,,"02/19/2024 21:53:30","06/18/2024 10:51:50","246",,,,,"PATH=/usr/bin:/bin:/usr/sbin:/sbin
PWD=/
LANG=en_US.utf8
SHLVL=1
_=/usr/bin/env#","no",,,"Local","Cloud Agent, EricsPlaygroundAgents, Test for Sven, Test for Sven.1ddfe2aa-4a79-4155-87ca-da5c1830e92d, Test for Sven.275c0cc2-422a-4fbd-afb6-35a9338bab4a, TestEric, TestEric.00b1e415-6d3e-4c23-b103-9fe0e9dcd8c3, TestEric.dfe6ea77-f19a-457a-ac5e-164893add4ca"
"192.168.178.42","Global Default Network","mbp-von-eric.fritz.box","MBP-VON-ERIC","eda2e783-774f-4af0-b0e5-09957a4ac60b",,"QAGENT","macOS 14.5","host scanned, found vuln","105085","Unix User List",,"Ig","1",,,,,"02/19/2024 21:53:30","06/18/2024 10:51:50","246",,,,,"##:
# User Database:
# :
# Note that this file is consulted directly only when the system is running:
# in single-user mode.  At other times this information is provided by:
# Open Directory.:
#:
# See the opendirectoryd(8) man page for additional information about:
# Open Directory.:
##:
nobody:-2
root:0
daemon:1
_uucp:4
_taskgated:13
_networkd:24
_installassistant:25
_lp:26
_postfix:27
_scsd:31
_ces:32
_appstore:33
_mcxalr:54
_appleevents:55
_geod:56
_devdocs:59
_sandbox:60
_mdnsresponder:65
_ard:67
_www:70
_eppc:71
_cvs:72
_svn:73
_mysql:74
_sshd:75
_qtss:76
_cyrus:77
_mailman:78
_appserver:79
_clamav:82
_amavisd:83
_jabber:84
_appowner:87
_windowserver:88
_spotlight:89
_tokend:91
_securityagent:92
_calendar:93
_teamsserver:94
_update_sharing:95
_installer:96
_atsserver:97
_ftp:98
_unknown:99
_softwareupdate:200
_coreaudiod:202
_screensaver:203
_locationd:205
_trustevaluationagent:208
_timezone:210
_lda:211
_cvmsroot:212
_usbmuxd:213
_dovecot:214
_dpaudio:215
_postgres:216
_krbtgt:217
_kadmin_admin:218
_kadmin_changepw:219
_devicemgr:220
_webauthserver:221
_netbios:222
_warmd:224
_dovenull:227
_netstatistics:228
_avbdeviced:229
_krb_krbtgt:230
_krb_kadmin:231
_krb_changepw:232
_krb_kerberos:233
_krb_anonymous:234
_assetcache:235
_coremediaiod:236
_launchservicesd:239
_iconservices:240
_distnote:241
_nsurlsessiond:242
_displaypolicyd:244
_astris:245
_krbfast:246
_gamecontrollerd:247
_mbsetupuser:248
_ondemand:249
_xserverdocs:251
_wwwproxy:252
_mobileasset:253
_findmydevice:254
_datadetectors:257
_captiveagent:258
_ctkd:259
_applepay:260
_hidd:261
_cmiodalassistants:262
_analyticsd:263
_fpsd:265
_timed:266
_nearbyd:268
_reportmemoryexception:269
_driverkit:270
_diskimagesiod:271
_logd:272
_appinstalld:273
_installcoordinationd:274
_demod:275
_rmd:277
_accessoryupdater:278
_knowledgegraphd:279
_coreml:280
_sntpd:281
_trustd:282
_mmaintenanced:283
_darwindaemon:284
_notification_proxy:285
_avphidbridge:288
_biome:289
_backgroundassets:291
_mobilegestalthelper:293
_audiomxd:294
_terminusd:295
_neuralengine:296
_eligibilityd:297
_oahd:441#","no",,,"Security Policy","Cloud Agent, EricsPlaygroundAgents, Test for Sven, Test for Sven.1ddfe2aa-4a79-4155-87ca-da5c1830e92d, Test for Sven.275c0cc2-422a-4fbd-afb6-35a9338bab4a, TestEric, TestEric.00b1e415-6d3e-4c23-b103-9fe0e9dcd8c3, TestEric.dfe6ea77-f19a-457a-ac5e-164893add4ca"
"192.168.178.42","Global Default Network","mbp-von-eric.fritz.box","MBP-VON-ERIC","eda2e783-774f-4af0-b0e5-09957a4ac60b",,"QAGENT","macOS 14.5","host scanned, found vuln","91074","Operating System's Install Date and Time",,"Ig","1",,,,,"02/19/2024 21:53:30","06/18/2024 10:51:50","246",,,,,"MacOS Operating System Install Date: 
May 24 17:59:30 2024#","no",,,"Windows","Cloud Agent, EricsPlaygroundAgents, Test for Sven, Test for Sven.1ddfe2aa-4a79-4155-87ca-da5c1830e92d, Test for Sven.275c0cc2-422a-4fbd-afb6-35a9338bab4a, TestEric, TestEric.00b1e415-6d3e-4c23-b103-9fe0e9dcd8c3, TestEric.dfe6ea77-f19a-457a-ac5e-164893add4ca"
"192.168.178.42","Global Default Network","mbp-von-eric.fritz.box","MBP-VON-ERIC","eda2e783-774f-4af0-b0e5-09957a4ac60b",,"QAGENT","macOS 14.5","host scanned, found vuln","48232","List of Installed Packages Detected via Brew",,"Ig","1",,,,,"02/19/2024 21:53:30","06/18/2024 10:51:50","246",,,,,"gettext 0.22.2
git 2.42.0
jq 1.6
oniguruma 6.9.8
p7zip 17.05
pcre2 10.42#","no",,,"Information gathering","Cloud Agent, EricsPlaygroundAgents, Test for Sven, Test for Sven.1ddfe2aa-4a79-4155-87ca-da5c1830e92d, Test for Sven.275c0cc2-422a-4fbd-afb6-35a9338bab4a, TestEric, TestEric.00b1e415-6d3e-4c23-b103-9fe0e9dcd8c3, TestEric.dfe6ea77-f19a-457a-ac5e-164893add4ca"
"192.168.178.42","Global Default Network","mbp-von-eric.fritz.box","MBP-VON-ERIC","eda2e783-774f-4af0-b0e5-09957a4ac60b",,"QAGENT","macOS 14.5","host scanned, found vuln","45620","Apple macOS Calendar Details",,"Ig","1",,,,,"04/26/2024 11:05:45","06/18/2024 10:51:50","108",,,,,"en_US#","no",,,"Information gathering","Cloud Agent, EricsPlaygroundAgents, Test for Sven, Test for Sven.1ddfe2aa-4a79-4155-87ca-da5c1830e92d, Test for Sven.275c0cc2-422a-4fbd-afb6-35a9338bab4a, TestEric, TestEric.00b1e415-6d3e-4c23-b103-9fe0e9dcd8c3, TestEric.dfe6ea77-f19a-457a-ac5e-164893add4ca"
"192.168.178.42","Global Default Network","mbp-von-eric.fritz.box","MBP-VON-ERIC","eda2e783-774f-4af0-b0e5-09957a4ac60b",,"QAGENT","macOS 14.5","host scanned, found vuln","45594","MacOS Running Processes",,"Ig","1",,,,,"05/28/2024 20:03:39","06/18/2024 10:51:50","40",,,,,"User	PID	CPU	MEM	VSZ	RSS	TTY	STAT	ETIME	START	TIME	COMMAND	InstallPath	PackageName	Version	
eric	138	0.0	0.7	1596550928	123680	??	S	15:16:38	Mon Jun 17 17:32:29 2024	2:02.35	/Applications/Google_Chrome.app/Contents/Frameworks/Google_Chrome_Framework.framework/Versions/125.0.6422.142/Helpers/Google_Chrome_Helper_(Renderer).app/Contents/MacOS/Google	/Applications/Google Chrome.app	Chrome	126.0.6478.61	
eric	379	0.1	0.3	412026608	51344	??	Ss	23:00:50	Mon Jun 17 09:48:17 2024	0:22.28	/System/Library/CoreServices/loginwindow.app/Contents/MacOS/loginwindow_console	/System/Library/CoreServices/loginwindow.app	loginwindow	9.0	
_softwareupdate	507	0.0	0.1	414768768	23520	??	Ss	23:00:47	Mon Jun 17 09:48:20 2024	0:12.09	/System/Library/CoreServices/Software_Update.app/Contents/Resources/softwareupdated	/System/Library/CoreServices/Software Update.app	Software Update	6	
root	535	0.0	0.1	410333232	8576	??	Ss	23:00:46	Mon Jun 17 09:48:21 2024	0:00.05	/System/Library/CoreServices/Software_Update.app/Contents/Resources/suhelperd	/System/Library/CoreServices/Software Update.app	Software Update	6	
root	538	0.0	0.2	411778144	30208	??	Ss	23:00:46	Mon Jun 17 09:48:21 2024	0:08.01	/Applications/QualysCloudAgent.app/Contents/MacOS/qualys-cloud-agent	/Applications/QualysCloudAgent.app	Qualys Cloud Agent	5.5.0-17	
eric	554	0.0	0.2	411907328	26080	??	S	23:00:46	Mon Jun 17 09:48:21 2024	0:00.85	/System/Library/CoreServices/CoreServicesUIAgent.app/Contents/MacOS/CoreServicesUIAgent	/System/Library/CoreServices/CoreServicesUIAgent.app	CoreServicesUIAgent	369	
eric	560	0.0	0.2	411776576	27824	??	S	23:00:46	Mon Jun 17 09:48:21 2024	0:56.79	/System/Library/CoreServices/WindowManager.app/Contents/MacOS/WindowManager	/System/Library/CoreServices/WindowManager.app	WindowManager	175.106	
eric	561	0.0	0.1	410386848	16464	??	S	23:00:46	Mon Jun 17 09:48:21 2024	0:00.28	/System/Library/PrivateFrameworks/BackgroundTaskManagement.framework/Support/BackgroundTaskManagementAgent.app/Contents/MacOS/BackgroundTaskManagementAgent	/System/Library/PrivateFrameworks/BackgroundTaskManagement.framework/Support/BackgroundTaskManagementAgent.app	BackgroundTaskManagementAgent	1.0	
eric	569	0.0	0.9	1589184848	158416	??	S	23:00:46	Mon Jun 17 09:48:21 2024	6:47.60	/Applications/Slack.app/Contents/MacOS/Slack	/Applications/Slack.app	Slack	4.34.121	
eric	576	0.3	2.2	445160480	374896	??	S	23:00:46	Mon Jun 17 09:48:21 2024	18:26.99	/Applications/Google_Chrome.app/Contents/MacOS/Google_Chrome	/Applications/Google Chrome.app	Chrome	126.0.6478.61	
eric	586	0.0	0.1	410495472	23488	??	S	23:00:46	Mon Jun 17 09:48:21 2024	0:11.29	/System/Library/CoreServices/WiFiAgent.app/Contents/MacOS/WiFiAgent	/System/Library/CoreServices/WiFiAgent.app	WiFiAgent	17.0	
eric	598	0.0	0.2	410393920	38720	??	S	23:00:45	Mon Jun 17 09:48:22 2024	0:07.26	/System/Library/PrivateFrameworks/IDS.framework/identityservicesd.app/Contents/MacOS/identityservicesd	/System/Library/PrivateFrameworks/IDS.framework/identityservicesd.app	identityservicesd	10.0	
eric	599	0.0	0.1	410503776	20864	??	S	23:00:45	Mon Jun 17 09:48:22 2024	0:01.38	/System/Library/CoreServices/CoreLocationAgent.app/Contents/MacOS/CoreLocationAgent	/System/Library/CoreServices/CoreLocationAgent.app	CoreLocationAgent	2890.16.16	
eric	601	0.0	0.3	411980608	44304	??	S	23:00:45	Mon Jun 17 09:48:22 2024	0:30.56	/System/Library/CoreServices/NotificationCenter.app/Contents/MacOS/NotificationCenter	/System/Library/CoreServices/NotificationCenter.app	NotificationCenter	1.0	
eric	605	0.4	1.2	417529968	208576	??	S	23:00:45	Mon Jun 17 09:48:22 2024	6:38.38	/Applications/Microsoft_Outlook.app/Contents/MacOS/Microsoft_Outlook	/Applications/Microsoft Outlook.app	Outlook	16.86	
eric	606	0.0	0.6	412424736	105312	??	S	23:00:45	Mon Jun 17 09:48:22 2024	1:00.14	/System/Applications/Notes.app/Contents/MacOS/Notes	/System/Applications/Notes.app	Notes	4.11	
eric	607	0.0	0.1	35493408	15196	??	S	23:00:45	Mon Jun 17 09:48:22 2024	8:33.14	/Applications/VIP_Access.app/Contents/MacOS/VIP_Access	/Applications/VIP Access.app	VIP Access	1.0.7	
eric	610	0.3	0.3	35777204	56316	??	S	23:00:45	Mon Jun 17 09:48:22 2024	4:20.61	/Applications/AWS_VPN_Client/AWS_VPN_Client.app/Contents/MacOS/AWS_VPN_Client	/Applications/AWS VPN Client/AWS VPN Client.app	AWS VPN Client	3.7.0	
eric	612	0.2	1.1	445171056	176736	??	S	23:00:45	Mon Jun 17 09:48:22 2024	6:35.38	/Applications/Spotify.app/Contents/MacOS/Spotify	/Applications/Spotify.app	Spotify	1.2.39.578.g0ea3f38b	
eric	615	0.0	0.3	412205088	51808	??	S	23:00:45	Mon Jun 17 09:48:22 2024	0:03.09	/System/Applications/Utilities/Terminal.app/Contents/MacOS/Terminal	/System/Applications/Utilities/Terminal.app	Terminal	2.14	
eric	616	0.0	0.2	411859024	31584	??	S	23:00:45	Mon Jun 17 09:48:22 2024	0:12.14	/System/Library/CoreServices/Dock.app/Contents/MacOS/Dock	/System/Library/CoreServices/Dock.app	Dock	1.8	
eric	619	0.0	0.4	412029056	65008	??	S	23:00:45	Mon Jun 17 09:48:22 2024	0:56.64	/System/Library/CoreServices/ControlCenter.app/Contents/MacOS/ControlCenter	/System/Library/CoreServices/ControlCenter.app	ControlCenter	1.0	
eric	620	0.0	0.1	411870672	18800	??	S	23:00:45	Mon Jun 17 09:48:22 2024	0:00.33	/System/Library/CoreServices/SystemUIServer.app/Contents/MacOS/SystemUIServer	/System/Library/CoreServices/SystemUIServer.app	SystemUIServer	1.7	
eric	622	0.0	0.5	412136736	82048	??	S	23:00:45	Mon Jun 17 09:48:22 2024	0:43.86	/System/Library/CoreServices/Finder.app/Contents/MacOS/Finder	/System/Library/CoreServices/Finder.app	Finder	14.5	
eric	628	0.0	0.1	411787648	20400	??	S	23:00:45	Mon Jun 17 09:48:22 2024	0:00.76	/System/Library/CoreServices/WallpaperAgent.app/Contents/MacOS/WallpaperAgent	/System/Library/CoreServices/WallpaperAgent.app	WallpaperAgent	1.0	
eric	654	0.0	0.1	410363424	14064	??	S	23:00:45	Mon Jun 17 09:48:22 2024	0:00.26	/System/Library/PrivateFrameworks/SocialLayer.framework/sociallayerd.app/Contents/MacOS/sociallayerd	/System/Library/PrivateFrameworks/SocialLayer.framework/sociallayerd.app	sociallayerd	1.0	
eric	659	0.0	0.1	410417904	22864	??	Ss	23:00:44	Mon Jun 17 09:48:23 2024	0:01.71	/System/Applications/Calendar.app/Contents/PlugIns/CalendarWidgetExtension.appex/Contents/MacOS/CalendarWidgetExtension	/System/Applications/Calendar.app	Calendar	14.0	
eric	669	0.0	0.0	443712624	5120	??	S	23:00:44	Mon Jun 17 09:48:23 2024	0:00.06	/Applications/Google_Chrome.app/Contents/Frameworks/Google_Chrome_Framework.framework/Versions/125.0.6422.142/Helpers/chrome_crashpad_handler	/Applications/Google Chrome.app	Chrome	126.0.6478.61	
eric	671	0.0	0.3	410481632	51760	??	Ss	23:00:44	Mon Jun 17 09:48:23 2024	0:06.32	/System/Library/CoreServices/Screen_Time.app/Contents/PlugIns/ScreenTimeWidgetExtension.appex/Contents/MacOS/ScreenTimeWidgetExtension	/System/Library/CoreServices/Screen Time.app	Screen Time	3.0	
eric	679	0.0	0.1	411740960	17472	??	S	23:00:44	Mon Jun 17 09:48:23 2024	0:00.40	/System/Library/PrivateFrameworks/AppSSO.framework/Support/AppSSOAgent.app/Contents/MacOS/AppSSOAgent	/System/Library/PrivateFrameworks/AppSSO.framework/Support/AppSSOAgent.app	AppSSOAgent	1.0	
eric	690	0.0	0.2	410370464	27568	??	S	23:00:43	Mon Jun 17 09:48:24 2024	0:20.17	/System/Library/PrivateFrameworks/IMCore.framework/imagent.app/Contents/MacOS/imagent	/System/Library/PrivateFrameworks/IMCore.framework/imagent.app	imagent	10.0	
eric	694	0.0	0.3	410600832	52256	??	Ss	23:00:43	Mon Jun 17 09:48:24 2024	0:03.22	/System/Applications/Weather.app/Contents/PlugIns/WeatherWidget.appex/Contents/MacOS/WeatherWidget	/System/Applications/Weather.app	Weather	4.2.2	
eric	697	0.0	0.8	445710608	130608	??	S	23:00:43	Mon Jun 17 09:48:24 2024	23:19.77	/Applications/Google_Chrome.app/Contents/Frameworks/Google_Chrome_Framework.framework/Versions/125.0.6422.142/Helpers/Google_Chrome_Helper_(GPU).app/Contents/MacOS/Google	/Applications/Google Chrome.app	Chrome	126.0.6478.61	
eric	698	3.9	0.6	444507616	98400	??	S	23:00:43	Mon Jun 17 09:48:24 2024	5:35.25	/Applications/Google_Chrome.app/Contents/Frameworks/Google_Chrome_Framework.framework/Versions/125.0.6422.142/Helpers/Google_Chrome_Helper.app/Contents/MacOS/Google_Chrome_Helper_--type=utility	/Applications/Google Chrome.app	Chrome	126.0.6478.61	
eric	714	0.0	0.1	411743728	23696	??	S	23:00:43	Mon Jun 17 09:48:24 2024	0:00.59	/System/Library/CoreServices/UIKitSystem.app/Contents/MacOS/UIKitSystem_system_app_start	/System/Library/CoreServices/UIKitSystem.app	UIKitSystem	1.0	
eric	729	0.0	0.7	412725808	123680	??	S	23:00:42	Mon Jun 17 09:48:25 2024	0:53.70	/System/Library/CoreServices/Spotlight.app/Contents/MacOS/Spotlight	/System/Library/CoreServices/Spotlight.app	Spotlight	1.0	
eric	734	0.0	0.1	410395008	15376	??	Ss	23:00:42	Mon Jun 17 09:48:25 2024	0:02.78	/System/Library/Input_Methods/PressAndHold.app/Contents/PlugIns/PAH_Extension.appex/Contents/MacOS/PAH_Extension	/System/Library/Input Methods/PressAndHold.app	PressAndHold	1.0	
eric	748	0.0	0.1	410387680	21104	??	S	23:00:41	Mon Jun 17 09:48:26 2024	0:00.27	/System/Library/CoreServices/Keychain_Circle_Notification.app/Contents/MacOS/Keychain_Circle_Notification	/System/Library/CoreServices/Keychain Circle Notification.app	Keychain Circle Notification	1.0	
eric	755	0.0	0.3	444134944	51136	??	S	23:00:40	Mon Jun 17 09:48:27 2024	0:37.67	/Applications/Google_Chrome.app/Contents/Frameworks/Google_Chrome_Framework.framework/Versions/125.0.6422.142/Helpers/Google_Chrome_Helper.app/Contents/MacOS/Google_Chrome_Helper_--type=utility	/Applications/Google Chrome.app	Chrome	126.0.6478.61	
eric	759	0.0	0.8	1596556672	126368	??	S	23:00:40	Mon Jun 17 09:48:27 2024	2:23.05	/Applications/Google_Chrome.app/Contents/Frameworks/Google_Chrome_Framework.framework/Versions/125.0.6422.142/Helpers/Google_Chrome_Helper_(Renderer).app/Contents/MacOS/Google	/Applications/Google Chrome.app	Chrome	126.0.6478.61	
eric	769	0.0	0.4	411921184	69744	??	S	23:00:40	Mon Jun 17 09:48:27 2024	17:02.32	/Applications/Slack.app/Contents/Frameworks/Slack_Helper_(GPU).app/Contents/MacOS/Slack	/Applications/Slack.app	Slack	4.34.121	
eric	770	0.0	0.2	411556624	39216	??	S	23:00:40	Mon Jun 17 09:48:27 2024	1:02.59	/Applications/Slack.app/Contents/Frameworks/Slack_Helper.app/Contents/MacOS/Slack_Helper_--type=utility	/Applications/Slack.app	Slack	4.34.121	
eric	777	0.1	2.7	1601541152	449088	??	S	23:00:39	Mon Jun 17 09:48:28 2024	58:18.19	/Applications/Slack.app/Contents/Frameworks/Slack_Helper_(Renderer).app/Contents/MacOS/Slack	/Applications/Slack.app	Slack	4.34.121	
eric	818	0.0	0.1	444359168	20944	??	S	23:00:37	Mon Jun 17 09:48:30 2024	0:00.11	/Applications/Spotify.app/Contents/Frameworks/Spotify_Helper.app/Contents/MacOS/Spotify_Helper_--monitor-self-annotation=ptype=crashpad-handler	/Applications/Spotify.app	Spotify	1.2.39.578.g0ea3f38b	
eric	824	0.0	0.3	445073968	52416	??	S	23:00:37	Mon Jun 17 09:48:30 2024	2:07.31	/Applications/Spotify.app/Contents/Frameworks/Spotify_Helper_(GPU).app/Contents/MacOS/Spotify	/Applications/Spotify.app	Spotify	1.2.39.578.g0ea3f38b	
eric	825	0.0	0.3	444676800	50816	??	S	23:00:37	Mon Jun 17 09:48:30 2024	0:43.48	/Applications/Spotify.app/Contents/Frameworks/Spotify_Helper.app/Contents/MacOS/Spotify_Helper_--type=utility	/Applications/Spotify.app	Spotify	1.2.39.578.g0ea3f38b	
eric	826	0.0	0.2	444478448	31904	??	S	23:00:37	Mon Jun 17 09:48:30 2024	0:04.99	/Applications/Spotify.app/Contents/Frameworks/Spotify_Helper.app/Contents/MacOS/Spotify_Helper_--type=utility	/Applications/Spotify.app	Spotify	1.2.39.578.g0ea3f38b	
eric	829	0.0	1.4	461852272	237376	??	S	23:00:37	Mon Jun 17 09:48:30 2024	11:10.58	/Applications/Spotify.app/Contents/Frameworks/Spotify_Helper_(Renderer).app/Contents/MacOS/Spotify	/Applications/Spotify.app	Spotify	1.2.39.578.g0ea3f38b	
eric	1376	1.5	2.1	1601740672	349984	??	S	23:00:34	Mon Jun 17 09:48:33 2024	12:52.22	/Applications/Google_Chrome.app/Contents/Frameworks/Google_Chrome_Framework.framework/Versions/125.0.6422.142/Helpers/Google_Chrome_Helper_(Renderer).app/Contents/MacOS/Google	/Applications/Google Chrome.app	Chrome	126.0.6478.61	
eric	1455	0.0	0.9	1596529648	148176	??	S	03:13:58	Tue Jun 18 05:35:09 2024	0:00.36	/Applications/Google_Chrome.app/Contents/Frameworks/Google_Chrome_Framework.framework/Versions/125.0.6422.142/Helpers/Google_Chrome_Helper_(Renderer).app/Contents/MacOS/Google	/Applications/Google Chrome.app	Chrome	126.0.6478.61	
eric	1505	0.0	0.1	411631904	13920	??	S	23:00:31	Mon Jun 17 09:48:36 2024	0:00.24	/System/Library/CoreServices/AirPlayUIAgent.app/Contents/MacOS/AirPlayUIAgent_--launchd	/System/Library/CoreServices/AirPlayUIAgent.app	AirPlayUIAgent	2.0	
eric	1509	0.0	0.1	411776176	21888	??	S	23:00:31	Mon Jun 17 09:48:36 2024	0:02.38	/System/Library/CoreServices/TextInputMenuAgent.app/Contents/MacOS/TextInputMenuAgent	/System/Library/CoreServices/TextInputMenuAgent.app	TextInputMenuAgent	1.0	
eric	1512	0.0	0.1	410412640	19904	??	S	23:00:31	Mon Jun 17 09:48:36 2024	0:03.02	/System/Library/CoreServices/TextInputSwitcher.app/Contents/MacOS/TextInputSwitcher	/System/Library/CoreServices/TextInputSwitcher.app	TextInputSwitcher	1.1	
eric	1517	0.0	0.2	412036272	32448	??	S	23:00:30	Mon Jun 17 09:48:37 2024	0:09.64	/Applications/Shottr.app/Contents/MacOS/Shottr	/Applications/Shottr.app	Shottr	1.6.2	
eric	1523	0.0	0.1	411894448	19328	??	S	23:00:29	Mon Jun 17 09:48:38 2024	0:00.28	/Applications/QualysCloudAgent.app/Contents/MacOS/QualysCloudAgent	/Applications/QualysCloudAgent.app	Qualys Cloud Agent	5.5.0-17	
eric	1524	0.0	0.3	444318128	42784	??	S	23:00:28	Mon Jun 17 09:48:39 2024	0:18.21	/Applications/Google_Chrome.app/Contents/Frameworks/Google_Chrome_Framework.framework/Versions/125.0.6422.142/Helpers/Google_Chrome_Helper.app/Contents/MacOS/Google_Chrome_Helper_--type=utility	/Applications/Google Chrome.app	Chrome	126.0.6478.61	
eric	1548	0.0	0.1	410496176	19424	??	S	23:00:21	Mon Jun 17 09:48:46 2024	0:00.32	/System/Library/PrivateFrameworks/SoftwareUpdate.framework/Resources/SoftwareUpdateNotificationManager.app/Contents/MacOS/SoftwareUpdateNotificationManager	/System/Library/PrivateFrameworks/SoftwareUpdate.framework/Resources/SoftwareUpdateNotificationManager.app	SoftwareUpdateNotificationManager	1.0	
root	1559	0.0	0.0	410308800	7984	??	Ss	23:00:17	Mon Jun 17 09:48:50 2024	0:05.31	/Library/Apple/System/Library/CoreServices/XProtect.app/Contents/XPCServices/XProtectPluginService.xpc/Contents/MacOS/XProtectPluginService	/Library/Apple/System/Library/CoreServices/XProtect.app	XProtect	135	
root	1571	0.0	0.1	411766112	14352	??	Ss	23:00:14	Mon Jun 17 09:48:53 2024	0:00.53	/Applications/OneDrive.app/Contents/StandaloneUpdaterDaemon.xpc/Contents/MacOS/StandaloneUpdaterDaemon	/Applications/OneDrive.app	OneDrive	24.113.0604	
eric	1584	0.0	0.1	410241552	13728	??	Ss	23:00:13	Mon Jun 17 09:48:54 2024	0:00.04	/System/Applications/Calendar.app/Contents/Extensions/CalendarFocusConfigurationExtension.appex/Contents/MacOS/CalendarFocusConfigurationExtension	/System/Applications/Calendar.app	Calendar	14.0	
eric	1585	0.0	0.1	410363568	15952	??	Ss	23:00:13	Mon Jun 17 09:48:54 2024	0:00.04	/System/Applications/Mail.app/Contents/Extensions/MailShortcutsExtension.appex/Contents/MacOS/MailShortcutsExtension	/System/Applications/Mail.app	Mail	16.0	
eric	1587	0.0	0.1	410231760	12704	??	Ss	23:00:12	Mon Jun 17 09:48:55 2024	0:00.06	/System/Volumes/Preboot/Cryptexes/App/System/Applications/Safari.app/Contents/Extensions/SafariLinkExtension.appex/Contents/MacOS/SafariLinkExtension	/System/Volumes/Preboot/Cryptexes/App/System/Applications/Safari.app	Safari	17.5	
eric	1591	0.0	0.1	410225472	19744	??	Ss	23:00:11	Mon Jun 17 09:48:56 2024	0:00.04	/System/Applications/Messages.app/Contents/Extensions/MessagesActionExtension.appex/Contents/MacOS/MessagesActionExtension	/System/Applications/Messages.app	Messages	14.0	
eric	1678	0.1	0.2	410844128	26480	??	S	23:00:03	Mon Jun 17 09:49:04 2024	5:27.53	/Applications/Slack.app/Contents/Frameworks/Slack_Helper.app/Contents/MacOS/Slack_Helper_--type=utility	/Applications/Slack.app	Slack	4.34.121	
eric	1710	0.0	0.0	410308816	7952	??	S	22:59:54	Mon Jun 17 09:49:13 2024	0:05.61	/Library/Apple/System/Library/CoreServices/XProtect.app/Contents/XPCServices/XProtectPluginService.xpc/Contents/MacOS/XProtectPluginService	/Library/Apple/System/Library/CoreServices/XProtect.app	XProtect	135	
eric	1720	0.0	0.2	411928912	32096	??	S	15:10:22	Mon Jun 17 17:38:45 2024	0:00.50	/System/Applications/Utilities/System_Information.app/Contents/MacOS/System_Information	/System/Applications/Utilities/System Information.app	System Information	11.0	
eric	1890	0.0	0.1	411623760	23776	??	Ss	22:58:17	Mon Jun 17 09:50:50 2024	0:01.45	/System/Library/CoreServices/Dock.app/Contents/XPCServices/DockHelper.xpc/Contents/MacOS/DockHelper	/System/Library/CoreServices/Dock.app	Dock	1.8	
root	1921	0.0	0.1	35352688	11352	??	S	22:57:23	Mon Jun 17 09:51:44 2024	2:44.38	/Applications/AWS_VPN_Client/AWS_VPN_Client.app/Contents/Resources/openvpn/acvc-openvpn	/Applications/AWS VPN Client/AWS VPN Client.app	AWS VPN Client	3.7.0	
eric	1929	0.0	0.0	34982800	4116	??	S	22:57:22	Mon Jun 17 09:51:45 2024	2:40.13	/Applications/AWS_VPN_Client/AWS_VPN_Client.app/Contents/Resources/AWS_VPN_Client/Contents/MacOS/ACVCHelperTool_--isAlive	/Applications/AWS VPN Client/AWS VPN Client.app	AWS VPN Client	3.7.0	
eric	2232	0.0	1.1	1601519744	187680	??	S	22:57:09	Mon Jun 17 09:51:58 2024	0:30.80	/Applications/Google_Chrome.app/Contents/Frameworks/Google_Chrome_Framework.framework/Versions/125.0.6422.142/Helpers/Google_Chrome_Helper_(Renderer).app/Contents/MacOS/Google	/Applications/Google Chrome.app	Chrome	126.0.6478.61	
eric	2241	0.0	0.7	1598203984	124592	??	S	22:57:07	Mon Jun 17 09:52:00 2024	0:12.31	/Applications/Google_Chrome.app/Contents/Frameworks/Google_Chrome_Framework.framework/Versions/125.0.6422.142/Helpers/Google_Chrome_Helper_(Renderer).app/Contents/MacOS/Google	/Applications/Google Chrome.app	Chrome	126.0.6478.61	
eric	2353	0.0	0.9	1596574448	144960	??	S	02:55:14	Tue Jun 18 05:53:53 2024	0:00.38	/Applications/Google_Chrome.app/Contents/Frameworks/Google_Chrome_Framework.framework/Versions/125.0.6422.142/Helpers/Google_Chrome_Helper_(Renderer).app/Contents/MacOS/Google	/Applications/Google Chrome.app	Chrome	126.0.6478.61	
eric	2801	0.0	0.1	410307392	15072	??	S	22:54:12	Mon Jun 17 09:54:55 2024	0:00.11	/System/Library/CoreServices/EscrowSecurityAlert.app/Contents/MacOS/EscrowSecurityAlert	/System/Library/CoreServices/EscrowSecurityAlert.app	EscrowSecurityAlert	1.0	
root	2906	0.0	0.0	410173520	7552	??	Ss	22:53:39	Mon Jun 17 09:55:28 2024	0:00.03	/System/Library/CoreServices/Applications/Feedback_Assistant.app/Contents/Library/LaunchServices/fbahelperd	/System/Library/CoreServices/Applications/Feedback Assistant.app	Feedback Assistant	5.1	
eric	3100	0.0	0.6	1596522224	104880	??	S	02:37:03	Tue Jun 18 06:12:04 2024	0:00.37	/Applications/Google_Chrome.app/Contents/Frameworks/Google_Chrome_Framework.framework/Versions/125.0.6422.142/Helpers/Google_Chrome_Helper_(Renderer).app/Contents/MacOS/Google	/Applications/Google Chrome.app	Chrome	126.0.6478.61	
eric	3595	0.0	0.7	1596529392	116720	??	S	02:20:13	Tue Jun 18 06:28:54 2024	0:00.36	/Applications/Google_Chrome.app/Contents/Frameworks/Google_Chrome_Framework.framework/Versions/125.0.6422.142/Helpers/Google_Chrome_Helper_(Renderer).app/Contents/MacOS/Google	/Applications/Google Chrome.app	Chrome	126.0.6478.61	
eric	4416	0.0	0.8	1596550896	135184	??	S	02:02:23	Tue Jun 18 06:46:44 2024	0:00.35	/Applications/Google_Chrome.app/Contents/Frameworks/Google_Chrome_Framework.framework/Versions/125.0.6422.142/Helpers/Google_Chrome_Helper_(Renderer).app/Contents/MacOS/Google	/Applications/Google Chrome.app	Chrome	126.0.6478.61	
eric	4652	0.0	0.1	411657200	18672	??	S	22:43:55	Mon Jun 17 10:05:12 2024	0:00.59	/System/Library/CoreServices/OSDUIHelper.app/Contents/MacOS/OSDUIHelper	/System/Library/CoreServices/OSDUIHelper.app	OSDUIHelper	1.1	
eric	7085	0.0	0.9	1596539632	147872	??	S	01:32:34	Tue Jun 18 07:16:33 2024	0:00.34	/Applications/Google_Chrome.app/Contents/Frameworks/Google_Chrome_Framework.framework/Versions/125.0.6422.142/Helpers/Google_Chrome_Helper_(Renderer).app/Contents/MacOS/Google	/Applications/Google Chrome.app	Chrome	126.0.6478.61	
eric	7822	0.0	0.9	1596542704	147808	??	S	01:15:11	Tue Jun 18 07:33:56 2024	0:00.34	/Applications/Google_Chrome.app/Contents/Frameworks/Google_Chrome_Framework.framework/Versions/125.0.6422.142/Helpers/Google_Chrome_Helper_(Renderer).app/Contents/MacOS/Google	/Applications/Google Chrome.app	Chrome	126.0.6478.61	
eric	8610	0.0	0.4	412808256	61312	??	S	22:21:46	Mon Jun 17 10:27:21 2024	0:32.41	/System/Applications/Preview.app/Contents/MacOS/Preview	/System/Applications/Preview.app	Preview	11.0	
eric	8656	0.0	0.9	1596557296	147824	??	S	57:13	Tue Jun 18 07:51:54 2024	0:00.32	/Applications/Google_Chrome.app/Contents/Frameworks/Google_Chrome_Framework.framework/Versions/125.0.6422.142/Helpers/Google_Chrome_Helper_(Renderer).app/Contents/MacOS/Google	/Applications/Google Chrome.app	Chrome	126.0.6478.61	
eric	9411	0.0	0.1	410364816	12944	??	S	22:17:18	Mon Jun 17 10:31:49 2024	0:00.32	/System/Library/CoreServices/rcd.app/Contents/MacOS/rcd	/System/Library/CoreServices/rcd.app	rcd	361	
root	9519	0.5	0.2	411601520	30640	??	S	38:11	Tue Jun 18 08:10:56 2024	0:03.80	/Applications/QualysCloudAgent.app/Contents/MacOS/qualys-scan-util	/Applications/QualysCloudAgent.app	Qualys Cloud Agent	5.5.0-17	
eric	9701	0.0	0.9	1596565232	148128	??	S	38:06	Tue Jun 18 08:11:01 2024	0:00.32	/Applications/Google_Chrome.app/Contents/Frameworks/Google_Chrome_Framework.framework/Versions/125.0.6422.142/Helpers/Google_Chrome_Helper_(Renderer).app/Contents/MacOS/Google	/Applications/Google Chrome.app	Chrome	126.0.6478.61	
root	9806	0.0	0.0	410603184	4096	??	Ss	22:15:04	Mon Jun 17 10:34:03 2024	0:00.04	/Library/Apple/System/Library/CoreServices/XProtect.app/Contents/MacOS/XProtect	/Library/Apple/System/Library/CoreServices/XProtect.app	XProtect	135	
eric	9807	0.0	0.1	410308000	15504	??	S	22:15:04	Mon Jun 17 10:34:03 2024	0:00.10	/System/Library/PrivateFrameworks/IMDPersistence.framework/IMAutomaticHistoryDeletionAgent.app/Contents/MacOS/IMAutomaticHistoryDeletionAgent	/System/Library/PrivateFrameworks/IMDPersistence.framework/IMAutomaticHistoryDeletionAgent.app	IMAutomaticHistoryDeletionAgent	10.0	
eric	15412	0.0	0.9	1596530416	147600	??	S	18:53	Tue Jun 18 08:30:14 2024	0:00.34	/Applications/Google_Chrome.app/Contents/Frameworks/Google_Chrome_Framework.framework/Versions/125.0.6422.142/Helpers/Google_Chrome_Helper_(Renderer).app/Contents/MacOS/Google	/Applications/Google Chrome.app	Chrome	126.0.6478.61	
eric	19006	0.0	0.9	1596522448	152688	??	S	00:24	Tue Jun 18 08:48:43 2024	0:00.20	/Applications/Google_Chrome.app/Contents/Frameworks/Google_Chrome_Framework.framework/Versions/125.0.6422.142/Helpers/Google_Chrome_Helper_(Renderer).app/Contents/MacOS/Google	/Applications/Google Chrome.app	Chrome	126.0.6478.61	
eric	19036	0.0	0.5	1596490272	79248	??	S	00:23	Tue Jun 18 08:48:44 2024	0:00.05	/Applications/Google_Chrome.app/Contents/Frameworks/Google_Chrome_Framework.framework/Versions/125.0.6422.142/Helpers/Google_Chrome_Helper_(Renderer).app/Contents/MacOS/Google	/Applications/Google Chrome.app	Chrome	126.0.6478.61	
eric	19657	0.0	0.1	410356064	23200	??	S	00:10	Tue Jun 18 08:48:57 2024	0:00.21	/System/Library/Frameworks/AddressBook.framework/Versions/A/Helpers/AddressBookSourceSync.app/Contents/MacOS/AddressBookSourceSync	/System/Library/Frameworks/AddressBook.framework/Versions/A/Helpers/AddressBookSourceSync.app	AddressBookSourceSync	14.0	
eric	26986	0.0	0.6	1596537072	101744	??	S	21:28:13	Mon Jun 17 11:20:54 2024	0:05.48	/Applications/Google_Chrome.app/Contents/Frameworks/Google_Chrome_Framework.framework/Versions/125.0.6422.142/Helpers/Google_Chrome_Helper_(Renderer).app/Contents/MacOS/Google	/Applications/Google Chrome.app	Chrome	126.0.6478.61	
eric	26993	0.0	0.3	444189904	46832	??	S	21:28:12	Mon Jun 17 11:20:55 2024	0:09.22	/Applications/Google_Chrome.app/Contents/Frameworks/Google_Chrome_Framework.framework/Versions/125.0.6422.142/Helpers/Google_Chrome_Helper_(Plugin).app/Contents/MacOS/Google	/Applications/Google Chrome.app	Chrome	126.0.6478.61	
eric	32376	0.0	0.0	410603184	4112	??	S	20:57:59	Mon Jun 17 11:51:08 2024	0:00.04	/Library/Apple/System/Library/CoreServices/XProtect.app/Contents/MacOS/XProtect	/Library/Apple/System/Library/CoreServices/XProtect.app	XProtect	135	
eric	33741	0.2	0.7	1598192784	116800	??	S	20:36:44	Mon Jun 17 12:12:23 2024	0:34.81	/Applications/Google_Chrome.app/Contents/Frameworks/Google_Chrome_Framework.framework/Versions/125.0.6422.142/Helpers/Google_Chrome_Helper_(Renderer).app/Contents/MacOS/Google	/Applications/Google Chrome.app	Chrome	126.0.6478.61	
eric	33962	0.0	0.9	412373024	158496	??	S	12:58:58	Mon Jun 17 19:50:09 2024	1:38.13	/Applications/Numbers.app/Contents/MacOS/Numbers	/Applications/Numbers.app	Numbers	11.2	
eric	34160	0.0	1.1	1600201600	183584	??	S	20:34:22	Mon Jun 17 12:14:45 2024	14:25.79	/Applications/Google_Chrome.app/Contents/Frameworks/Google_Chrome_Framework.framework/Versions/125.0.6422.142/Helpers/Google_Chrome_Helper_(Renderer).app/Contents/MacOS/Google	/Applications/Google Chrome.app	Chrome	126.0.6478.61	
eric	35965	0.0	0.1	410413488	19888	??	S	12:47:50	Mon Jun 17 20:01:17 2024	0:00.22	/System/Library/PrivateFrameworks/PaperKit.framework/Contents/LinkedNotesUIService.app/Contents/MacOS/LinkedNotesUIService	/System/Library/PrivateFrameworks/PaperKit.framework/Contents/LinkedNotesUIService.app	LinkedNotesUIService	1.0	
eric	37054	0.0	0.1	410438480	24048	??	S	20:17:57	Mon Jun 17 12:31:10 2024	0:03.67	/System/Library/CoreServices/PowerChime.app/Contents/MacOS/PowerChime	/System/Library/CoreServices/PowerChime.app	PowerChime	1.0	
eric	37183	0.0	0.1	414890112	18912	??	S	20:17:37	Mon Jun 17 12:31:30 2024	0:00.79	/System/Library/PrivateFrameworks/Noticeboard.framework/Versions/A/Resources/nbagent.app/Contents/MacOS/nbagent	/System/Library/PrivateFrameworks/Noticeboard.framework/Versions/A/Resources/nbagent.app	nbagent	1.0	
eric	55832	0.0	1.2	1596561168	193280	??	S	11:44:35	Mon Jun 17 21:04:32 2024	0:33.33	/Applications/Google_Chrome.app/Contents/Frameworks/Google_Chrome_Framework.framework/Versions/125.0.6422.142/Helpers/Google_Chrome_Helper_(Renderer).app/Contents/MacOS/Google	/Applications/Google Chrome.app	Chrome	126.0.6478.61	
eric	62760	0.0	0.8	1598220208	137744	??	S	11:09:33	Mon Jun 17 21:39:34 2024	1:32.32	/Applications/Google_Chrome.app/Contents/Frameworks/Google_Chrome_Framework.framework/Versions/125.0.6422.142/Helpers/Google_Chrome_Helper_(Renderer).app/Contents/MacOS/Google	/Applications/Google Chrome.app	Chrome	126.0.6478.61	
eric	64020	0.0	0.8	1596570624	138864	??	S	11:02:21	Mon Jun 17 21:46:46 2024	0:13.40	/Applications/Google_Chrome.app/Contents/Frameworks/Google_Chrome_Framework.framework/Versions/125.0.6422.142/Helpers/Google_Chrome_Helper_(Renderer).app/Contents/MacOS/Google	/Applications/Google Chrome.app	Chrome	126.0.6478.61	
eric	64030	0.0	0.5	1596567200	85232	??	S	11:02:18	Mon Jun 17 21:46:49 2024	0:00.80	/Applications/Google_Chrome.app/Contents/Frameworks/Google_Chrome_Framework.framework/Versions/125.0.6422.142/Helpers/Google_Chrome_Helper_(Renderer).app/Contents/MacOS/Google	/Applications/Google Chrome.app	Chrome	126.0.6478.61	
eric	72437	0.0	0.5	1596537456	84816	??	S	09:59:57	Mon Jun 17 22:49:10 2024	0:00.47	/Applications/Google_Chrome.app/Contents/Frameworks/Google_Chrome_Framework.framework/Versions/125.0.6422.142/Helpers/Google_Chrome_Helper_(Renderer).app/Contents/MacOS/Google	/Applications/Google Chrome.app	Chrome	126.0.6478.61	
eric	72970	0.0	0.5	1596539632	84928	??	S	09:41:39	Mon Jun 17 23:07:28 2024	0:00.41	/Applications/Google_Chrome.app/Contents/Frameworks/Google_Chrome_Framework.framework/Versions/125.0.6422.142/Helpers/Google_Chrome_Helper_(Renderer).app/Contents/MacOS/Google	/Applications/Google Chrome.app	Chrome	126.0.6478.61	
eric	73458	0.0	0.5	1596530416	85056	??	S	09:25:00	Mon Jun 17 23:24:07 2024	0:00.39	/Applications/Google_Chrome.app/Contents/Frameworks/Google_Chrome_Framework.framework/Versions/125.0.6422.142/Helpers/Google_Chrome_Helper_(Renderer).app/Contents/MacOS/Google	/Applications/Google Chrome.app	Chrome	126.0.6478.61	
eric	74312	0.0	0.5	1596542704	84880	??	S	09:06:11	Mon Jun 17 23:42:56 2024	0:00.40	/Applications/Google_Chrome.app/Contents/Frameworks/Google_Chrome_Framework.framework/Versions/125.0.6422.142/Helpers/Google_Chrome_Helper_(Renderer).app/Contents/MacOS/Google	/Applications/Google Chrome.app	Chrome	126.0.6478.61	
eric	74868	0.0	0.5	1596538608	84896	??	S	08:49:40	Mon Jun 17 23:59:27 2024	0:00.40	/Applications/Google_Chrome.app/Contents/Frameworks/Google_Chrome_Framework.framework/Versions/125.0.6422.142/Helpers/Google_Chrome_Helper_(Renderer).app/Contents/MacOS/Google	/Applications/Google Chrome.app	Chrome	126.0.6478.61	
eric	75489	0.0	0.5	1596530416	84848	??	S	08:33:05	Tue Jun 18 00:16:02 2024	0:00.42	/Applications/Google_Chrome.app/Contents/Frameworks/Google_Chrome_Framework.framework/Versions/125.0.6422.142/Helpers/Google_Chrome_Helper_(Renderer).app/Contents/MacOS/Google	/Applications/Google Chrome.app	Chrome	126.0.6478.61	
eric	76016	0.0	0.5	1596539632	85040	??	S	08:16:34	Tue Jun 18 00:32:33 2024	0:00.39	/Applications/Google_Chrome.app/Contents/Frameworks/Google_Chrome_Framework.framework/Versions/125.0.6422.142/Helpers/Google_Chrome_Helper_(Renderer).app/Contents/MacOS/Google	/Applications/Google Chrome.app	Chrome	126.0.6478.61	
eric	77174	0.0	0.5	1596549872	84992	??	S	07:56:43	Tue Jun 18 00:52:24 2024	0:00.40	/Applications/Google_Chrome.app/Contents/Frameworks/Google_Chrome_Framework.framework/Versions/125.0.6422.142/Helpers/Google_Chrome_Helper_(Renderer).app/Contents/MacOS/Google	/Applications/Google Chrome.app	Chrome	126.0.6478.61	
eric	77665	0.0	0.5	1596520176	84864	??	S	07:40:39	Tue Jun 18 01:08:28 2024	0:00.37	/Applications/Google_Chrome.app/Contents/Frameworks/Google_Chrome_Framework.framework/Versions/125.0.6422.142/Helpers/Google_Chrome_Helper_(Renderer).app/Contents/MacOS/Google	/Applications/Google Chrome.app	Chrome	126.0.6478.61	
eric	78160	0.0	0.5	1596547824	84912	??	S	07:24:46	Tue Jun 18 01:24:21 2024	0:00.39	/Applications/Google_Chrome.app/Contents/Frameworks/Google_Chrome_Framework.framework/Versions/125.0.6422.142/Helpers/Google_Chrome_Helper_(Renderer).app/Contents/MacOS/Google	/Applications/Google Chrome.app	Chrome	126.0.6478.61	
eric	78805	0.0	0.6	1596579904	95664	??	S	17:15:46	Mon Jun 17 15:33:21 2024	0:02.06	/Applications/Google_Chrome.app/Contents/Frameworks/Google_Chrome_Framework.framework/Versions/125.0.6422.142/Helpers/Google_Chrome_Helper_(Renderer).app/Contents/MacOS/Google	/Applications/Google Chrome.app	Chrome	126.0.6478.61	
eric	79729	0.0	0.5	1596566256	84864	??	S	07:04:48	Tue Jun 18 01:44:19 2024	0:00.39	/Applications/Google_Chrome.app/Contents/Frameworks/Google_Chrome_Framework.framework/Versions/125.0.6422.142/Helpers/Google_Chrome_Helper_(Renderer).app/Contents/MacOS/Google	/Applications/Google Chrome.app	Chrome	126.0.6478.61	
eric	80229	0.0	0.5	1596538864	85168	??	S	06:48:23	Tue Jun 18 02:00:44 2024	0:00.37	/Applications/Google_Chrome.app/Contents/Frameworks/Google_Chrome_Framework.framework/Versions/125.0.6422.142/Helpers/Google_Chrome_Helper_(Renderer).app/Contents/MacOS/Google	/Applications/Google Chrome.app	Chrome	126.0.6478.61	
eric	81600	0.0	0.5	1596533488	84960	??	S	06:34:34	Tue Jun 18 02:14:33 2024	0:00.36	/Applications/Google_Chrome.app/Contents/Frameworks/Google_Chrome_Framework#","no",,,"Information gathering","Cloud Agent, EricsPlaygroundAgents, Test for Sven, Test for Sven.1ddfe2aa-4a79-4155-87ca-da5c1830e92d, Test for Sven.275c0cc2-422a-4fbd-afb6-35a9338bab4a, TestEric, TestEric.00b1e415-6d3e-4c23-b103-9fe0e9dcd8c3, TestEric.dfe6ea77-f19a-457a-ac5e-164893add4ca"
"192.168.178.42","Global Default Network","mbp-von-eric.fritz.box","MBP-VON-ERIC","eda2e783-774f-4af0-b0e5-09957a4ac60b",,"QAGENT","macOS 14.5","host scanned, found vuln","45558","MacOS Running Kernel Version",,"Ig","1",,,,,"02/19/2024 21:53:30","06/18/2024 10:51:50","246",,,,,"Running Kernel Version is:  23.5.0#","no",,,"Information gathering","Cloud Agent, EricsPlaygroundAgents, Test for Sven, Test for Sven.1ddfe2aa-4a79-4155-87ca-da5c1830e92d, Test for Sven.275c0cc2-422a-4fbd-afb6-35a9338bab4a, TestEric, TestEric.00b1e415-6d3e-4c23-b103-9fe0e9dcd8c3, TestEric.dfe6ea77-f19a-457a-ac5e-164893add4ca"
"192.168.178.42","Global Default Network","mbp-von-eric.fritz.box","MBP-VON-ERIC","eda2e783-774f-4af0-b0e5-09957a4ac60b",,"QAGENT","macOS 14.5","host scanned, found vuln","45542","Apple MacOS with Apple Silicon Detected",,"Ig","1",,,,,"02/19/2024 21:53:30","06/18/2024 10:51:50","246",,,,,"Darwin Kernel Version 23.5.0: Wed May  1 20:12:58 PDT 2024; root:xnu-10063.121.3~5/RELEASE_ARM64_T6000#","no",,,"Information gathering","Cloud Agent, EricsPlaygroundAgents, Test for Sven, Test for Sven.1ddfe2aa-4a79-4155-87ca-da5c1830e92d, Test for Sven.275c0cc2-422a-4fbd-afb6-35a9338bab4a, TestEric, TestEric.00b1e415-6d3e-4c23-b103-9fe0e9dcd8c3, TestEric.dfe6ea77-f19a-457a-ac5e-164893add4ca"
"192.168.178.42","Global Default Network","mbp-von-eric.fritz.box","MBP-VON-ERIC","eda2e783-774f-4af0-b0e5-09957a4ac60b",,"QAGENT","macOS 14.5","host scanned, found vuln","45531","Host Scan Time - CloudAgent",,"Ig","1",,,,,"02/19/2024 21:53:30","06/18/2024 10:51:50","246",,,,,"Scan duration: 2308 seconds 
Start time: 2024-06-18T06:10:56.000Z 
End time: 2024-06-18T06:49:24.000Z#","no",,,"Information gathering","Cloud Agent, EricsPlaygroundAgents, Test for Sven, Test for Sven.1ddfe2aa-4a79-4155-87ca-da5c1830e92d, Test for Sven.275c0cc2-422a-4fbd-afb6-35a9338bab4a, TestEric, TestEric.00b1e415-6d3e-4c23-b103-9fe0e9dcd8c3, TestEric.dfe6ea77-f19a-457a-ac5e-164893add4ca"
"192.168.178.42","Global Default Network","mbp-von-eric.fritz.box","MBP-VON-ERIC","eda2e783-774f-4af0-b0e5-09957a4ac60b",,"QAGENT","macOS 14.5","host scanned, found vuln","45507","List of System Users with Last Password Change Date",,"Ig","1",,,,,"02/19/2024 21:53:30","06/18/2024 10:51:50","246",,,,,"System username : Last password changed
eric : Fri Apr 1 09:46:47 CEST 2022
root : Thu Jan 1 01:00:00 CET 1970#","no",,,"Information gathering","Cloud Agent, EricsPlaygroundAgents, Test for Sven, Test for Sven.1ddfe2aa-4a79-4155-87ca-da5c1830e92d, Test for Sven.275c0cc2-422a-4fbd-afb6-35a9338bab4a, TestEric, TestEric.00b1e415-6d3e-4c23-b103-9fe0e9dcd8c3, TestEric.dfe6ea77-f19a-457a-ac5e-164893add4ca"
"192.168.178.42","Global Default Network","mbp-von-eric.fritz.box","MBP-VON-ERIC","eda2e783-774f-4af0-b0e5-09957a4ac60b",,"QAGENT","macOS 14.5","host scanned, found vuln","45501","System Architecture Information for Windows and Unix Platform Detected",,"Ig","1",,,,,"02/19/2024 21:53:30","06/18/2024 10:51:50","246",,,,,"Detected System Architecture is:

arm64#","no",,,"Information gathering","Cloud Agent, EricsPlaygroundAgents, Test for Sven, Test for Sven.1ddfe2aa-4a79-4155-87ca-da5c1830e92d, Test for Sven.275c0cc2-422a-4fbd-afb6-35a9338bab4a, TestEric, TestEric.00b1e415-6d3e-4c23-b103-9fe0e9dcd8c3, TestEric.dfe6ea77-f19a-457a-ac5e-164893add4ca"
"192.168.178.42","Global Default Network","mbp-von-eric.fritz.box","MBP-VON-ERIC","eda2e783-774f-4af0-b0e5-09957a4ac60b",,"QAGENT","macOS 14.5","host scanned, found vuln","45489","MultiThreading is Enabled",,"Ig","1",,,,,"02/19/2024 21:53:30","06/18/2024 10:51:50","246",,,,,"NumberOfCores : 8 
LogicalProcessors : 8 
MultiThreading is Not Enabled#","no",,,"Information gathering","Cloud Agent, EricsPlaygroundAgents, Test for Sven, Test for Sven.1ddfe2aa-4a79-4155-87ca-da5c1830e92d, Test for Sven.275c0cc2-422a-4fbd-afb6-35a9338bab4a, TestEric, TestEric.00b1e415-6d3e-4c23-b103-9fe0e9dcd8c3, TestEric.dfe6ea77-f19a-457a-ac5e-164893add4ca"
"192.168.178.42","Global Default Network","mbp-von-eric.fritz.box","MBP-VON-ERIC","eda2e783-774f-4af0-b0e5-09957a4ac60b",,"QAGENT","macOS 14.5","host scanned, found vuln","45469","Slack Desktop Detected",,"Ig","1",,,,,"02/19/2024 21:53:30","06/18/2024 10:51:50","246",,,,,"Application Name	Version	Location	
Slack	4.34.121	/Applications/Slack.app#","no",,,"Information gathering","Cloud Agent, EricsPlaygroundAgents, Test for Sven, Test for Sven.1ddfe2aa-4a79-4155-87ca-da5c1830e92d, Test for Sven.275c0cc2-422a-4fbd-afb6-35a9338bab4a, TestEric, TestEric.00b1e415-6d3e-4c23-b103-9fe0e9dcd8c3, TestEric.dfe6ea77-f19a-457a-ac5e-164893add4ca"
"192.168.178.42","Global Default Network","mbp-von-eric.fritz.box","MBP-VON-ERIC","eda2e783-774f-4af0-b0e5-09957a4ac60b",,"QAGENT","macOS 14.5","host scanned, found vuln","45436","Apple MacOS File Vault Status Information",,"Ig","1",,,,,"02/19/2024 21:53:30","06/18/2024 10:51:50","246",,,,,"FileVault is On.#","no",,,"Information gathering","Cloud Agent, EricsPlaygroundAgents, Test for Sven, Test for Sven.1ddfe2aa-4a79-4155-87ca-da5c1830e92d, Test for Sven.275c0cc2-422a-4fbd-afb6-35a9338bab4a, TestEric, TestEric.00b1e415-6d3e-4c23-b103-9fe0e9dcd8c3, TestEric.dfe6ea77-f19a-457a-ac5e-164893add4ca"
"192.168.178.42","Global Default Network","mbp-von-eric.fritz.box","MBP-VON-ERIC","eda2e783-774f-4af0-b0e5-09957a4ac60b",,"QAGENT","macOS 14.5","host scanned, found vuln","45427","Zoom Video Conferencing Software Detected",,"Ig","1",,,,,"02/19/2024 21:53:30","06/18/2024 10:51:50","246",,,,,"Application Name	Version	Location	
zoom	 5.17.11 (31580)	 /Applications/zoom.us.app#","no",,,"Information gathering","Cloud Agent, EricsPlaygroundAgents, Test for Sven, Test for Sven.1ddfe2aa-4a79-4155-87ca-da5c1830e92d, Test for Sven.275c0cc2-422a-4fbd-afb6-35a9338bab4a, TestEric, TestEric.00b1e415-6d3e-4c23-b103-9fe0e9dcd8c3, TestEric.dfe6ea77-f19a-457a-ac5e-164893add4ca"
"192.168.178.42","Global Default Network","mbp-von-eric.fritz.box","MBP-VON-ERIC","eda2e783-774f-4af0-b0e5-09957a4ac60b",,"QAGENT","macOS 14.5","host scanned, found vuln","45421","Qualys Cloud Agent Detected",,"Ig","1",,,,,"02/19/2024 21:53:30","06/18/2024 10:51:50","246",,,"Qualys",,"Application Name	Version	Location	
QualysCloudAgent	 5.5.0-17	 /Applications/QualysCloudAgent.app#","no",,,"Information gathering","Cloud Agent, EricsPlaygroundAgents, Test for Sven, Test for Sven.1ddfe2aa-4a79-4155-87ca-da5c1830e92d, Test for Sven.275c0cc2-422a-4fbd-afb6-35a9338bab4a, TestEric, TestEric.00b1e415-6d3e-4c23-b103-9fe0e9dcd8c3, TestEric.dfe6ea77-f19a-457a-ac5e-164893add4ca"
"192.168.178.42","Global Default Network","mbp-von-eric.fritz.box","MBP-VON-ERIC","eda2e783-774f-4af0-b0e5-09957a4ac60b",,"QAGENT","macOS 14.5","host scanned, found vuln","45388","TCP Ports in Listening Mode",,"Ig","1",,,,,"02/19/2024 21:53:30","06/18/2024 10:51:50","246",,,,,"tcp4       0      0  *.60213                *.*                    LISTEN     
tcp4       0      0  127.0.0.1.50048        *.*                    LISTEN     
tcp4       0      0  127.0.0.1.8096         *.*                    LISTEN     
tcp6       0      0  *.5000                 *.*                    LISTEN     
tcp4       0      0  *.5000                 *.*                    LISTEN     
tcp6       0      0  *.7000                 *.*                    LISTEN     
tcp4       0      0  *.7000                 *.*                    LISTEN#","no",,,"Information gathering","Cloud Agent, EricsPlaygroundAgents, Test for Sven, Test for Sven.1ddfe2aa-4a79-4155-87ca-da5c1830e92d, Test for Sven.275c0cc2-422a-4fbd-afb6-35a9338bab4a, TestEric, TestEric.00b1e415-6d3e-4c23-b103-9fe0e9dcd8c3, TestEric.dfe6ea77-f19a-457a-ac5e-164893add4ca"
"192.168.178.42","Global Default Network","mbp-von-eric.fritz.box","MBP-VON-ERIC","eda2e783-774f-4af0-b0e5-09957a4ac60b",,"QAGENT","macOS 14.5","host scanned, found vuln","45382","Installed Locale settings on Host",,"Ig","1",,,,,"02/19/2024 21:53:30","06/18/2024 10:51:50","246",,,,,"LANG=en_US#","no",,,"Information gathering","Cloud Agent, EricsPlaygroundAgents, Test for Sven, Test for Sven.1ddfe2aa-4a79-4155-87ca-da5c1830e92d, Test for Sven.275c0cc2-422a-4fbd-afb6-35a9338bab4a, TestEric, TestEric.00b1e415-6d3e-4c23-b103-9fe0e9dcd8c3, TestEric.dfe6ea77-f19a-457a-ac5e-164893add4ca"
"192.168.178.42","Global Default Network","mbp-von-eric.fritz.box","MBP-VON-ERIC","eda2e783-774f-4af0-b0e5-09957a4ac60b",,"QAGENT","macOS 14.5","host scanned, found vuln","45371","Software Last Accessed",,"Ig","1",,,,,"02/19/2024 21:53:30","06/18/2024 10:51:50","246",,,,,"Name	Version	LastUseDate	
Google Chrome	126.0.6478.61	2024-06-18 06:30:14 +0000 	
MRT	1.93	2024-04-04 07:15:29 +0000 	
Microsoft AutoUpdate	4.72	2024-06-18 02:56:49 +0000 	
com.apple.ctcategories	 	2022-04-01 07:49:10 +0000 	
Install Spotify	1.1.81.604.gccacfc8c	2022-04-04 12:48:30 +0000 	
AWS VPN Client	3.7.0	2024-06-03 08:59:00 +0000 	
Uninstall AWS VPN Client	1.0	2023-08-17 13:04:29 +0000 	
Eclipse	4.23.0	2023-05-15 12:32:12 +0000 	
IDLE	3.10.4	2023-11-07 11:00:05 +0000 	
Python Launcher	3.10.4	2024-03-13 12:47:38 +0000 	
Python	3.10.4	2022-04-13 08:59:27 +0000 	
Python	3.9.6	2024-05-24 15:50:42 +0000 	
GarageBand	10.4.5	2022-02-22 07:57:44 +0000 	
iMovie	10.3.1	2022-02-22 07:58:57 +0000 	
Keynote	11.2	2022-04-21 14:57:14 +0000 	
Numbers	11.2	2024-06-17 20:30:14 +0000 	
Pages	11.2	2022-04-03 13:23:18 +0000 	
WebKitPluginHost	 	2022-08-22 16:18:33 +0000 	
WebKitPluginHost	 	2023-09-29 10:59:35 +0000 	
Remote Desktop Manager	2023.3.10.2	2024-01-10 10:51:28 +0000 	
group.is.workflow	 	2022-08-22 16:31:35 +0000 	
com.microsoft.openxml	 	2022-08-22 16:39:33 +0000 	
container	 	2023-05-24 07:55:09 +0000 	
Microsoft Teams classic	1.00.700151	2024-02-29 08:20:04 +0000 	
Shottr	1.6.2	2024-06-17 07:48:37 +0000 	
Visual Studio Code	1.77.3	2024-06-17 08:09:05 +0000 	
VIP Access	1.0.7	2024-05-21 08:59:49 +0000 	
zoom	5.17.11 (31580)	2024-05-24 09:07:27 +0000 	
org.eclipse	 	2024-04-10 08:21:02 +0000 	
org.eclipse	 	2024-04-05 08:47:26 +0000 	
Slack	4.34.121	2024-06-14 10:08:37 +0000 	
QualysCloudAgent	5.5.0-17	2024-06-17 07:48:39 +0000 	
VirtualBox	7.0.8	2024-06-13 15:23:28 +0000 	
XProtect	135	2024-05-29 10:24:19 +0000 	
Microsoft Teams (work or school)	24137.2012.2930.9819	2024-06-17 12:30:09 +0000 	
DBeaver	24.0.5	2024-06-10 12:44:47 +0000 	
Spotify	1.2.39.578.g0ea3f38b	2024-06-07 11:15:23 +0000 	
Microsoft Excel	16.86	2024-06-11 08:04:21 +0000 	
Microsoft Outlook	16.86	2024-06-11 08:04:42 +0000 	
Microsoft Word	16.86	2024-06-11 08:05:08 +0000 	
Prime Video	10.25	2024-06-10 07:43:01 +0000 	
Microsoft OneNote	16.86	2024-06-11 08:03:41 +0000 	
Microsoft PowerPoint	16.86	2024-06-11 08:03:58 +0000 	
OneDrive	24.113.0604	2024-06-13 15:59:12 +0000 	
GoogleUpdater	128.0.6537.0	2024-06-17 08:54:15 +0000 	
Mission Control	1.2	null	
Musik	1.4.5	2024-06-13 07:58:44 +0000 	
News	9.4	null	
Notizen	4.11	null	
Photo Booth	13.1	null	
Fotos	9.0	null	
Podcasts	1.1.0	null	
Vorschau	11.0	2024-06-17 08:27:21 +0000 	
QuickTime Player	10.5	null	
Erinnerungen	7.0	null	
Kurzbefehle	7.0	null	
Siri	1.0	null	
Siri	3305.2.1	null	
Notizzettel	10.2	null	
Aktien	6.2.2	null	
System­einstellungen	15.0	2024-06-17 17:46:16 +0000 	
TV	1.4.5	null	
AOSUIPrefPaneLauncher	1.0	null	
AVB-Konfiguration	1220.1	null	
Drucker hinzufügen	607	null	
AddressBookUrlForwarder	14.0	null	
AirPlayUIAgent	2.0	null	
AirPort Base Station Agent	2.2.1	null	
AppleScript-Dienstprogramm	1.1.2	null	
AskToMessagesHost	1.0	null	
Automator Application Stub	1.3	null	
Automator-Installationsprogramm	2.10	null	
Batterien	1.0	null	
Bluetooth-Assistent	9.0	null	
BluetoothUIServer	9.0	null	
BluetoothUIService	1.0	null	
CalendarFileHandler	8.0	null	
Captive Network Assistant	5.0	null	
Zertifikatsassistent	5.0	null	
Kontrollzentrum	1.0	null	
ControlStrip	1.0	null	
CoreLocationAgent	2890.16.16	null	
CoreServicesUIAgent	369	null	
Abdeckungsdetails	1.0	null	
Database Events	1.0.6	null	
Diagnostics Reporter	1.0	null	
DiscHelper	1.0	null	
DiskImageMounter	1.0	2024-06-13 13:39:39 +0000 	
Dock	1.8	null	
Dwell Control	1.0	null	
Löschassistent	1.0	null	
EscrowSecurityAlert	1.0	null	
Family	1.0	2024-06-17 16:00:16 +0000 	
FolderActionsDispatcher	1.0	null	
Game Center	1.0	null	
IOUIAgent	1.0	null	
Image Events	1.1.6	null	
Install Command Line Developer Tools	2408	null	
Installation wird durchgeführt	3.0	null	
Installer Progress	1.0	null	
Installationsprogramm	6.2.0	2024-06-13 13:39:41 +0000 	
JavaLauncher	321	null	
KeyboardAccessAgent	10	null	
KeyboardSetupAssistant	1.0	null	
Keychain Circle Notification	1.0	null	
Sprachauswahl	1.0	null	
MTLReplayer	270.13.3	null	
ManagedClient	16.5	null	
MediaMLPluginApp	1.0	null	
App Store	3.0	2024-06-13 13:35:07 +0000 	
Automator	2.10	null	
Bücher	6.4	null	
Rechner	10.16	2024-06-11 14:11:08 +0000 	
Kalender	14.0	null	
Schach	3.18	null	
Uhr	1.1	null	
Kontakte	14.0	null	
Kontakte	1.0	null	
Lexikon	2.3.0	null	
FaceTime	5.0	null	
Wo ist?	4.0	null	
Schriftsammlung	11.0	null	
Freeform	2.4	null	
Home	8.0	null	
Digitale Bilder	8.0	null	
Launchpad	1.0	null	
Mail	16.0	null	
Karten	3.0	null	
Nachrichten	14.0	null	
TextEdit	1.19	null	
Time Machine	1.3	null	
Aktivitätsanzeige	10.14	null	
AirPort-Dienstprogramm	6.3.9	null	
Audio-MIDI-Setup	3.6	null	
Bluetooth-Datenaustausch	9.0	null	
Boot Camp-Assistent	6.1.0	null	
ColorSync-Dienstprogramm	12.0.0	null	
Konsole	1.1	null	
Digital Color Meter	5.22	null	
Festplatten­dienstprogramm	22.6	null	
Grapher	2.7	null	
Schlüsselbund­verwaltung	11.0	null	
Migrations­assistent	14.5	null	
Druckzentrale	1.0	null	
Bildschirm­freigabe	4.3	null	
Bildschirmfoto	1.0	2024-06-13 10:14:54 +0000 	
Skripteditor	2.11	null	
System­informationen	11.0	null	
Terminal	2.14	2024-06-13 10:04:12 +0000 	
VoiceOver-Dienstprogramm	10	null	
Sprachmemos	2.4	null	
Wetter	4.2.2	null	
Über diesen Mac	1.0	null	
Archivierungsprogramm	10.15	2024-06-11 11:37:26 +0000 	
DVD-Player	6.0	null	
Schreibtischansicht	1.0	null	
Verzeichnisdienste	6.4	null	
Dienstprogramm für Erweiterungssteckplätze	2.0	null	
Feedback-Assistent	5.1	null	
Ordneraktionen konfigurieren	1.2	null	
Ticket-Viewer	4.1	null	
Diagnose für drahtlose Umgebungen	11.0	null	
iOS-App-Installationsprogramm	1.0	null	
Finder	14.5	null	
AirDrop	14.5	null	
Computer	14.5	null	
Netzwerk	14.5	null	
Zuletzt benutzt	14.5	null	
iCloud Drive	14.5	null	
iCloud Drive	1.0	null	
Help Viewer	7.0	null	
Tipps	10.0	null	
Dienstprogramm für Speichersteckplätze	1.5.3	null	
Musikerkennung	1.0	null	
NetAuthAgent	6.2	null	
Mitteilungszentrale	1.0	null	
NowPlayingTouchUI	1.0	null	
OBEXAgent	9.0	null	
ODSAgent	1.9	null	
OSDUIHelper	1.1	null	
PIPAgent	1.0	null	
Gekoppelte Geräte	5.5.0	null	
Pass Viewer	1.0	null	
PeopleMessageService	1.0	null	
PowerChime	1.0	null	
PreviewShell	15.3	null	
Pro Display-Kalibrierung	2.0.2	null	
Problem Reporter	10.13	null	
Profilinstallation	1.0	null	
RapportUIAgent	5.5.0	null	
RegisterPluginIMApp	25	null	
ARDAgent	3.9.8	null	
Remote Desktop-Nachricht	3.9.8	null	
SSMenuAgent	3.9.8	null	
Rosetta 2 Updater	1.0	null	
Bildschirmzeit	3.0	null	
ScreenSaverEngine	5.0	null	
Skript-Menü	1	null	
ScriptMonitor	1.0.1	null	
Systemassistent	10.10	null	
ShortcutDroplet	1.0	null	
Shortcuts Events	1.0	null	
ShortcutsActions	 	null	
Softwareupdate	6	null	
SpacesTouchBarAgent	1.0	null	
Spotlight	1.0	null	
Spotlight	3.0	null	
StageManagerOnboarding	1.0	null	
System Events	1.3.6	null	
SystemUIServer	1.7	null	
TextInputMenuAgent	1.0	null	
TextInputSwitcher	1.1	null	
ThermalTrap	1.0	null	
TMHelperAgent	13	null	
UIKitSystem	1.0	null	
UniversalAccessControl	7.0	null	
Universelle Steuerung	1.0	null	
UnmountAssistantAgent	5.0	null	
UserNotificationCenter	82	null	
VoiceOver	10	null	
Hintergrundbild	1.0	null	
Zifferblatt-Hilfe	1.0	null	
WiFiAgent	17.0	null	
WidgetKit Simulator	1.0	null	
WindowManager	175.106	null	
WindowManagerShowDesktopEducation	1.0	null	
WorkoutAlert-Mac	1.0	null	
iCloud+	1.0	null	
iCloud	1.0	null	
loginwindow	9.0	null	
rcd	361	null	
screencaptureui	1.0	null	
ClassroomStudentMenuExtra	1.0	null	
Kalibrierungsassistent	4.18	null	
AutomationModeUI	1.0	null	
LinkedNotesUIService	1.0	null	
IMTransferAgent	10.0	null	
Calibration Assistant	1.0	null	
FindMyMacMessenger	4.1	null	
DFRHUD	1.0	null	
Sprachsteuerungsanleitung	1.0	null	
universalAccessAuthWarn	1.0	null	
UASharedPasteboardProgressUI	54.1	null	
VoiceOver-Kurzübersicht	10	null	
BackgroundTaskManagementAgent	1.0	null	
AXVisualSupportAgent	1.0	null	
iCloudUserNotificationsd	1.0	null	
AOSAlertManager	1.07	null	
AOSHeartbeat	1.07	null	
AOSPushRelay	1.07	null	
identityservicesd	10.0	null	
IDSRemoteURLConnectionAgent	10.0	null	
ScreenReaderUIServer	10	null	
Sprach-Downloader	9.0.68	null	
SpeechRecognitionServer	9.0.68	null	
SoftwareUpdateNotificationManager	1.0	null	
DiskImages UI Agent	654.120.2	null	
FollowUpUI	1.0	null	
Konfliktlöser	8.1	null	
syncuid	8.1	null	
AskPermissionUI	1.0	null	
Live-Untertitel	1.0	null	
LiveSpeech	1.0	null	
imagent	10.0	null	
IMAutomaticHistoryDeletionAgent	10.0	null	
storeuid	1.0	null	
AppSSOAgent	1.0	null	
KerberosMenuExtra	1.0	null	
nbagent	1.0	null	
STMUIHelper	1.0	null	
Systemsprachausgabe	9.2.22	null	
sociallayerd	1.0	null	
ParentalControls	4.1	null	
eaptlstrust	13.0	null	
AquaAppearanceHelper	1.0	null	
AutoFillPanelService	1.0	null	
CIMFindInputCodeTool	104	null	
AMSEngagementViewService	1.0	null	
AccessibilityVisualsAgent	1.0	null	
SyncServer	8.1	null	
qlmanage	1.0	null	
quicklookd	5.0	null	
Webseite erstellen	10.1	null	
MakePDF	10.1	null	
AirScanScanner	18	null	
50onPaletteServer	1.1.0	null	
AinuIM	1.0	null	
Assistive Control	2.0	null	
CharacterPalette	2.0.1	null	
Diktat	6.1.82.1	null	
EmojiFunctionRowIM	1.0	null	
JapaneseIM-KanaTyping	6.3	null	
JapaneseIM-RomajiTyping	6.3	null	
KoreanIM	1.0	null	
PluginIM	25	null	
PressAndHold	1.0	null	
SCIM	104	null	
TCIM	104	null	
TYIM	104	null	
TamilIM	1.6	null	
TrackpadIM	1.0	null	
TransliterationIM	1.0	null	
VietnameseIM	1.0	null	
AddressBookSync	14.0	null	
FontRegistryUIAgent	81.0	null	
Quick Look Simulator	1.0	null	
QuickLookUIHelper	5.0	null	
Wish	8.5.9	null	
SmartCard-Verknüpfung	1.0	null	
ABAssistantService	14.0	null	
AddressBookManager	14.0	null	
AddressBookSourceSync	14.0	null	
CinematicFramingOnboardingUI	1.0	null	
ContinuityCaptureOnboardingUI	1.0	null	
AppleSpell	2.4	null	
ChinesischerTextKonvertierungsService	2.1	null	
OpenSpell	1.0	null	
SpeechService	9.2.22	null	
Zusammenfassung	2.0	null#","no",,,"Information gathering","Cloud Agent, EricsPlaygroundAgents, Test for Sven, Test for Sven.1ddfe2aa-4a79-4155-87ca-da5c1830e92d, Test for Sven.275c0cc2-422a-4fbd-afb6-35a9338bab4a, TestEric, TestEric.00b1e415-6d3e-4c23-b103-9fe0e9dcd8c3, TestEric.dfe6ea77-f19a-457a-ac5e-164893add4ca"
"192.168.178.42","Global Default Network","mbp-von-eric.fritz.box","MBP-VON-ERIC","eda2e783-774f-4af0-b0e5-09957a4ac60b",,"QAGENT","macOS 14.5","host scanned, found vuln","45366","Report TimeZone Information",,"Ig","1",,,,,"02/19/2024 21:53:30","06/18/2024 10:51:50","246",,,,,"TIMEZONE: CEST(+0200)#","no",,,"Information gathering","Cloud Agent, EricsPlaygroundAgents, Test for Sven, Test for Sven.1ddfe2aa-4a79-4155-87ca-da5c1830e92d, Test for Sven.275c0cc2-422a-4fbd-afb6-35a9338bab4a, TestEric, TestEric.00b1e415-6d3e-4c23-b103-9fe0e9dcd8c3, TestEric.dfe6ea77-f19a-457a-ac5e-164893add4ca"
"192.168.178.42","Global Default Network","mbp-von-eric.fritz.box","MBP-VON-ERIC","eda2e783-774f-4af0-b0e5-09957a4ac60b",,"QAGENT","macOS 14.5","host scanned, found vuln","45361","Windows/Linux/Unix Hostname Information",,"Ig","1",,,,,"02/19/2024 21:53:30","06/18/2024 10:51:50","246",,,,,"HOSTNAME: MBP-von-Eric.fritz.box#","no",,,"Information gathering","Cloud Agent, EricsPlaygroundAgents, Test for Sven, Test for Sven.1ddfe2aa-4a79-4155-87ca-da5c1830e92d, Test for Sven.275c0cc2-422a-4fbd-afb6-35a9338bab4a, TestEric, TestEric.00b1e415-6d3e-4c23-b103-9fe0e9dcd8c3, TestEric.dfe6ea77-f19a-457a-ac5e-164893add4ca"
"192.168.178.42","Global Default Network","mbp-von-eric.fritz.box","MBP-VON-ERIC","eda2e783-774f-4af0-b0e5-09957a4ac60b",,"QAGENT","macOS 14.5","host scanned, found vuln","45335","Logstash Running Status",,"Ig","1",,,,,"02/19/2024 21:53:30","06/18/2024 10:51:50","246",,,,,"QID 45335: logstash is not running#","no",,,"Information gathering","Cloud Agent, EricsPlaygroundAgents, Test for Sven, Test for Sven.1ddfe2aa-4a79-4155-87ca-da5c1830e92d, Test for Sven.275c0cc2-422a-4fbd-afb6-35a9338bab4a, TestEric, TestEric.00b1e415-6d3e-4c23-b103-9fe0e9dcd8c3, TestEric.dfe6ea77-f19a-457a-ac5e-164893add4ca"
"192.168.178.42","Global Default Network","mbp-von-eric.fritz.box","MBP-VON-ERIC","eda2e783-774f-4af0-b0e5-09957a4ac60b",,"QAGENT","macOS 14.5","host scanned, found vuln","45303","System Management BIOS UUID Detected",,"Ig","1",,,,,"02/19/2024 21:53:30","06/18/2024 10:51:50","246",,,,,"Hardware UUID: E81C854E-7667-5E7E-B314-D4E9C2227390#","no",,,"Information gathering","Cloud Agent, EricsPlaygroundAgents, Test for Sven, Test for Sven.1ddfe2aa-4a79-4155-87ca-da5c1830e92d, Test for Sven.275c0cc2-422a-4fbd-afb6-35a9338bab4a, TestEric, TestEric.00b1e415-6d3e-4c23-b103-9fe0e9dcd8c3, TestEric.dfe6ea77-f19a-457a-ac5e-164893add4ca"
"192.168.178.42","Global Default Network","mbp-von-eric.fritz.box","MBP-VON-ERIC","eda2e783-774f-4af0-b0e5-09957a4ac60b",,"QAGENT","macOS 14.5","host scanned, found vuln","45193","Internet Protocol version 6 (IPv6) Enabled on Target Host",,"Ig","1",,,,,"02/19/2024 21:53:30","06/18/2024 10:51:50","246",,,,,"inet6 ::1 prefixlen 128 
inet6 fe80::1%lo0 prefixlen 64 scopeid 0x1 
inet6 fe80::bcd0:74ff:fe18:551d%ap1 prefixlen 64 scopeid 0xe 
inet6 fe80::1826:736d:e0f8:eecb%en0 prefixlen 64 secured scopeid 0xf 
inet6 2a02:8109:8337:8f00:1c8f:cac5:7a60:59e prefixlen 64 autoconf secured 
inet6 2a02:8109:8337:8f00:88e4:8653:39d9:3a86 prefixlen 64 autoconf temporary 
inet6 fe80::54e0:9fff:fe32:d25e%awdl0 prefixlen 64 scopeid 0x10 
inet6 fe80::54e0:9fff:fe32:d25e%llw0 prefixlen 64 scopeid 0x11 
inet6 fe80::a5a9:91d9:9e44:69e9%utun0 prefixlen 64 scopeid 0x12 
inet6 fe80::504d:31c8:156:24c3%utun1 prefixlen 64 scopeid 0x13 
inet6 fe80::307b:51c2:7598:333a%utun2 prefixlen 64 scopeid 0x14 
inet6 fe80::ce81:b1c:bd2c:69e%utun3 prefixlen 64 scopeid 0x15#","no",,,"Information gathering","Cloud Agent, EricsPlaygroundAgents, Test for Sven, Test for Sven.1ddfe2aa-4a79-4155-87ca-da5c1830e92d, Test for Sven.275c0cc2-422a-4fbd-afb6-35a9338bab4a, TestEric, TestEric.00b1e415-6d3e-4c23-b103-9fe0e9dcd8c3, TestEric.dfe6ea77-f19a-457a-ac5e-164893add4ca"
"192.168.178.42","Global Default Network","mbp-von-eric.fritz.box","MBP-VON-ERIC","eda2e783-774f-4af0-b0e5-09957a4ac60b",,"QAGENT","macOS 14.5","host scanned, found vuln","45185","Ruby Installed on Host",,"Ig","1",,,,,"02/19/2024 21:53:30","06/18/2024 10:51:50","246",,,"Ruby",,"ruby 2.6.10p210 (2022-04-12 revision 67958) [universal.arm64e-darwin23]
bigdecimal (default: 1.4.1)
bundler (default: 1.17.2)
CFPropertyList (2.3.6)
cmath (default: 1.0.0)
csv (default: 3.0.9)
date (default: 2.0.3)
dbm (default: 1.0.0)
did_you_mean (1.3.0)
e2mmap (default: 0.1.0)
etc (default: 1.0.1)
fcntl (default: 1.0.0)
fiddle (default: 1.0.0)
fileutils (default: 1.1.0)
forwardable (default: 1.2.0)
io-console (default: 0.4.7)
ipaddr (default: 1.2.2)
irb (default: 1.0.0)
json (default: 2.1.0)
libxml-ruby (3.2.1)
logger (default: 1.3.0)
matrix (default: 0.1.0)
mini_portile2 (2.8.0)
minitest (5.11.3)
mutex_m (default: 0.1.0)
net-telnet (0.2.0)
nokogiri (1.13.8)
openssl (default: 2.1.2)
ostruct (default: 0.1.0)
power_assert (1.1.3)
prime (default: 0.1.0)
psych (default: 3.1.0)
rake (12.3.3)
rdoc (default: 6.1.2.1)
rexml (default: 3.1.9.1)
rss (default: 0.2.7)
scanf (default: 1.0.0)
sdbm (default: 1.0.0)
shell (default: 0.7)
sqlite3 (1.3.13)
stringio (default: 0.0.2)
strscan (default: 1.0.0)
sync (default: 0.5.0)
test-unit (3.2.9)
thwait (default: 0.1.0)
tracer (default: 0.1.0)
webrick (default: 1.4.4)
xmlrpc (0.3.0)
zlib (default: 1.0.0)#","no",,,"Information gathering","Cloud Agent, EricsPlaygroundAgents, Test for Sven, Test for Sven.1ddfe2aa-4a79-4155-87ca-da5c1830e92d, Test for Sven.275c0cc2-422a-4fbd-afb6-35a9338bab4a, TestEric, TestEric.00b1e415-6d3e-4c23-b103-9fe0e9dcd8c3, TestEric.dfe6ea77-f19a-457a-ac5e-164893add4ca"
"192.168.178.42","Global Default Network","mbp-von-eric.fritz.box","MBP-VON-ERIC","eda2e783-774f-4af0-b0e5-09957a4ac60b",,"QAGENT","macOS 14.5","host scanned, found vuln","45171","Apple Safari Installed on Target Host",,"Ig","1",,,,,"02/19/2024 21:53:30","06/18/2024 10:51:50","246",,,"APPLE SAFARI",,"Apple Safari installed on this host.#","no",,,"Information gathering","Cloud Agent, EricsPlaygroundAgents, Test for Sven, Test for Sven.1ddfe2aa-4a79-4155-87ca-da5c1830e92d, Test for Sven.275c0cc2-422a-4fbd-afb6-35a9338bab4a, TestEric, TestEric.00b1e415-6d3e-4c23-b103-9fe0e9dcd8c3, TestEric.dfe6ea77-f19a-457a-ac5e-164893add4ca"
"192.168.178.42","Global Default Network","mbp-von-eric.fritz.box","MBP-VON-ERIC","eda2e783-774f-4af0-b0e5-09957a4ac60b",,"QAGENT","macOS 14.5","host scanned, found vuln","45141","Installed Packages on Unix and Linux Operating Systems",,"Ig","1",,,,,"06/07/2024 10:56:05","06/18/2024 10:51:50","23",,,,,"Name	Version	InstallDate	InstallPath	SignedBy	
Google Chrome	126.0.6478.61	2022-03-26 02:33:30 +0000 	""/Applications/Google Chrome.app""	Developer ID Application: Google LLC (EQHXZ8M8AV), Developer ID Certification Authority, Apple Root CA	
MRT	1.93	2022-07-13 23:18:37 +0000 	""/Library/Apple/System/Library/CoreServices/MRT.app""	Software Signing, Apple Code Signing Certification Authority, Apple Root CA	
Microsoft AutoUpdate	4.72	2024-06-09 07:00:00 +0000 	""/Library/Application Support/Microsoft/MAU2.0/Microsoft AutoUpdate.app""	Developer ID Application: Microsoft Corporation (UBF8T346G9), Developer ID Certification Authority, Apple Root CA	
com.apple.ctcategories	 	2022-04-01 07:49:09 +0000 	""/Users/eric/Library/HTTPStorages/com.apple.ctcategories.service""	 	
Install Spotify	1.1.81.604.gccacfc8c	2022-03-15 10:21:55 +0000 	""/Users/eric/Downloads/Install Spotify.app""	Developer ID Application: Spotify (2FNC3A47ZF), Developer ID Certification Authority, Apple Root CA	
AWS VPN Client	3.7.0	2023-07-26 01:18:14 +0000 	""/Applications/AWS VPN Client/AWS VPN Client.app""	Developer ID Application: AMZN Mobile LLC (94KV3E626L), Developer ID Certification Authority, Apple Root CA	
Uninstall AWS VPN Client	1.0	2023-07-26 01:18:15 +0000 	""/Applications/AWS VPN Client/Uninstall AWS VPN Client.app""	Developer ID Application: AMZN Mobile LLC (94KV3E626L), Developer ID Certification Authority, Apple Root CA	
Eclipse	4.23.0	2022-04-13 14:47:53 +0000 	""/Users/eric/eclipse/jee-2022-03/Eclipse.app""	Developer ID Application: Eclipse Foundation, Inc. (JCDTMS22B4), Developer ID Certification Authority, Apple Root CA	
IDLE	3.10.4	2022-03-23 21:32:56 +0000 	""/Applications/Python 3.10/IDLE.app""	Developer ID Application: Ned Deily (DJ3H93M7VJ), Developer ID Certification Authority, Apple Root CA	
Python Launcher	3.10.4	2022-03-23 21:32:55 +0000 	""/Applications/Python 3.10/Python Launcher.app""	Developer ID Application: Ned Deily (DJ3H93M7VJ), Developer ID Certification Authority, Apple Root CA	
Python	3.10.4	2022-03-23 21:32:48 +0000 	""/Library/Frameworks/Python.framework/Versions/3.10/Resources/Python.app""	Developer ID Application: Ned Deily (DJ3H93M7VJ), Developer ID Certification Authority, Apple Root CA	
Python	3.9.6	2023-05-09 09:48:22 +0000 	""/Library/Developer/CommandLineTools/Library/Frameworks/Python3.framework/Versions/3.9/Resources/Python.app""	Software Signing, Apple Code Signing Certification Authority, Apple Root CA	
GarageBand	10.4.5	2021-12-03 23:43:53 +0000 	""/Applications/GarageBand.app""	Apple Mac OS Application Signing, Apple Worldwide Developer Relations Certification Authority, Apple Root CA	
iMovie	10.3.1	2021-11-09 12:44:14 +0000 	""/Applications/iMovie.app""	Apple Mac OS Application Signing, Apple Worldwide Developer Relations Certification Authority, Apple Root CA	
Keynote	11.2	2021-09-15 15:24:07 +0000 	""/Applications/Keynote.app""	Apple Mac OS Application Signing, Apple Worldwide Developer Relations Certification Authority, Apple Root CA	
Numbers	11.2	2021-09-15 15:23:00 +0000 	""/Applications/Numbers.app""	Apple Mac OS Application Signing, Apple Worldwide Developer Relations Certification Authority, Apple Root CA	
Pages	11.2	2021-09-15 15:24:03 +0000 	""/Applications/Pages.app""	Apple Mac OS Application Signing, Apple Worldwide Developer Relations Certification Authority, Apple Root CA	
WebKitPluginHost	 	2021-11-19 22:26:11 +0000 	""/Library/Developer/CommandLineTools/SDKs/MacOSX12.1.sdk/System/Library/Frameworks/WebKit.framework/Versions/A/Frameworks/WebKitLegacy.framework/Versions/A/WebKitPluginHost.app""	 	
WebKitPluginHost	 	2022-12-02 03:45:48 +0000 	""/Library/Developer/CommandLineTools/SDKs/MacOSX12.3.sdk/System/Library/Frameworks/WebKit.framework/Versions/A/Frameworks/WebKitLegacy.framework/Versions/A/WebKitPluginHost.app""	 	
Remote Desktop Manager	2023.3.10.2	2023-11-30 21:16:52 +0000 	""/Applications/Remote Desktop Manager.app""	Developer ID Application: Devolutions inc. (N592S9ASDB), Developer ID Certification Authority, Apple Root CA	
group.is.workflow	 	2022-08-22 16:31:35 +0000 	""/Users/eric/Library/Application Scripts/group.is.workflow.my.app""	 	
com.microsoft.openxml	 	2022-08-22 16:39:33 +0000 	""/Users/eric/Library/Application Scripts/com.microsoft.openxml.excel.app""	 	
container	 	2023-05-24 07:55:09 +0000 	""/Users/eric/Applications/Chrome Apps.localized/container.app""	Developer ID Application: Google LLC (EQHXZ8M8AV), Developer ID Certification Authority, Apple Root CA	
Microsoft Teams classic	1.00.700151	2024-01-02 04:11:58 +0000 	""/Applications/Microsoft Teams classic.app""	Developer ID Application: Microsoft Corporation (UBF8T346G9), Developer ID Certification Authority, Apple Root CA	
Shottr	1.6.2	2023-02-25 05:12:23 +0000 	""/Applications/Shottr.app""	Developer ID Application: Max Kovalenko (2Y683PRQWN), Developer ID Certification Authority, Apple Root CA	
Visual Studio Code	1.77.3	2023-04-12 17:01:10 +0000 	""/Users/eric/Downloads/Visual Studio Code.app""	Developer ID Application: Microsoft Corporation (UBF8T346G9), Developer ID Certification Authority, Apple Root CA	
VIP Access	1.0.7	2018-12-04 11:42:02 +0000 	""/Applications/VIP Access.app""	Developer ID Application: Symantec (9PTGMPNXZ2), Developer ID Certification Authority, Apple Root CA	
zoom	5.17.11 (31580)	2024-03-07 19:32:20 +0000 	""/Applications/zoom.us.app""	Developer ID Application: Zoom Video Communications, Inc. (BJ4HAAB9B3), Developer ID Certification Authority, Apple Root CA	
org.eclipse	 	2024-04-10 08:21:02 +0000 	""/Users/eric/Library/DBeaverData/install-data/org.jkiss.dbeaver.product/24.0.2/org.eclipse.equinox.app""	 	
org.eclipse	 	2024-04-05 08:47:26 +0000 	""/Users/eric/Library/DBeaverData/install-data/org.jkiss.dbeaver.product/24.0.0/org.eclipse.equinox.app""	 	
Slack	4.34.121	2023-09-28 22:07:38 +0000 	""/Applications/Slack.app""	Apple Mac OS Application Signing, Apple Worldwide Developer Relations Certification Authority, Apple Root CA	
QualysCloudAgent	5.5.0-17	2024-03-07 10:07:18 +0000 	""/Applications/QualysCloudAgent.app""	Developer ID Application: Qualys Inc. (CLRUMG7LZ6), Developer ID Certification Authority, Apple Root CA	
VirtualBox	7.0.8	2023-04-17 18:28:41 +0000 	""/Applications/VirtualBox.app""	Developer ID Application: Oracle America, Inc. (VB5E2TV963), Developer ID Certification Authority, Apple Root CA	
XProtect	135	2024-05-23 01:43:48 +0000 	""/Library/Apple/System/Library/CoreServices/XProtect.app""	Software Signing, Apple Code Signing Certification Authority, Apple Root CA	
Microsoft Teams (work or school)	24137.2012.2930.9819	2024-06-11 07:07:03 +0000 	""/Applications/Microsoft Teams (work or school).app""	Developer ID Application: Microsoft Corporation (UBF8T346G9), Developer ID Certification Authority, Apple Root CA	
DBeaver	24.0.5	2024-05-19 15:11:06 +0000 	""/Applications/DBeaver.app""	Developer ID Application: DBeaver Corporation (42B6MDKMW8), Developer ID Certification Authority, Apple Root CA	
Spotify	1.2.39.578.g0ea3f38b	2022-03-15 10:27:37 +0000 	""/Applications/Spotify.app""	Developer ID Application: Spotify (2FNC3A47ZF), Developer ID Certification Authority, Apple Root CA	
Microsoft Excel	16.86	2024-02-11 08:00:00 +0000 	""/Applications/Microsoft Excel.app""	Developer ID Application: Microsoft Corporation (UBF8T346G9), Developer ID Certification Authority, Apple Root CA	
Microsoft Outlook	16.86	2023-10-08 07:00:00 +0000 	""/Applications/Microsoft Outlook.app""	Developer ID Application: Microsoft Corporation (UBF8T346G9), Developer ID Certification Authority, Apple Root CA	
Microsoft Word	16.86	2023-10-08 07:00:00 +0000 	""/Applications/Microsoft Word.app""	Developer ID Application: Microsoft Corporation (UBF8T346G9), Developer ID Certification Authority, Apple Root CA	
Prime Video	10.25	2024-05-31 21:29:00 +0000 	""/Applications/Prime Video.app""	Apple Mac OS Application Signing, Apple Worldwide Developer Relations Certification Authority, Apple Root CA	
Microsoft OneNote	16.86	2024-02-11 08:00:00 +0000 	""/Applications/Microsoft OneNote.app""	Developer ID Application: Microsoft Corporation (UBF8T346G9), Developer ID Certification Authority, Apple Root CA	
Microsoft PowerPoint	16.86	2023-10-08 07:00:00 +0000 	""/Applications/Microsoft PowerPoint.app""	Developer ID Application: Microsoft Corporation (UBF8T346G9), Developer ID Certification Authority, Apple Root CA	
OneDrive	24.113.0604	2024-06-11 06:47:02 +0000 	""/Applications/OneDrive.app""	Developer ID Application: Microsoft Corporation (UBF8T346G9), Developer ID Certification Authority, Apple Root CA	
GoogleUpdater	128.0.6537.0	2024-06-17 08:54:15 +0000 	""/Users/eric/Library/Application Support/Google/GoogleUpdater/128.0.6537.0/GoogleUpdater.app""	Developer ID Application: Google LLC (EQHXZ8M8AV), Developer ID Certification Authority, Apple Root CA	
Mission Control	1.2	(null) 	""/System/Applications/Mission Control.app""	Software Signing, Apple Code Signing Certification Authority, Apple Root CA	
Musik	1.4.5	(null) 	""/System/Applications/Music.app""	Software Signing, Apple Code Signing Certification Authority, Apple Root CA	
News	9.4	(null) 	""/System/Applications/News.app""	Software Signing, Apple Code Signing Certification Authority, Apple Root CA	
Notizen	4.11	(null) 	""/System/Applications/Notes.app""	Software Signing, Apple Code Signing Certification Authority, Apple Root CA	
Photo Booth	13.1	(null) 	""/System/Applications/Photo Booth.app""	Software Signing, Apple Code Signing Certification Authority, Apple Root CA	
Fotos	9.0	(null) 	""/System/Applications/Photos.app""	Software Signing, Apple Code Signing Certification Authority, Apple Root CA	
Podcasts	1.1.0	(null) 	""/System/Applications/Podcasts.app""	Software Signing, Apple Code Signing Certification Authority, Apple Root CA	
Vorschau	11.0	(null) 	""/System/Applications/Preview.app""	Software Signing, Apple Code Signing Certification Authority, Apple Root CA	
QuickTime Player	10.5	(null) 	""/System/Applications/QuickTime Player.app""	Software Signing, Apple Code Signing Certification Authority, Apple Root CA	
Erinnerungen	7.0	(null) 	""/System/Applications/Reminders.app""	Software Signing, Apple Code Signing Certification Authority, Apple Root CA	
Kurzbefehle	7.0	(null) 	""/System/Applications/Shortcuts.app""	Software Signing, Apple Code Signing Certification Authority, Apple Root CA	
Siri	1.0	(null) 	""/System/Applications/Siri.app""	Software Signing, Apple Code Signing Certification Authority, Apple Root CA	
Siri	3305.2.1	(null) 	""/System/Library/CoreServices/Siri.app""	Software Signing, Apple Code Signing Certification Authority, Apple Root CA	
Notizzettel	10.2	(null) 	""/System/Applications/Stickies.app""	Software Signing, Apple Code Signing Certification Authority, Apple Root CA	
Aktien	6.2.2	(null) 	""/System/Applications/Stocks.app""	Software Signing, Apple Code Signing Certification Authority, Apple Root CA	
System­einstellungen	15.0	(null) 	""/System/Applications/System Settings.app""	Software Signing, Apple Code Signing Certification Authority, Apple Root CA	
TV	1.4.5	(null) 	""/System/Applications/TV.app""	Software Signing, Apple Code Signing Certification Authority, Apple Root CA	
AOSUIPrefPaneLauncher	1.0	(null) 	""/System/Library/CoreServices/AOSUIPrefPaneLauncher.app""	Software Signing, Apple Code Signing Certification Authority, Apple Root CA	
AVB-Konfiguration	1220.1	(null) 	""/System/Library/CoreServices/AVB Configuration.app""	Software Signing, Apple Code Signing Certification Authority, Apple Root CA	
Drucker hinzufügen	607	(null) 	""/System/Library/CoreServices/AddPrinter.app""	Software Signing, Apple Code Signing Certification Authority, Apple Root CA	
AddressBookUrlForwarder	14.0	(null) 	""/System/Library/CoreServices/AddressBookUrlForwarder.app""	Software Signing, Apple Code Signing Certification Authority, Apple Root CA	
AirPlayUIAgent	2.0	(null) 	""/System/Library/CoreServices/AirPlayUIAgent.app""	Software Signing, Apple Code Signing Certification Authority, Apple Root CA	
AirPort Base Station Agent	2.2.1	(null) 	""/System/Library/CoreServices/AirPort Base Station Agent.app""	Software Signing, Apple Code Signing Certification Authority, Apple Root CA	
AppleScript-Dienstprogramm	1.1.2	(null) 	""/System/Library/CoreServices/AppleScript Utility.app""	Software Signing, Apple Code Signing Certification Authority, Apple Root CA	
AskToMessagesHost	1.0	(null) 	""/System/Library/CoreServices/AskToMessagesHost.app""	Software Signing, Apple Code Signing Certification Authority, Apple Root CA	
Automator Application Stub	1.3	(null) 	""/System/Library/CoreServices/Automator Application Stub.app""	 	
Automator-Installationsprogramm	2.10	(null) 	""/System/Library/CoreServices/Automator Installer.app""	Software Signing, Apple Code Signing Certification Authority, Apple Root CA	
Batterien	1.0	(null) 	""/System/Library/CoreServices/Batteries.app""	Software Signing, Apple Code Signing Certification Authority, Apple Root CA	
Bluetooth-Assistent	9.0	(null) 	""/System/Library/CoreServices/BluetoothSetupAssistant.app""	Software Signing, Apple Code Signing Certification Authority, Apple Root CA	
BluetoothUIServer	9.0	(null) 	""/System/Library/CoreServices/BluetoothUIServer.app""	Software Signing, Apple Code Signing Certification Authority, Apple Root CA	
BluetoothUIService	1.0	(null) 	""/System/Library/CoreServices/BluetoothUIService.app""	Software Signing, Apple Code Signing Certification Authority, Apple Root CA	
CalendarFileHandler	8.0	(null) 	""/System/Library/CoreServices/CalendarFileHandler.app""	Software Signing, Apple Code Signing Certification Authority, Apple Root CA	
Captive Network Assistant	5.0	(null) 	""/System/Library/CoreServices/Captive Network Assistant.app""	Software Signing, Apple Code Signing Certification Authority, Apple Root CA	
Zertifikatsassistent	5.0	(null) 	""/System/Library/CoreServices/Certificate Assistant.app""	Software Signing, Apple Code Signing Certification Authority, Apple Root CA	
Kontrollzentrum	1.0	(null) 	""/System/Library/CoreServices/ControlCenter.app""	Software Signing, Apple Code Signing Certification Authority, Apple Root CA	
ControlStrip	1.0	(null) 	""/System/Library/CoreServices/ControlStrip.app""	Software Signing, Apple Code Signing Certification Authority, Apple Root CA	
CoreLocationAgent	2890.16.16	(null) 	""/System/Library/CoreServices/CoreLocationAgent.app""	Software Signing, Apple Code Signing Certification Authority, Apple Root CA	
CoreServicesUIAgent	369	(null) 	""/System/Library/CoreServices/CoreServicesUIAgent.app""	Software Signing, Apple Code Signing Certification Authority, Apple Root CA	
Abdeckungsdetails	1.0	(null) 	""/System/Library/CoreServices/Coverage Details.app""	Software Signing, Apple Code Signing Certification Authority, Apple Root CA	
Database Events	1.0.6	(null) 	""/System/Library/CoreServices/Database Events.app""	Software Signing, Apple Code Signing Certification Authority, Apple Root CA	
Diagnostics Reporter	1.0	(null) 	""/System/Library/CoreServices/Diagnostics Reporter.app""	Software Signing, Apple Code Signing Certification Authority, Apple Root CA	
DiscHelper	1.0	(null) 	""/System/Library/CoreServices/DiscHelper.app""	Software Signing, Apple Code Signing Certification Authority, Apple Root CA	
DiskImageMounter	1.0	(null) 	""/System/Library/CoreServices/DiskImageMounter.app""	Software Signing, Apple Code Signing Certification Authority, Apple Root CA	
Dock	1.8	(null) 	""/System/Library/CoreServices/Dock.app""	Software Signing, Apple Code Signing Certification Authority, Apple Root CA	
Dwell Control	1.0	(null) 	""/System/Library/CoreServices/Dwell Control.app""	Software Signing, Apple Code Signing Certification Authority, Apple Root CA	
Löschassistent	1.0	(null) 	""/System/Library/CoreServices/Erase Assistant.app""	Software Signing, Apple Code Signing Certification Authority, Apple Root CA	
EscrowSecurityAlert	1.0	(null) 	""/System/Library/CoreServices/EscrowSecurityAlert.app""	Software Signing, Apple Code Signing Certification Authority, Apple Root CA	
Family	1.0	2024-05-07 07:01:44 +0000 	""/System/Library/CoreServices/Family.app""	Software Signing, Apple Code Signing Certification Authority, Apple Root CA	
FolderActionsDispatcher	1.0	(null) 	""/System/Library/CoreServices/FolderActionsDispatcher.app""	Software Signing, Apple Code Signing Certification Authority, Apple Root CA	
Game Center	1.0	(null) 	""/System/Library/CoreServices/Game Center.app""	Software Signing, Apple Code Signing Certification Authority, Apple Root CA	
IOUIAgent	1.0	(null) 	""/System/Library/CoreServices/IOUIAgent.app""	Software Signing, Apple Code Signing Certification Authority, Apple Root CA	
Image Events	1.1.6	(null) 	""/System/Library/CoreServices/Image Events.app""	Software Signing, Apple Code Signing Certification Authority, Apple Root CA	
Install Command Line Developer Tools	2408	(null) 	""/System/Library/CoreServices/Install Command Line Developer Tools.app""	Software Signing, Apple Code Signing Certification Authority, Apple Root CA	
Installation wird durchgeführt	3.0	(null) 	""/System/Library/CoreServices/Install in Progress.app""	Software Signing, Apple Code Signing Certification Authority, Apple Root CA	
Installer Progress	1.0	(null) 	""/System/Library/CoreServices/Installer Progress.app""	Software Signing, Apple Code Signing Certification Authority, Apple Root CA	
Installationsprogramm	6.2.0	(null) 	""/System/Library/CoreServices/Installer.app""	Software Signing, Apple Code Signing Certification Authority, Apple Root CA	
JavaLauncher	321	(null) 	""/System/Library/CoreServices/JavaLauncher.app""	Software Signing, Apple Code Signing Certification Authority, Apple Root CA	
KeyboardAccessAgent	10	(null) 	""/System/Library/CoreServices/KeyboardAccessAgent.app""	Software Signing, Apple Code Signing Certification Authority, Apple Root CA	
KeyboardSetupAssistant	1.0	(null) 	""/System/Library/CoreServices/KeyboardSetupAssistant.app""	Software Signing, Apple Code Signing Certification Authority, Apple Root CA	
Keychain Circle Notification	1.0	(null) 	""/System/Library/CoreServices/Keychain Circle Notification.app""	Software Signing, Apple Code Signing Certification Authority, Apple Root CA	
Sprachauswahl	1.0	(null) 	""/System/Library/CoreServices/Language Chooser.app""	Software Signing, Apple Code Signing Certification Authority, Apple Root CA	
MTLReplayer	270.13.3	(null) 	""/System/Library/CoreServices/MTLReplayer.app""	Software Signing, Apple Code Signing Certification Authority, Apple Root CA	
ManagedClient	16.5	(null) 	""/System/Library/CoreServices/ManagedClient.app""	Software Signing, Apple Code Signing Certification Authority, Apple Root CA	
MediaMLPluginApp	1.0	(null) 	""/System/Library/CoreServices/MediaMLPluginApp.app""	Software Signing, Apple Code Signing Certification Authority, Apple Root CA	
App Store	3.0	(null) 	""/System/Applications/App Store.app""	Software Signing, Apple Code Signing Certification Authority, Apple Root CA	
Automator	2.10	(null) 	""/System/Applications/Automator.app""	Software Signing, Apple Code Signing Certification Authority, Apple Root CA	
Bücher	6.4	(null) 	""/System/Applications/Books.app""	Software Signing, Apple Code Signing Certification Authority, Apple Root CA	
Rechner	10.16	(null) 	""/System/Applications/Calculator.app""	Software Signing, Apple Code Signing Certification Authority, Apple Root CA	
Kalender	14.0	(null) 	""/System/Applications/Calendar.app""	Software Signing, Apple Code Signing Certification Authority, Apple Root CA	
Schach	3.18	(null) 	""/System/Applications/Chess.app""	Software Signing, Apple Code Signing Certification Authority, Apple Root CA	
Uhr	1.1	(null) 	""/System/Applications/Clock.app""	Software Signing, Apple Code Signing Certification Authority, Apple Root CA	
Kontakte	14.0	(null) 	""/System/Applications/Contacts.app""	Software Signing, Apple Code Signing Certification Authority, Apple Root CA	
Kontakte	1.0	(null) 	""/System/Library/CoreServices/PeopleViewService.app""	Software Signing, Apple Code Signing Certification Authority, Apple Root CA	
Lexikon	2.3.0	(null) 	""/System/Applications/Dictionary.app""	Software Signing, Apple Code Signing Certification Authority, Apple Root CA	
FaceTime	5.0	(null) 	""/System/Applications/FaceTime.app""	Software Signing, Apple Code Signing Certification Authority, Apple Root CA	
Wo ist?	4.0	(null) 	""/System/Applications/FindMy.app""	Software Signing, Apple Code Signing Certification Authority, Apple Root CA	
Schriftsammlung	11.0	(null) 	""/System/Applications/Font Book.app""	Software Signing, Apple Code Signing Certification Authority, Apple Root CA	
Freeform	2.4	(null) 	""/System/Applications/Freeform.app""	Software Signing, Apple Code Signing Certification Authority, Apple Root CA	
Home	8.0	(null) 	""/System/Applications/Home.app""	Software Signing, Apple Code Signing Certification Authority, Apple Root CA	
Digitale Bilder	8.0	(null) 	""/System/Applications/Image Capture.app""	Software Signing, Apple Code Signing Certification Authority, Apple Root CA	
Launchpad	1.0	(null) 	""/System/Applications/Launchpad.app""	Software Signing, Apple Code Signing Certification Authority, Apple Root CA	
Mail	16.0	(null) 	""/System/Applications/Mail.app""	Software Signing, Apple Code Signing Certification Authority, Apple Root CA	
Karten	3.0	(null) 	""/System/Applications/Maps.app""	Software Signing, Apple Code Signing Certification Authority, Apple Root CA	
Nachrichten	14.0	(null) 	""/System/Applications/Messages.app""	Software Signing, Apple Code Signing Certification Authority, Apple Root CA	
TextEdit	1.19	(null) 	""/System/Applications/TextEdit.app""	Software Signing, Apple Code Signing Certification Authority, Apple Root CA	
Time Machine	1.3	(null) 	""/System/Applications/Time Machine.app""	Software Signing, Apple Code Signing Certification Authority, Apple Root CA	
Aktivitätsanzeige	10.14	(null) 	""/System/Applications/Utilities/Activity Monitor.app""	Software Signing, Apple Code Signing Certification Authority, Apple Root CA	
AirPort-Dienstprogramm	6.3.9	(null) 	""/System/Applications/Utilities/AirPort Utility.app""	Software Signing, Apple Code Signing Certification Authority, Apple Root CA	
Audio-MIDI-Setup	3.6	(null) 	""/System/Applications/Utilities/Audio MIDI Setup.app""	Software Signing, Apple Code Signing Certification Authority, Apple Root CA	
Bluetooth-Datenaustausch	9.0	(null) 	""/System/Applications/Utilities/Bluetooth File Exchange.app""	Software Signing, Apple Code Signing Certification Authority, Apple Root CA	
Boot Camp-Assistent	6.1.0	(null) 	""/System/Applications/Utilities/Boot Camp Assistant.app""	Software Signing, Apple Code Signing Certification Authority, Apple Root CA	
ColorSync-Dienstprogramm	12.0.0	(null) 	""/System/Applications/Utilities/ColorSync Utility.app""	Software Signing, Apple Code Signing Certification Authority, Apple Root CA	
Konsole	1.1	(null) 	""/System/Applications/Utilities/Console.app""	Software Signing, Apple Code Signing Certification Authority, Apple Root CA	
Digital Color Meter	5.22	(null) 	""/System/Applications/Utilities/Digital Color Meter.app""	Software Signing, Apple Code Signing Certification Authority, Apple Root CA	
Festplatten­dienstprogramm	22.6	(null) 	""/System/Applications/Utilities/Disk Utility.app""	Software Signing, Apple Code Signing Certification Authority, Apple Root CA	
Grapher	2.7	(null) 	""/System/Applications/Utilities/Grapher.app""	Software Signing, Apple Code Signing Certification Authority, Apple Root CA	
Schlüsselbund­verwaltung	11.0	(null) 	""/System/Applications/Utilities/Keychain Access.app""	Software Signing, Apple Code Signing Certification Authority, Apple Root CA	
Migrations­assistent	14.5	(null) 	""/System/Applications/Utilities/Migration Assistant.app""	Software Signing, Apple Code Signing Certification Authority, Apple Root CA	
Druckzentrale	1.0	(null) 	""/System/Applications/Utilities/Print Center.app""	Software Signing, Apple Code Signing Certification Authority, Apple Root CA	
Bildschirm­freigabe	4.3	(null) 	""/System/Applications/Utilities/Screen Sharing.app""	Software Signing, Apple Code Signing Certification Authority, Apple Root CA	
Bildschirmfoto	1.0	(null) 	""/System/Applications/Utilities/Screenshot.app""	Software Signing, Apple Code Signing Certification Authority, Apple Root CA	
Skripteditor	2.11	(null) 	""/System/Applications/Utilities/Script Editor.app""	Software Signing, Apple Code Signing Certification Authority, Apple Root CA	
System­informationen	11.0	(null) 	""/System/Applications/Utilities/System Information.app""	Software Signing, Apple Code Signing Certification Authority, Apple Root CA	
Terminal	2.14	(null) 	""/System/Applications/Utilities/Terminal.app""	Software Signing, Apple Code Signing Certification Authority, Apple Root CA	
VoiceOver-Dienstprogramm	10	(null) 	""/System/Applications/Utilities/VoiceOver Utility.app""	Software Signing, Apple Code Signing Certification Authority, Apple Root CA	
Sprachmemos	2.4	(null) 	""/System/Applications/VoiceMemos.app""	Software Signing, Apple Code Signing Certification Authority, Apple Root CA	
Wetter	4.2.2	(null) 	""/System/Applications/Weather.app""	Software Signing, Apple Code Signing Certification Authority, Apple Root CA	
Über diesen Mac	1.0	(null) 	""/System/Library/CoreServices/Applications/About This Mac.app""	Software Signing, Apple Code Signing Certification Authority, Apple Root CA	
Archivierungsprogramm	10.15	(null) 	""/System/Library/CoreServices/Applications/Archive Utility.app""	Software Signing, Apple Code Signing Certification Authority, Apple Root CA	
DVD-Player	6.0	(null) 	""/System/Library/CoreServices/Applications/DVD Player.app""	Software Signing, Apple Code Signing Certification Authority, Apple Root CA	
Schreibtischansicht	1.0	(null) 	""/System/Library/CoreServices/Applications/Desk View.app""	Software Signing, Apple Code Signing Certification Authority, Apple Root CA	
Verzeichnisdienste	6.4	(null) 	""/System/Library/CoreServices/Applications/Directory Utility.app""	Software Signing, Apple Code Signing Certification Authority, Apple Root CA	
Dienstprogramm für Erweiterungssteckplätze	2.0	(null) 	""/System/Library/CoreServices/Applications/Expansion Slot Utility.app""	Software Signing, Apple Code Signing Certification Authority, Apple Root CA	
Feedback-Assistent	5.1	(null) 	""/System/Library/CoreServices/Applications/Feedback Assistant.app""	Software Signing, Apple Code Signing Certification Authority, Apple Root CA	
Ordneraktionen konfigurieren	1.2	(null) 	""/System/Library/CoreServices/Applications/Folder Actions Setup.app""	Software Signing, Apple Code Signing Certification Authority, Apple Root CA	
Ticket-Viewer	4.1	(null) 	""/System/Library/CoreServices/Applications/Ticket Viewer.app""	Software Signing, Apple Code Signing Certification Authority, Apple Root CA	
Diagnose für drahtlose Umgebungen	11.0	(null) 	""/System/Library/CoreServices/Applications/Wireless Diagnostics.app""	Software Signing, Apple Code Signing Certification Authority, Apple Root CA	
iOS-App-Installationsprogramm	1.0	(null) 	""/System/Library/CoreServices/Applications/iOS App Installer.app""	Software Signing, Apple Code Signing Certification Authority, Apple Root CA	
Finder	14.5	(null) 	""/System/Library/CoreServices/Finder.app""	Software Signing, Apple Code Signing Certification Authority, Apple Root CA	
AirDrop	14.5	(null) 	""/System/Library/CoreServices/Finder.app/Contents/Applications/AirDrop.app""	Software Signing, Apple Code Signing Certification Authority, Apple Root CA	
Computer	14.5	(null) 	""/System/Library/CoreServices/Finder.app/Contents/Applications/Computer.app""	Software Signing, Apple Code Signing Certification Authority, Apple Root CA	
Netzwerk	14.5	(null) 	""/System/Library/CoreServices/Finder.app/Contents/Applications/Network.app""	Software Signing, Apple Code Signing Certification Authority, Apple Root CA	
Zuletzt benutzt	14.5	(null) 	""/System/Library/CoreServices/Finder.app/Contents/Applications/Recents.app""	Software Signing, Apple Code Signing Certification Authority, Apple Root CA	
iCloud Drive	14.5	(null) 	""/System/Library/CoreServices/Finder.app/Contents/Applications/iCloud Drive.app""	Software Signing, Apple Code Signing Certification Authority, Apple Root CA	
iCloud Drive	1.0	(null) 	""/System/Library/PrivateFrameworks/CloudDocsDaemon.framework/Versions/A/Resources/iCloud Drive.app""	Software Signing, Apple Code Signing Certification Authority, Apple Root CA	
Help Viewer	7.0	(null) 	""/System/Library/CoreServices/Help Viewer.app""	Software Signing, Apple Code Signing Certification Authority, Apple Root CA	
Tipps	10.0	(null) 	""/System/Library/CoreServices/Tips.app""	Software Signing, Apple Code Signing Certification Authority, Apple Root CA	
Dienstprogramm für Speichersteckplätze	1.5.3	(null) 	""/System/Library/CoreServices/Memory Slot Utility.app""	Software Signing, Apple Code Signing Certification Authority, Apple Root CA	
Musikerkennung	1.0	(null) 	""/System/Library/CoreServices/MusicRecognitionMac.app""	Software Signing, Apple Code Signing Certification Authority, Apple Root CA	
NetAuthAgent	6.2	(null) 	""/System/Library/CoreServices/NetAuthAgent.app""	Software Signing, Apple Code Signing Certification Authority, Apple Root CA	
Mitteilungszentrale	1.0	(null) 	""/System/Library/CoreServices/NotificationCenter.app""	Software Signing, Apple Code Signing Certification Authority, Apple Root CA	
NowPlayingTouchUI	1.0	(null) 	""/System/Library/CoreServices/NowPlayingTouchUI.app""	Software Signing, Apple Code Signing Certification Authority, Apple Root CA	
OBEXAgent	9.0	(null) 	""/System/Library/CoreServices/OBEXAgent.app""	Software Signing, Apple Code Signing Certification Authority, Apple Root CA	
ODSAgent	1.9	(null) 	""/System/Library/CoreServices/ODSAgent.app""	Software Signing, Apple Code Signing Certification Authority, Apple Root CA	
OSDUIHelper	1.1	(null) 	""/System/Library/CoreServices/OSDUIHelper.app""	Software Signing, Apple Code Signing Certification Authority, Apple Root CA	
PIPAgent	1.0	(null) 	""/System/Library/CoreServices/PIPAgent.app""	Software Signing, Apple Code Signing Certification Authority, Apple Root CA	
Gekoppelte Geräte	5.5.0	(null) 	""/System/Library/CoreServices/Paired Devices.app""	Software Signing, Apple Code Signing Certification Authority, Apple Root CA	
Pass Viewer	1.0	(null) 	""/System/Library/CoreServices/Pass Viewer.app""	Software Signing, Apple Code Signing Certification Authority, Apple Root CA	
PeopleMessageService	1.0	(null) 	""/System/Library/CoreServices/PeopleMessageService.app""	Software Signing, Apple Code Signing Certification Authority, Apple Root CA	
PowerChime	1.0	(null) 	""/System/Library/CoreServices/PowerChime.app""	Software Signing, Apple Code Signing Certification Authority, Apple Root CA	
PreviewShell	15.3	(null) 	""/System/Library/CoreServices/PreviewShell.app""	Software Signing, Apple Code Signing Certification Authority, Apple Root CA	
Pro Display-Kalibrierung	2.0.2	(null) 	""/System/Library/CoreServices/Pro Display Calibrator.app""	Software Signing, Apple Code Signing Certification Authority, Apple Root CA	
Problem Reporter	10.13	(null) 	""/System/Library/CoreServices/Problem Reporter.app""	Software Signing, Apple Code Signing Certification Authority, Apple Root CA	
Profilinstallation	1.0	(null) 	""/System/Library/CoreServices/ProfileHelper.app""	Software Signing, Apple Code Signing Certification Authority, Apple Root CA	
RapportUIAgent	5.5.0	(null) 	""/System/Library/CoreServices/RapportUIAgent.app""	Software Signing, Apple Code Signing Certification Authority, Apple Root CA	
RegisterPluginIMApp	25	(null) 	""/System/Library/CoreServices/RegisterPluginIMApp.app""	Software Signing, Apple Code Signing Certification Authority, Apple Root CA	
ARDAgent	3.9.8	(null) 	""/System/Library/CoreServices/RemoteManagement/ARDAgent.app""	Software Signing, Apple Code Signing Certification Authori#","no",,,"Information gathering","Cloud Agent, EricsPlaygroundAgents, Test for Sven, Test for Sven.1ddfe2aa-4a79-4155-87ca-da5c1830e92d, Test for Sven.275c0cc2-422a-4fbd-afb6-35a9338bab4a, TestEric, TestEric.00b1e415-6d3e-4c23-b103-9fe0e9dcd8c3, TestEric.dfe6ea77-f19a-457a-ac5e-164893add4ca"
"192.168.178.42","Global Default Network","mbp-von-eric.fritz.box","MBP-VON-ERIC","eda2e783-774f-4af0-b0e5-09957a4ac60b",,"QAGENT","macOS 14.5","host scanned, found vuln","45105","Google Chrome Web Browser Detected",,"Ig","1",,,,,"02/19/2024 21:53:30","06/18/2024 10:51:50","246",,,,,"Application Name	Version	Location	
Google Chrome	 126.0.6478.61	 /Applications/Google Chrome.app#","no",,,"Information gathering","Cloud Agent, EricsPlaygroundAgents, Test for Sven, Test for Sven.1ddfe2aa-4a79-4155-87ca-da5c1830e92d, Test for Sven.275c0cc2-422a-4fbd-afb6-35a9338bab4a, TestEric, TestEric.00b1e415-6d3e-4c23-b103-9fe0e9dcd8c3, TestEric.dfe6ea77-f19a-457a-ac5e-164893add4ca"
"192.168.178.42","Global Default Network","mbp-von-eric.fritz.box","MBP-VON-ERIC","eda2e783-774f-4af0-b0e5-09957a4ac60b",,"QAGENT","macOS 14.5","host scanned, found vuln","45076","Network File System (NFS) Statistics",,"Ig","1",,,,,"04/04/2024 04:14:54","06/18/2024 10:51:50","159",,,,,"nfsstat -s

Server Info:
RPC Counts:
Getattr      Setattr       Lookup     Readlink         Read        Write 
0            0            0            0            0            0 
Create       Remove       Rename         Link      Symlink        Mkdir 
0            0            0            0            0            0 
Rmdir      Readdir     RdirPlus       Access        Mknod       Fsstat 
0            0            0            0            0            0 
Fsinfo     PathConf       Commit 
0            0            0 
Server Faults:
RPC Errors       Errors 
0            0 
Server Cache Stats:
Inprog         Idem     Non-idem       Misses 
0            0            0            0 
Server Write Gathering:
WriteOps     WriteRPC      Opsaved 
0            0            0#","no",,,"Information gathering","Cloud Agent, EricsPlaygroundAgents, Test for Sven, Test for Sven.1ddfe2aa-4a79-4155-87ca-da5c1830e92d, Test for Sven.275c0cc2-422a-4fbd-afb6-35a9338bab4a, TestEric, TestEric.00b1e415-6d3e-4c23-b103-9fe0e9dcd8c3, TestEric.dfe6ea77-f19a-457a-ac5e-164893add4ca"
"192.168.178.42","Global Default Network","mbp-von-eric.fritz.box","MBP-VON-ERIC","eda2e783-774f-4af0-b0e5-09957a4ac60b",,"QAGENT","macOS 14.5","host scanned, found vuln","45072","Macintosh OS X Product Version",,"Ig","1",,,,,"02/19/2024 21:53:30","06/18/2024 10:51:50","246",,,,,"ProductName:  macOS
ProductVersion:  14.5
BuildVersion:  23F79#","no",,,"Information gathering","Cloud Agent, EricsPlaygroundAgents, Test for Sven, Test for Sven.1ddfe2aa-4a79-4155-87ca-da5c1830e92d, Test for Sven.275c0cc2-422a-4fbd-afb6-35a9338bab4a, TestEric, TestEric.00b1e415-6d3e-4c23-b103-9fe0e9dcd8c3, TestEric.dfe6ea77-f19a-457a-ac5e-164893add4ca"
"192.168.178.42","Global Default Network","mbp-von-eric.fritz.box","MBP-VON-ERIC","eda2e783-774f-4af0-b0e5-09957a4ac60b",,"QAGENT","macOS 14.5","host scanned, found vuln","45069","Contents of syslog.conf File",,"Ig","1",,,,,"02/19/2024 21:53:30","06/18/2024 10:51:50","246",,,,,"# Note that flat file logs are now configured in /etc/asl.conf

install.*      @127.0.0.1:32376#","no",,,"Information gathering","Cloud Agent, EricsPlaygroundAgents, Test for Sven, Test for Sven.1ddfe2aa-4a79-4155-87ca-da5c1830e92d, Test for Sven.275c0cc2-422a-4fbd-afb6-35a9338bab4a, TestEric, TestEric.00b1e415-6d3e-4c23-b103-9fe0e9dcd8c3, TestEric.dfe6ea77-f19a-457a-ac5e-164893add4ca"
"192.168.178.42","Global Default Network","mbp-von-eric.fritz.box","MBP-VON-ERIC","eda2e783-774f-4af0-b0e5-09957a4ac60b",,"QAGENT","macOS 14.5","host scanned, found vuln","43566","Apple Mac OS X Hardware Overview",,"Ig","1",,,,,"02/19/2024 21:53:30","06/18/2024 10:51:50","246",,,,,"Hardware:

Hardware Overview:

Model Name: MacBook Pro
Model Identifier: MacBookPro18,3
Model Number: MKGP3D/A
Chip: Apple M1 Pro
Total Number of Cores: 8 (6 performance and 2 efficiency)
Memory: 16 GB
System Firmware Version: 10151.121.1
OS Loader Version: 10151.121.1
Serial Number (system): WGFP7LRYRY
Hardware UUID: E81C854E-7667-5E7E-B314-D4E9C2227390
Provisioning UDID: 00006000-0012590A3689801E
Activation Lock Status: Enabled#","no",,,"Hardware","Cloud Agent, EricsPlaygroundAgents, Test for Sven, Test for Sven.1ddfe2aa-4a79-4155-87ca-da5c1830e92d, Test for Sven.275c0cc2-422a-4fbd-afb6-35a9338bab4a, TestEric, TestEric.00b1e415-6d3e-4c23-b103-9fe0e9dcd8c3, TestEric.dfe6ea77-f19a-457a-ac5e-164893add4ca"
"192.168.178.42","Global Default Network","mbp-von-eric.fritz.box","MBP-VON-ERIC","eda2e783-774f-4af0-b0e5-09957a4ac60b",,"QAGENT","macOS 14.5","host scanned, found vuln","43007","Network Adapter MAC Address",,"Ig","1",,,,,"02/19/2024 21:53:30","06/18/2024 10:51:50","246",,,,,"ether 32:39:72:1d:63:9c
ether 32:39:72:1d:63:9e
ether 32:39:72:1d:63:9d
ether 32:39:72:1d:63:7c
ether 32:39:72:1d:63:7d
ether 32:39:72:1d:63:7e
ether 36:3b:63:45:62:40
ether 36:3b:63:45:62:44
ether 36:3b:63:45:62:48
ether 36:3b:63:45:62:40
ether be:d0:74:18:55:1d
ether bc:d0:74:18:55:1d
ether 56:e0:9f:32:d2:5e
ether 56:e0:9f:32:d2:5e#","no",,,"Hardware","Cloud Agent, EricsPlaygroundAgents, Test for Sven, Test for Sven.1ddfe2aa-4a79-4155-87ca-da5c1830e92d, Test for Sven.275c0cc2-422a-4fbd-afb6-35a9338bab4a, TestEric, TestEric.00b1e415-6d3e-4c23-b103-9fe0e9dcd8c3, TestEric.dfe6ea77-f19a-457a-ac5e-164893add4ca"
"192.168.178.41","Global Default Network","desktop-m0k1qp3","DESKTOP-M0K1QP3","ff089bdc-52bd-4caa-93d1-0a1c4087e863",,"QAGENT","Windows 10 Home 64 bit Edition Version 22H2","host scanned, found vuln","92100","Microsoft .NET Core Security Update for January 2024","Active","Vuln","5",,,,,"02/29/2024 19:24:52","06/18/2024 09:58:28","472",,"CVE-2024-0057, CVE-2024-20672, CVE-2024-21319","CVE-2024-20672, CVE-2024-21319, CVE-2024-0057",,"943474ca16db7c65ba6cff4a89c3ebd219dde3e5
6.0.11

%programfiles%\dotnet\shared\Microsoft.NETCore.App\6.0.11\.version#","yes",,,"Windows","Cloud Agent, EricsPlaygroundAgents, Test for Sven, Test for Sven.1ddfe2aa-4a79-4155-87ca-da5c1830e92d, Test for Sven.275c0cc2-422a-4fbd-afb6-35a9338bab4a, TestEric, TestEric.00b1e415-6d3e-4c23-b103-9fe0e9dcd8c3"
"192.168.178.41","Global Default Network","desktop-m0k1qp3","DESKTOP-M0K1QP3","ff089bdc-52bd-4caa-93d1-0a1c4087e863",,"QAGENT","Windows 10 Home 64 bit Edition Version 22H2","host scanned, found vuln","379941","Google Chrome Prior to 126.0.6478.54 Multiple Vulnerabilities","Active","Vuln","4",,,,,"06/12/2024 23:29:27","06/18/2024 09:58:28","29",,"CVE-2024-5830, CVE-2024-5831, CVE-2024-5832, CVE-2024-5833, CVE-2024-5834, CVE-2024-5835, CVE-2024-5836, CVE-2024-5837, CVE-2024-5838, CVE-2024-5839, CVE-2024-5840, CVE-2024-5841, CVE-2024-5842, CVE-2024-5843, CVE-2024-5844, CVE-2024-5845, CVE-2024-5846, CVE-2024-5847","Google Chrome 126.0.6478.54",,"%ProgramFiles%\Google\Chrome\Application\125.0.6422.176\chrome.dll file version is 125.0.6422.176#","yes",,,"Local","Cloud Agent, EricsPlaygroundAgents, Test for Sven, Test for Sven.1ddfe2aa-4a79-4155-87ca-da5c1830e92d, Test for Sven.275c0cc2-422a-4fbd-afb6-35a9338bab4a, TestEric, TestEric.00b1e415-6d3e-4c23-b103-9fe0e9dcd8c3"
"192.168.178.41","Global Default Network","desktop-m0k1qp3","DESKTOP-M0K1QP3","ff089bdc-52bd-4caa-93d1-0a1c4087e863",,"QAGENT","Windows 10 Home 64 bit Edition Version 22H2","host scanned, found vuln","379492","Microsoft Visual Studio Code Security Update for March 2024","Active","Vuln","4",,,,,"03/27/2024 22:12:24","06/18/2024 09:58:28","367",,"CVE-2024-26165","CVE-2024-26165",,"Microsoft VS Code %systemdrive%\Users\big10\AppData\Local\Programs\Microsoft VS Code\Code.exe 1.85.1.0#","yes",,,"Local","Cloud Agent, EricsPlaygroundAgents, Test for Sven, Test for Sven.1ddfe2aa-4a79-4155-87ca-da5c1830e92d, Test for Sven.275c0cc2-422a-4fbd-afb6-35a9338bab4a, TestEric, TestEric.00b1e415-6d3e-4c23-b103-9fe0e9dcd8c3"
"192.168.178.41","Global Default Network","desktop-m0k1qp3","DESKTOP-M0K1QP3","ff089bdc-52bd-4caa-93d1-0a1c4087e863",,"QAGENT","Windows 10 Home 64 bit Edition Version 22H2","host scanned, found vuln","379406","Git for Windows Multiple Security Vulnerability (CVE-2022-29187,CVE-2022-31012)","Active","Vuln","4",,,,,"02/29/2024 19:24:52","06/18/2024 09:58:28","472",,"CVE-2022-29187, CVE-2022-31012","Git-2.37.1",,"C:\Program Files\Git\bin\git.exe  Version is  2.35.1.2#","yes",,,"Local","Cloud Agent, EricsPlaygroundAgents, Test for Sven, Test for Sven.1ddfe2aa-4a79-4155-87ca-da5c1830e92d, Test for Sven.275c0cc2-422a-4fbd-afb6-35a9338bab4a, TestEric, TestEric.00b1e415-6d3e-4c23-b103-9fe0e9dcd8c3"
"192.168.178.41","Global Default Network","desktop-m0k1qp3","DESKTOP-M0K1QP3","ff089bdc-52bd-4caa-93d1-0a1c4087e863",,"QAGENT","Windows 10 Home 64 bit Edition Version 22H2","host scanned, found vuln","378332","Microsoft WinVerifyTrust Signature Validation Vulnerability","Active","Vuln","4",,,,,"02/29/2024 19:24:52","06/18/2024 09:58:28","472",,"CVE-2013-3900","CVE-2013-3900",,"HKLM\Software\Microsoft\Cryptography\Wintrust\Config EnableCertPaddingCheck is missing. 
HKLM\Software\Wow6432Node\Microsoft\Cryptography\Wintrust\Config EnableCertPaddingCheck is missing.#","yes",,,"Local","Cloud Agent, EricsPlaygroundAgents, Test for Sven, Test for Sven.1ddfe2aa-4a79-4155-87ca-da5c1830e92d, Test for Sven.275c0cc2-422a-4fbd-afb6-35a9338bab4a, TestEric, TestEric.00b1e415-6d3e-4c23-b103-9fe0e9dcd8c3"
"192.168.178.41","Global Default Network","desktop-m0k1qp3","DESKTOP-M0K1QP3","ff089bdc-52bd-4caa-93d1-0a1c4087e863",,"QAGENT","Windows 10 Home 64 bit Edition Version 22H2","host scanned, found vuln","377914","Git Remote Code Execution (RCE) Vulnerability","Active","Vuln","4",,,,,"02/29/2024 19:24:52","06/18/2024 09:58:28","472",,"CVE-2022-41953","GHSA-v4px-mx59-w99c",,"C:\Program Files\Git\git-cmd.exe  Version is  2.35.1.2 
C:\Program Files\Git\git-cmd.exe   found#","yes",,,"Local","Cloud Agent, EricsPlaygroundAgents, Test for Sven, Test for Sven.1ddfe2aa-4a79-4155-87ca-da5c1830e92d, Test for Sven.275c0cc2-422a-4fbd-afb6-35a9338bab4a, TestEric, TestEric.00b1e415-6d3e-4c23-b103-9fe0e9dcd8c3"
"192.168.178.41","Global Default Network","desktop-m0k1qp3","DESKTOP-M0K1QP3","ff089bdc-52bd-4caa-93d1-0a1c4087e863",,"QAGENT","Windows 10 Home 64 bit Edition Version 22H2","host scanned, found vuln","377913","Git Multiple Security Vulnerabilities","Active","Vuln","4",,,,,"02/29/2024 19:24:52","06/18/2024 09:58:28","472",,"CVE-2022-41903, CVE-2022-23521","GHSA-475x-2q3q-hvwq, GHSA-c738-c5qq-xg89",,"C:\Program Files\Git\git-cmd.exe  Version is  2.35.1.2 
C:\Program Files\Git\git-cmd.exe   found#","yes",,,"Local","Cloud Agent, EricsPlaygroundAgents, Test for Sven, Test for Sven.1ddfe2aa-4a79-4155-87ca-da5c1830e92d, Test for Sven.275c0cc2-422a-4fbd-afb6-35a9338bab4a, TestEric, TestEric.00b1e415-6d3e-4c23-b103-9fe0e9dcd8c3"
"192.168.178.41","Global Default Network","desktop-m0k1qp3","DESKTOP-M0K1QP3","ff089bdc-52bd-4caa-93d1-0a1c4087e863",,"QAGENT","Windows 10 Home 64 bit Edition Version 22H2","host scanned, found vuln","92112","Microsoft .NET Core and ASP.NET Core Security Update for February 2024","Active","Vuln","4",,,,,"02/29/2024 19:24:52","06/18/2024 09:58:28","472",,"CVE-2024-21404, CVE-2024-21386","CVE-2024-21404, CVE-2024-21386",,"943474ca16db7c65ba6cff4a89c3ebd219dde3e5
6.0.11

%programfiles%\dotnet\shared\Microsoft.NETCore.App\6.0.11\.version#","no",,,"Windows","Cloud Agent, EricsPlaygroundAgents, Test for Sven, Test for Sven.1ddfe2aa-4a79-4155-87ca-da5c1830e92d, Test for Sven.275c0cc2-422a-4fbd-afb6-35a9338bab4a, TestEric, TestEric.00b1e415-6d3e-4c23-b103-9fe0e9dcd8c3"
"192.168.178.41","Global Default Network","desktop-m0k1qp3","DESKTOP-M0K1QP3","ff089bdc-52bd-4caa-93d1-0a1c4087e863",,"QAGENT","Windows 10 Home 64 bit Edition Version 22H2","host scanned, found vuln","92080","Microsoft .NET Core and ASP.NET Core Security Update for November 2023","Active","Vuln","4",,,,,"02/29/2024 19:24:52","06/18/2024 09:58:28","472",,"CVE-2023-36049, CVE-2023-36558, CVE-2023-36038","CVE-2023-36038, CVE-2023-36558, CVE-2023-36049",,"943474ca16db7c65ba6cff4a89c3ebd219dde3e5
6.0.11

%programfiles%\dotnet\shared\Microsoft.NETCore.App\6.0.11\.version#","yes",,,"Windows","Cloud Agent, EricsPlaygroundAgents, Test for Sven, Test for Sven.1ddfe2aa-4a79-4155-87ca-da5c1830e92d, Test for Sven.275c0cc2-422a-4fbd-afb6-35a9338bab4a, TestEric, TestEric.00b1e415-6d3e-4c23-b103-9fe0e9dcd8c3"
"192.168.178.41","Global Default Network","desktop-m0k1qp3","DESKTOP-M0K1QP3","ff089bdc-52bd-4caa-93d1-0a1c4087e863",,"QAGENT","Windows 10 Home 64 bit Edition Version 22H2","host scanned, found vuln","92067","Microsoft HTTP/2 Protocol Distributed Denial of Service (DoS) Vulnerability","Active","Vuln","4",,,,,"02/29/2024 19:24:52","06/18/2024 09:58:28","472",,"CVE-2023-44487","Microsoft Security Advisory",,"943474ca16db7c65ba6cff4a89c3ebd219dde3e5
6.0.11

%programfiles%\dotnet\shared\Microsoft.NETCore.App\6.0.11\.version
HKLM\SYSTEM\CurrentControlSet\Services\HTTP\Parameters EnableHttp2Tls is missing.#","no",,,"Windows","Cloud Agent, EricsPlaygroundAgents, Test for Sven, Test for Sven.1ddfe2aa-4a79-4155-87ca-da5c1830e92d, Test for Sven.275c0cc2-422a-4fbd-afb6-35a9338bab4a, TestEric, TestEric.00b1e415-6d3e-4c23-b103-9fe0e9dcd8c3"
"192.168.178.41","Global Default Network","desktop-m0k1qp3","DESKTOP-M0K1QP3","ff089bdc-52bd-4caa-93d1-0a1c4087e863",,"QAGENT","Windows 10 Home 64 bit Edition Version 22H2","host scanned, found vuln","92036","Microsoft .NET Security Update for July 2023","Active","Vuln","4",,,,,"02/29/2024 19:24:52","06/18/2024 09:58:28","472",,"CVE-2023-33170, CVE-2023-33127","CVE-2023-33127, CVE-2023-33170",,"943474ca16db7c65ba6cff4a89c3ebd219dde3e5
6.0.11

%programfiles%\dotnet\shared\Microsoft.NETCore.App\6.0.11\.version#","yes",,,"Windows","Cloud Agent, EricsPlaygroundAgents, Test for Sven, Test for Sven.1ddfe2aa-4a79-4155-87ca-da5c1830e92d, Test for Sven.275c0cc2-422a-4fbd-afb6-35a9338bab4a, TestEric, TestEric.00b1e415-6d3e-4c23-b103-9fe0e9dcd8c3"
"192.168.178.41","Global Default Network","desktop-m0k1qp3","DESKTOP-M0K1QP3","ff089bdc-52bd-4caa-93d1-0a1c4087e863",,"QAGENT","Windows 10 Home 64 bit Edition Version 22H2","host scanned, found vuln","92023","Microsoft .NET Security Update for June 2023","Active","Vuln","4",,,,,"02/29/2024 19:24:52","06/18/2024 09:58:28","472",,"CVE-2023-33135, CVE-2023-33128, CVE-2023-33126, CVE-2023-32032, CVE-2023-24936, CVE-2023-24895, CVE-2023-24897, CVE-2023-29331","CVE-2023-33135, CVE-2023-33128, CVE-2023-33126, CVE-2023-32032, CVE-2023-24936, CVE-2023-24895, CVE-2023-24897, CVE-2023-29331",,"943474ca16db7c65ba6cff4a89c3ebd219dde3e5
6.0.11

%programfiles%\dotnet\shared\Microsoft.NETCore.App\6.0.11\.version#","yes",,,"Windows","Cloud Agent, EricsPlaygroundAgents, Test for Sven, Test for Sven.1ddfe2aa-4a79-4155-87ca-da5c1830e92d, Test for Sven.275c0cc2-422a-4fbd-afb6-35a9338bab4a, TestEric, TestEric.00b1e415-6d3e-4c23-b103-9fe0e9dcd8c3"
"192.168.178.41","Global Default Network","desktop-m0k1qp3","DESKTOP-M0K1QP3","ff089bdc-52bd-4caa-93d1-0a1c4087e863",,"QAGENT","Windows 10 Home 64 bit Edition Version 22H2","host scanned, found vuln","92000","Microsoft .NET Security Update for April 2023","Active","Vuln","4",,,,,"02/29/2024 19:24:52","06/18/2024 09:58:28","472",,"CVE-2023-28260","CVE-2023-28260",,"943474ca16db7c65ba6cff4a89c3ebd219dde3e5
6.0.11

%programfiles%\dotnet\shared\Microsoft.NETCore.App\6.0.11\.version#","yes",,,"Windows","Cloud Agent, EricsPlaygroundAgents, Test for Sven, Test for Sven.1ddfe2aa-4a79-4155-87ca-da5c1830e92d, Test for Sven.275c0cc2-422a-4fbd-afb6-35a9338bab4a, TestEric, TestEric.00b1e415-6d3e-4c23-b103-9fe0e9dcd8c3"
"192.168.178.41","Global Default Network","desktop-m0k1qp3","DESKTOP-M0K1QP3","ff089bdc-52bd-4caa-93d1-0a1c4087e863",,"QAGENT","Windows 10 Home 64 bit Edition Version 22H2","host scanned, found vuln","91986","Microsoft .NET Security Update for February 2023","Active","Vuln","4",,,,,"02/29/2024 19:24:52","06/18/2024 09:58:28","472",,"CVE-2023-21808","CVE-2023-21808",,"943474ca16db7c65ba6cff4a89c3ebd219dde3e5
6.0.11

%programfiles%\dotnet\shared\Microsoft.NETCore.App\6.0.11\.version#","yes",,,"Windows","Cloud Agent, EricsPlaygroundAgents, Test for Sven, Test for Sven.1ddfe2aa-4a79-4155-87ca-da5c1830e92d, Test for Sven.275c0cc2-422a-4fbd-afb6-35a9338bab4a, TestEric, TestEric.00b1e415-6d3e-4c23-b103-9fe0e9dcd8c3"
"192.168.178.41","Global Default Network","desktop-m0k1qp3","DESKTOP-M0K1QP3","ff089bdc-52bd-4caa-93d1-0a1c4087e863",,"QAGENT","Windows 10 Home 64 bit Edition Version 22H2","host scanned, found vuln","91963","Microsoft .NET Security Update for December 2022","Active","Vuln","4",,,,,"02/29/2024 19:24:52","06/18/2024 09:58:28","472",,"CVE-2022-41089","CVE-2022-41089",,"943474ca16db7c65ba6cff4a89c3ebd219dde3e5
6.0.11

%programfiles%\dotnet\shared\Microsoft.NETCore.App\6.0.11\.version#","yes",,,"Windows","Cloud Agent, EricsPlaygroundAgents, Test for Sven, Test for Sven.1ddfe2aa-4a79-4155-87ca-da5c1830e92d, Test for Sven.275c0cc2-422a-4fbd-afb6-35a9338bab4a, TestEric, TestEric.00b1e415-6d3e-4c23-b103-9fe0e9dcd8c3"
"192.168.178.41","Global Default Network","desktop-m0k1qp3","DESKTOP-M0K1QP3","ff089bdc-52bd-4caa-93d1-0a1c4087e863",,"QAGENT","Windows 10 Home 64 bit Edition Version 22H2","host scanned, found vuln","378985","Birthday attacks against Transport Layer Security (TLS) ciphers with 64bit block size Vulnerability (Sweet32)","Active","Vuln","3",,,,,"02/29/2024 19:24:52","06/18/2024 09:58:28","472",,"CVE-2016-2183",,,"HKLM\SOFTWARE\Policies\Microsoft\Cryptography\Configuration\SSL\00010002 Functions is missing. 
TLS_RSA_WITH_3DES_EDE_CBC_SHA 

HKLM\SYSTEM\CurrentControlSet\Control\SecurityProviders\SCHANNEL\Ciphers\Triple DES 168 Enabled is missing.#","yes",,,"Local","Cloud Agent, EricsPlaygroundAgents, Test for Sven, Test for Sven.1ddfe2aa-4a79-4155-87ca-da5c1830e92d, Test for Sven.275c0cc2-422a-4fbd-afb6-35a9338bab4a, TestEric, TestEric.00b1e415-6d3e-4c23-b103-9fe0e9dcd8c3"
"192.168.178.41","Global Default Network","desktop-m0k1qp3","DESKTOP-M0K1QP3","ff089bdc-52bd-4caa-93d1-0a1c4087e863",,"QAGENT","Windows 10 Home 64 bit Edition Version 22H2","host scanned, found vuln","378839","7-Zip Remote Code Execution (RCE) Vulnerability","Active","Vuln","3",,,,,"02/29/2024 19:24:52","06/18/2024 09:58:28","472",,"CVE-2023-40481, CVE-2023-31102",,,"C:\Program Files\7-Zip\\7z.exe  Version is  19.0.0.0#","yes",,,"Local","Cloud Agent, EricsPlaygroundAgents, Test for Sven, Test for Sven.1ddfe2aa-4a79-4155-87ca-da5c1830e92d, Test for Sven.275c0cc2-422a-4fbd-afb6-35a9338bab4a, TestEric, TestEric.00b1e415-6d3e-4c23-b103-9fe0e9dcd8c3"
"192.168.178.41","Global Default Network","desktop-m0k1qp3","DESKTOP-M0K1QP3","ff089bdc-52bd-4caa-93d1-0a1c4087e863",,"QAGENT","Windows 10 Home 64 bit Edition Version 22H2","host scanned, found vuln","92129","Microsoft .NET Security Update for April 2024","Active","Vuln","3",,,,,"04/10/2024 12:27:48","06/18/2024 09:58:28","315",,"CVE-2024-21409","CVE-2024-21409",,"943474ca16db7c65ba6cff4a89c3ebd219dde3e5
6.0.11

%programfiles%\dotnet\shared\Microsoft.NETCore.App\6.0.11\.version#","yes",,,"Windows","Cloud Agent, EricsPlaygroundAgents, Test for Sven, Test for Sven.1ddfe2aa-4a79-4155-87ca-da5c1830e92d, Test for Sven.275c0cc2-422a-4fbd-afb6-35a9338bab4a, TestEric, TestEric.00b1e415-6d3e-4c23-b103-9fe0e9dcd8c3"
"192.168.178.41","Global Default Network","desktop-m0k1qp3","DESKTOP-M0K1QP3","ff089bdc-52bd-4caa-93d1-0a1c4087e863",,"QAGENT","Windows 10 Home 64 bit Edition Version 22H2","host scanned, found vuln","92064","Microsoft .NET Security Update for September 2023","Active","Vuln","3",,,,,"02/29/2024 19:24:52","06/18/2024 09:58:28","472",,"CVE-2023-36792, CVE-2023-36793, CVE-2023-36794, CVE-2023-36796, CVE-2023-36799","CVE-2023-36793, CVE-2023-36794, CVE-2023-36796, CVE-2023-36792, CVE-2023-36799",,"943474ca16db7c65ba6cff4a89c3ebd219dde3e5
6.0.11

%programfiles%\dotnet\shared\Microsoft.NETCore.App\6.0.11\.version#","yes",,,"Windows","Cloud Agent, EricsPlaygroundAgents, Test for Sven, Test for Sven.1ddfe2aa-4a79-4155-87ca-da5c1830e92d, Test for Sven.275c0cc2-422a-4fbd-afb6-35a9338bab4a, TestEric, TestEric.00b1e415-6d3e-4c23-b103-9fe0e9dcd8c3"
"192.168.178.41","Global Default Network","desktop-m0k1qp3","DESKTOP-M0K1QP3","ff089bdc-52bd-4caa-93d1-0a1c4087e863",,"QAGENT","Windows 10 Home 64 bit Edition Version 22H2","host scanned, found vuln","92047","Microsoft .NET Security Update for August 2023","Active","Vuln","3",,,,,"02/29/2024 19:24:52","06/18/2024 09:58:28","472",,"CVE-2023-35391, CVE-2023-35390, CVE-2023-38178, CVE-2023-38180","CVE-2023-35391, CVE-2023-35390, CVE-2023-38178, CVE-2023-38180",,"943474ca16db7c65ba6cff4a89c3ebd219dde3e5
6.0.11

%programfiles%\dotnet\shared\Microsoft.NETCore.App\6.0.11\.version#","yes",,,"Windows","Cloud Agent, EricsPlaygroundAgents, Test for Sven, Test for Sven.1ddfe2aa-4a79-4155-87ca-da5c1830e92d, Test for Sven.275c0cc2-422a-4fbd-afb6-35a9338bab4a, TestEric, TestEric.00b1e415-6d3e-4c23-b103-9fe0e9dcd8c3"
"192.168.178.41","Global Default Network","desktop-m0k1qp3","DESKTOP-M0K1QP3","ff089bdc-52bd-4caa-93d1-0a1c4087e863",,"QAGENT","Windows 10 Home 64 bit Edition Version 22H2","host scanned, found vuln","91970","Microsoft .NET Security Update for January 2023","Active","Vuln","3",,,,,"02/29/2024 19:24:52","06/18/2024 09:58:28","472",,"CVE-2023-21538","CVE-2023-21538",,"943474ca16db7c65ba6cff4a89c3ebd219dde3e5
6.0.11

%programfiles%\dotnet\shared\Microsoft.NETCore.App\6.0.11\.version#","yes",,,"Windows","Cloud Agent, EricsPlaygroundAgents, Test for Sven, Test for Sven.1ddfe2aa-4a79-4155-87ca-da5c1830e92d, Test for Sven.275c0cc2-422a-4fbd-afb6-35a9338bab4a, TestEric, TestEric.00b1e415-6d3e-4c23-b103-9fe0e9dcd8c3"
"192.168.178.41","Global Default Network","desktop-m0k1qp3","DESKTOP-M0K1QP3","ff089bdc-52bd-4caa-93d1-0a1c4087e863",,"QAGENT","Windows 10 Home 64 bit Edition Version 22H2","host scanned, found vuln","90044","Allowed Null Session","Active","Vuln","3",,,,,"02/29/2024 19:24:52","06/18/2024 09:58:28","472",,"CVE-2002-1117, CVE-2000-1200",,"494, 959","HKLM\SYSTEM\CurrentControlSet\Control\ProductOptions ProductType = WinNT 
HKLM\SYSTEM\CurrentControlSet\Control\LSA RestrictAnonymous = 0#","yes",,,"Windows","Cloud Agent, EricsPlaygroundAgents, Test for Sven, Test for Sven.1ddfe2aa-4a79-4155-87ca-da5c1830e92d, Test for Sven.275c0cc2-422a-4fbd-afb6-35a9338bab4a, TestEric, TestEric.00b1e415-6d3e-4c23-b103-9fe0e9dcd8c3"
"192.168.178.41","Global Default Network","desktop-m0k1qp3","DESKTOP-M0K1QP3","ff089bdc-52bd-4caa-93d1-0a1c4087e863",,"QAGENT","Windows 10 Home 64 bit Edition Version 22H2","host scanned, found vuln","90043","SMB Signing Disabled or SMB Signing Not Required","Active","Vuln","3",,,,,"02/29/2024 19:24:52","06/18/2024 09:58:28","472",,,,,"HKLM\System\CurrentControlSet\Services\LanManWorkstation\Parameters requiresecuritysignature = 0#","yes",,,"Windows","Cloud Agent, EricsPlaygroundAgents, Test for Sven, Test for Sven.1ddfe2aa-4a79-4155-87ca-da5c1830e92d, Test for Sven.275c0cc2-422a-4fbd-afb6-35a9338bab4a, TestEric, TestEric.00b1e415-6d3e-4c23-b103-9fe0e9dcd8c3"
"192.168.178.41","Global Default Network","desktop-m0k1qp3","DESKTOP-M0K1QP3","ff089bdc-52bd-4caa-93d1-0a1c4087e863",,"QAGENT","Windows 10 Home 64 bit Edition Version 22H2","host scanned, found vuln","105171","Windows Explorer Autoplay Not Disabled for Default User","Active","Vuln","2",,,,,"02/29/2024 19:24:52","06/18/2024 09:58:28","472",,,,,"%windir%\explorer.exe   found 
HKLM\SOFTWARE\Microsoft\Windows\CurrentVersion\Policies\Explorer NoAutorun is missing. 
HKLM\SOFTWARE\Microsoft\Windows\CurrentVersion\Policies\Explorer NoDriveTypeAutoRun is missing. 
HKU\.DEFAULT\SOFTWARE\Microsoft\Windows\CurrentVersion\Policies\Explorer NoDriveTypeAutoRun is missing.#","yes",,,"Security Policy","Cloud Agent, EricsPlaygroundAgents, Test for Sven, Test for Sven.1ddfe2aa-4a79-4155-87ca-da5c1830e92d, Test for Sven.275c0cc2-422a-4fbd-afb6-35a9338bab4a, TestEric, TestEric.00b1e415-6d3e-4c23-b103-9fe0e9dcd8c3"
"192.168.178.41","Global Default Network","desktop-m0k1qp3","DESKTOP-M0K1QP3","ff089bdc-52bd-4caa-93d1-0a1c4087e863",,"QAGENT","Windows 10 Home 64 bit Edition Version 22H2","host scanned, found vuln","105170","Microsoft Windows Explorer AutoPlay Not Disabled","Active","Vuln","2",,,,,"02/29/2024 19:24:52","06/18/2024 09:58:28","472",,,,,"%windir%\explorer.exe   found 
HKLM\SOFTWARE\Microsoft\Windows\CurrentVersion\Policies\Explorer NoDriveTypeAutoRun is missing.#","yes",,,"Security Policy","Cloud Agent, EricsPlaygroundAgents, Test for Sven, Test for Sven.1ddfe2aa-4a79-4155-87ca-da5c1830e92d, Test for Sven.275c0cc2-422a-4fbd-afb6-35a9338bab4a, TestEric, TestEric.00b1e415-6d3e-4c23-b103-9fe0e9dcd8c3"
"192.168.178.41","Global Default Network","desktop-m0k1qp3","DESKTOP-M0K1QP3","ff089bdc-52bd-4caa-93d1-0a1c4087e863",,"QAGENT","Windows 10 Home 64 bit Edition Version 22H2","host scanned, found vuln","90007","Enabled Cached Logon Credential","Active","Vuln","2",,,,,"02/29/2024 19:24:52","06/18/2024 09:58:28","472",,,,,"HKLM\SOFTWARE\Microsoft\Windows NT\CurrentVersion\Winlogon cachedlogonscount = 10#","yes",,,"Windows","Cloud Agent, EricsPlaygroundAgents, Test for Sven, Test for Sven.1ddfe2aa-4a79-4155-87ca-da5c1830e92d, Test for Sven.275c0cc2-422a-4fbd-afb6-35a9338bab4a, TestEric, TestEric.00b1e415-6d3e-4c23-b103-9fe0e9dcd8c3"
"192.168.178.41","Global Default Network","desktop-m0k1qp3","DESKTOP-M0K1QP3","ff089bdc-52bd-4caa-93d1-0a1c4087e863",,"QAGENT","Windows 10 Home 64 bit Edition Version 22H2","host scanned, found vuln","378458","Git for Windows Multiple Security Vulnerability","Active","Practice","4",,,,,"02/29/2024 19:24:52","06/18/2024 09:58:28","472",,"CVE-2023-25815, CVE-2023-29011, CVE-2023-29012","GHSA-9w66, GHSA-g4fv, GHSA-gq5x",,"C:\Program Files\Git\bin\git.exe  Version is  2.35.1.2#","yes",,,"Local","Cloud Agent, EricsPlaygroundAgents, Test for Sven, Test for Sven.1ddfe2aa-4a79-4155-87ca-da5c1830e92d, Test for Sven.275c0cc2-422a-4fbd-afb6-35a9338bab4a, TestEric, TestEric.00b1e415-6d3e-4c23-b103-9fe0e9dcd8c3"
"192.168.178.41","Global Default Network","desktop-m0k1qp3","DESKTOP-M0K1QP3","ff089bdc-52bd-4caa-93d1-0a1c4087e863",,"QAGENT","Windows 10 Home 64 bit Edition Version 22H2","host scanned, found vuln","105484","Windows Unquoted/Trusted Service Paths Privilege Escalation Security Issue","Active","Practice","3",,,,,"06/11/2024 11:39:03","06/18/2024 09:58:28","37",,,,,"Service Name	Image Path	
WslInstaller	C:\Program Files\WindowsApps\MicrosoftCorporationII.WindowsSubsystemForLinux_2.1.5.0_x64__8wekyb3d8bbwe\wslinstaller.exe#","yes",,,"Security Policy","Cloud Agent, EricsPlaygroundAgents, Test for Sven, Test for Sven.1ddfe2aa-4a79-4155-87ca-da5c1830e92d, Test for Sven.275c0cc2-422a-4fbd-afb6-35a9338bab4a, TestEric, TestEric.00b1e415-6d3e-4c23-b103-9fe0e9dcd8c3"
"192.168.178.41","Global Default Network","desktop-m0k1qp3","DESKTOP-M0K1QP3","ff089bdc-52bd-4caa-93d1-0a1c4087e863",,"QAGENT","Windows 10 Home 64 bit Edition Version 22H2","host scanned, found vuln","124403","Sticky Key's Enabled on System",,"Ig","3",,,,,"02/29/2024 19:24:52","06/18/2024 09:58:28","472",,,,,"HKU\.DEFAULT\Control Panel\Accessibility\StickyKeys Flags = 510#","no",,,"Local","Cloud Agent, EricsPlaygroundAgents, Test for Sven, Test for Sven.1ddfe2aa-4a79-4155-87ca-da5c1830e92d, Test for Sven.275c0cc2-422a-4fbd-afb6-35a9338bab4a, TestEric, TestEric.00b1e415-6d3e-4c23-b103-9fe0e9dcd8c3"
"192.168.178.41","Global Default Network","desktop-m0k1qp3","DESKTOP-M0K1QP3","ff089bdc-52bd-4caa-93d1-0a1c4087e863",,"QAGENT","Windows 10 Home 64 bit Edition Version 22H2","host scanned, found vuln","105327","Antivirus Product Detected on Windows Host",,"Ig","3",,,,,"02/29/2024 19:24:52","06/18/2024 09:58:28","472",,,,,"HKLM\SOFTWARE\Microsoft\Windows Defender\Signature Updates   exists 
WinDefend = SERVICE_RUNNING 
Windows Defender Installed#","no",,,"Security Policy","Cloud Agent, EricsPlaygroundAgents, Test for Sven, Test for Sven.1ddfe2aa-4a79-4155-87ca-da5c1830e92d, Test for Sven.275c0cc2-422a-4fbd-afb6-35a9338bab4a, TestEric, TestEric.00b1e415-6d3e-4c23-b103-9fe0e9dcd8c3"
"192.168.178.41","Global Default Network","desktop-m0k1qp3","DESKTOP-M0K1QP3","ff089bdc-52bd-4caa-93d1-0a1c4087e863",,"QAGENT","Windows 10 Home 64 bit Edition Version 22H2","host scanned, found vuln","105237","SAMR Pipe Permissions Enumerated",,"Ig","3",,,,,"02/29/2024 19:24:52","06/18/2024 09:58:28","472",,,,,"\SAMR S-1-15-3-8 8 access-allowed  standard_read read_extended_attributes read_data synchronize write_data write_extended_attributes write_attributes read_attributes 
\SAMR Everyone 0 access-allowed  standard_read read_extended_attributes read_data synchronize write_data write_extended_attributes write_attributes read_attributes 
\SAMR AnonymousLogon 7 access-allowed  standard_read read_extended_attributes read_data synchronize write_data write_extended_attributes write_attributes read_attributes 
\SAMR Administrators 544 access-allowed  append_data execute standard_write_dac standard_read standard_delete standard_write_owner read_extended_attributes read_data synchronize write_data write_extended_attributes write_attributes read_attributes delete_child#","no",,,"Security Policy","Cloud Agent, EricsPlaygroundAgents, Test for Sven, Test for Sven.1ddfe2aa-4a79-4155-87ca-da5c1830e92d, Test for Sven.275c0cc2-422a-4fbd-afb6-35a9338bab4a, TestEric, TestEric.00b1e415-6d3e-4c23-b103-9fe0e9dcd8c3"
"192.168.178.41","Global Default Network","desktop-m0k1qp3","DESKTOP-M0K1QP3","ff089bdc-52bd-4caa-93d1-0a1c4087e863",,"QAGENT","Windows 10 Home 64 bit Edition Version 22H2","host scanned, found vuln","90139","BHOs Detected",,"Ig","3",,,,,"02/29/2024 19:24:52","06/18/2024 09:58:28","472",,,,,"Browser Helper Objects	 	
{1FD49718-1D00-4B19-AF5F-070AF6D5D54C}	C:\Program Files (x86)\Microsoft\Edge\Application\126.0.2592.56\BHO\ie_to_edge_bho_64.dll
Browser Helper Objects	 	
{1FD49718-1D00-4B19-AF5F-070AF6D5D54C}	C:\Program Files (x86)\Microsoft\Edge\Application\126.0.2592.56\BHO\ie_to_edge_bho_64.dll#","no",,,"Windows","Cloud Agent, EricsPlaygroundAgents, Test for Sven, Test for Sven.1ddfe2aa-4a79-4155-87ca-da5c1830e92d, Test for Sven.275c0cc2-422a-4fbd-afb6-35a9338bab4a, TestEric, TestEric.00b1e415-6d3e-4c23-b103-9fe0e9dcd8c3"
"192.168.178.41","Global Default Network","desktop-m0k1qp3","DESKTOP-M0K1QP3","ff089bdc-52bd-4caa-93d1-0a1c4087e863",,"QAGENT","Windows 10 Home 64 bit Edition Version 22H2","host scanned, found vuln","90128","Microsoft Windows TCP Parameters, TCP/IP Hardening Guidelines",,"Ig","3",,,,,"02/29/2024 19:24:52","06/18/2024 09:58:28","472",,,,,"EnableICMPRedirect	Recommended:	0	Actual:	Missing	
SynAttackProtect	Recommended:	2	Actual:	Missing	
TCPMaxConnectResponseRetransmissions	Recommended:	2	Actual:	Missing	
TCPMaxHalfOpen	Recommended:	500	Actual:	Missing	
TCPMaxHalfOpenRetried	Recommended:	400	Actual:	Missing	
TCPMaxPortsExhausted	Recommended:	5	Actual:	Missing	
TCPMaxDataRetransmissions	Recommended:	2	Actual:	Missing	
EnableDeadGWDetect	Recommended:	0	Actual:	Missing	
EnablePMTUDiscovery	Recommended:	0	Actual:	Missing	
DisableIPSourceRouting	Recommended:	1	Actual:	Missing	
NoNameReleaseOnDemand	Recommended:	1	Actual:	Missing	
PerformRouterDiscovery	Recommended:	0	Actual:	Missing#","no",,,"Windows","Cloud Agent, EricsPlaygroundAgents, Test for Sven, Test for Sven.1ddfe2aa-4a79-4155-87ca-da5c1830e92d, Test for Sven.275c0cc2-422a-4fbd-afb6-35a9338bab4a, TestEric, TestEric.00b1e415-6d3e-4c23-b103-9fe0e9dcd8c3"
"192.168.178.41","Global Default Network","desktop-m0k1qp3","DESKTOP-M0K1QP3","ff089bdc-52bd-4caa-93d1-0a1c4087e863",,"QAGENT","Windows 10 Home 64 bit Edition Version 22H2","host scanned, found vuln","90127","Microsoft Windows Socket Parameters, TCP/IP Hardening Guidelines",,"Ig","3",,,,,"02/29/2024 19:24:52","06/18/2024 09:58:28","472",,,,,"EnableDynamicBacklog	Recommended:	1	Actual:	Missing	
MinimumDynamicBacklog	Recommended:	20	Actual:	Missing	
MaximumDynamicBacklog	Recommended:	20,000	Actual:	Missing	
DynamicBacklogGrowthDelta	Recommended:	10	Actual:	Missing#","no",,,"Windows","Cloud Agent, EricsPlaygroundAgents, Test for Sven, Test for Sven.1ddfe2aa-4a79-4155-87ca-da5c1830e92d, Test for Sven.275c0cc2-422a-4fbd-afb6-35a9338bab4a, TestEric, TestEric.00b1e415-6d3e-4c23-b103-9fe0e9dcd8c3"
"192.168.178.41","Global Default Network","desktop-m0k1qp3","DESKTOP-M0K1QP3","ff089bdc-52bd-4caa-93d1-0a1c4087e863",,"QAGENT","Windows 10 Home 64 bit Edition Version 22H2","host scanned, found vuln","45290","Microsoft Windows Link-Local Multicast Name Resolution (LLMNR) Not Disabled",,"Ig","3",,,,,"02/29/2024 19:24:52","06/18/2024 09:58:28","472",,,,,"HKLM\SOFTWARE\Policies\Microsoft\Windows NT\DNSClient EnableMulticast is missing.#","no",,,"Information gathering","Cloud Agent, EricsPlaygroundAgents, Test for Sven, Test for Sven.1ddfe2aa-4a79-4155-87ca-da5c1830e92d, Test for Sven.275c0cc2-422a-4fbd-afb6-35a9338bab4a, TestEric, TestEric.00b1e415-6d3e-4c23-b103-9fe0e9dcd8c3"
"192.168.178.41","Global Default Network","desktop-m0k1qp3","DESKTOP-M0K1QP3","ff089bdc-52bd-4caa-93d1-0a1c4087e863",,"QAGENT","Windows 10 Home 64 bit Edition Version 22H2","host scanned, found vuln","105591","Antivirus Information Extracted Using WMI for Windows Desktop",,"Ig","2",,,,,"02/29/2024 19:24:52","06/18/2024 09:58:28","472",,,,,"Windows Defender	Enabled	up-to-date	397568#","no",,,"Security Policy","Cloud Agent, EricsPlaygroundAgents, Test for Sven, Test for Sven.1ddfe2aa-4a79-4155-87ca-da5c1830e92d, Test for Sven.275c0cc2-422a-4fbd-afb6-35a9338bab4a, TestEric, TestEric.00b1e415-6d3e-4c23-b103-9fe0e9dcd8c3"
"192.168.178.41","Global Default Network","desktop-m0k1qp3","DESKTOP-M0K1QP3","ff089bdc-52bd-4caa-93d1-0a1c4087e863",,"QAGENT","Windows 10 Home 64 bit Edition Version 22H2","host scanned, found vuln","105311","Last Successful User Login",,"Ig","2",,,,,"02/29/2024 19:24:52","06/18/2024 09:58:28","472",,,,,"HKLM\Software\Microsoft\Windows\CurrentVersion\Authentication\LogonUI 
LastLoggedOnUser = .\big10 
LastLoggedOnSAMUser = .\big10 
LastLoggedOnProvider = {60B78E88-EAD8-445C-9CFD-0B87F74EA6CD}#","no",,,"Security Policy","Cloud Agent, EricsPlaygroundAgents, Test for Sven, Test for Sven.1ddfe2aa-4a79-4155-87ca-da5c1830e92d, Test for Sven.275c0cc2-422a-4fbd-afb6-35a9338bab4a, TestEric, TestEric.00b1e415-6d3e-4c23-b103-9fe0e9dcd8c3"
"192.168.178.41","Global Default Network","desktop-m0k1qp3","DESKTOP-M0K1QP3","ff089bdc-52bd-4caa-93d1-0a1c4087e863",,"QAGENT","Windows 10 Home 64 bit Edition Version 22H2","host scanned, found vuln","105244","Security Permissions for Important CIFS Pipes",,"Ig","2",,,,,"02/29/2024 19:24:52","06/18/2024 09:58:28","472",,,,,"'------------------------------------------------------------    
\SAMR    
------------------------------------------------------------    
S-1-15-3-8 access-allowed  standard_read read_extended_attributes read_data synchronize write_data write_extended_attributes write_attributes read_attributes 
Everyone access-allowed  standard_read read_extended_attributes read_data synchronize write_data write_extended_attributes write_attributes read_attributes 
AnonymousLogon access-allowed  standard_read read_extended_attributes read_data synchronize write_data write_extended_attributes write_attributes read_attributes 
Administrators access-allowed  append_data execute standard_write_dac standard_read standard_delete standard_write_owner read_extended_attributes read_data synchronize write_data write_extended_attributes write_attributes read_attributes delete_child 
------------------------------------------------------------    
\eventlog    
------------------------------------------------------------    
Everyone access-allowed  standard_read read_extended_attributes read_data synchronize write_data write_extended_attributes write_attributes read_attributes 
Owner_Rights access-allowed  read_data 
NT SERVICE\EventLog access-allowed  append_data standard_read read_extended_attributes read_data synchronize write_data read_attributes 
------------------------------------------------------------    
\srvsvc    
------------------------------------------------------------    
Everyone access-allowed  standard_read read_extended_attributes read_data synchronize write_data write_extended_attributes write_attributes read_attributes 
SYSTEM access-allowed  append_data execute standard_write_dac standard_read standard_delete standard_write_owner read_extended_attributes read_data synchronize write_data write_extended_attributes write_attributes read_attributes delete_child 
AnonymousLogon access-allowed  standard_read read_extended_attributes read_data synchronize write_data write_extended_attributes write_attributes read_attributes 
------------------------------------------------------------    
\lsass    
------------------------------------------------------------    
S-1-15-3-8 access-allowed  standard_read read_extended_attributes read_data synchronize write_data write_extended_attributes write_attributes read_attributes 
Everyone access-allowed  standard_read read_extended_attributes read_data synchronize write_data write_extended_attributes write_attributes read_attributes 
AnonymousLogon access-allowed  standard_read read_extended_attributes read_data synchronize write_data write_extended_attributes write_attributes read_attributes 
Administrators access-allowed  append_data execute standard_write_dac standard_read standard_delete standard_write_owner read_extended_attributes read_data synchronize write_data write_extended_attributes write_attributes read_attributes delete_child 
------------------------------------------------------------    
\spoolss    
------------------------------------------------------------    
Everyone access-allowed  execute standard_read read_extended_attributes read_data synchronize write_data write_extended_attributes write_attributes read_attributes 
Creator_Owner access-allowed  append_data execute standard_write_dac standard_read standard_delete standard_write_owner read_extended_attributes read_data synchronize write_data write_extended_attributes write_attributes read_attributes delete_child 
SYSTEM access-allowed  append_data execute standard_write_dac standard_read standard_delete standard_write_owner read_extended_attributes read_data synchronize write_data write_extended_attributes write_attributes read_attributes delete_child 
AnonymousLogon access-allowed  execute standard_read read_extended_attributes read_data synchronize write_data write_extended_attributes write_attributes read_attributes 
Users access-allowed  read_data synchronize write_data 
Administrators access-allowed  append_data execute standard_write_dac standard_read standard_delete standard_write_owner read_extended_attributes read_data synchronize write_data write_extended_attributes write_attributes read_attributes delete_child 
------------------------------------------------------------    
\svcctl    
------------------------------------------------------------    
Everyone access-allowed  standard_read read_extended_attributes read_data synchronize write_data write_extended_attributes write_attributes read_attributes 
AnonymousLogon access-allowed  standard_read read_extended_attributes read_data synchronize write_data write_extended_attributes write_attributes read_attributes 
Administrators access-allowed  append_data execute standard_write_dac standard_read standard_delete standard_write_owner read_extended_attributes read_data synchronize write_data write_extended_attributes write_attributes read_attributes delete_child 
------------------------------------------------------------    
\wkssvc    
------------------------------------------------------------    
NETWORK_SERVICE access-allowed  append_data execute standard_write_dac standard_read standard_delete standard_write_owner read_extended_attributes read_data synchronize write_data write_extended_attributes write_attributes read_attributes delete_child 
Everyone access-allowed  standard_read read_extended_attributes read_data synchronize write_data write_extended_attributes write_attributes read_attributes 
SYSTEM access-allowed  append_data execute standard_write_dac standard_read standard_delete standard_write_owner read_extended_attributes read_data synchronize write_data write_extended_attributes write_attributes read_attributes delete_child 
AnonymousLogon access-allowed  standard_read read_extended_attributes read_data synchronize write_data write_extended_attributes write_attributes read_attributes 
------------------------------------------------------------    
\NETLOGON    
------------------------------------------------------------    
S-1-15-3-8 access-allowed  standard_read read_extended_attributes read_data synchronize write_data write_extended_attributes write_attributes read_attributes 
Everyone access-allowed  standard_read read_extended_attributes read_data synchronize write_data write_extended_attributes write_attributes read_attributes 
AnonymousLogon access-allowed  standard_read read_extended_attributes read_data synchronize write_data write_extended_attributes write_attributes read_attributes 
Administrators access-allowed  append_data execute standard_write_dac standard_read standard_delete standard_write_owner read_extended_attributes read_data synchronize write_data write_extended_attributes write_attributes read_attributes delete_child#","no",,,"Security Policy","Cloud Agent, EricsPlaygroundAgents, Test for Sven, Test for Sven.1ddfe2aa-4a79-4155-87ca-da5c1830e92d, Test for Sven.275c0cc2-422a-4fbd-afb6-35a9338bab4a, TestEric, TestEric.00b1e415-6d3e-4c23-b103-9fe0e9dcd8c3"
"192.168.178.41","Global Default Network","desktop-m0k1qp3","DESKTOP-M0K1QP3","ff089bdc-52bd-4caa-93d1-0a1c4087e863",,"QAGENT","Windows 10 Home 64 bit Edition Version 22H2","host scanned, found vuln","105190","Microsoft Windows File Security Check - C: System Files",,"Ig","2",,,,,"02/29/2024 19:24:52","06/18/2024 09:58:28","472",,,,,"'------------------------------------------------------------	 	 	 	
%ProgramFiles%	 	 	 	
------------------------------------------------------------	 	 	 	
APPLICATION PACKAGE AUTHORITY\ALL RESTRICTED APPLICATION PACKAGES	access-allowed	 	execute standard_read read_extended_attributes read_data synchronize read_attributes	
APPLICATION PACKAGE AUTHORITY\ALL APPLICATION PACKAGES	access-allowed	 	execute standard_read read_extended_attributes read_data synchronize read_attributes	
SYSTEM	access-allowed	 	append_data execute standard_read standard_delete read_extended_attributes read_data synchronize write_data write_extended_attributes write_attributes read_attributes	
NT SERVICE\TrustedInstaller	access-allowed	 	append_data execute standard_write_dac standard_read standard_delete standard_write_owner read_extended_attributes read_data synchronize write_data write_extended_attributes write_attributes read_attributes delete_child	
Users	access-allowed	 	execute standard_read read_extended_attributes read_data synchronize read_attributes	
Administrators	access-allowed	 	append_data execute standard_read standard_delete read_extended_attributes read_data synchronize write_data write_extended_attributes write_attributes read_attributes	
------------------------------------------------------------	 	 	 	
%CommonProgramFiles%	 	 	 	
------------------------------------------------------------	 	 	 	
APPLICATION PACKAGE AUTHORITY\ALL RESTRICTED APPLICATION PACKAGES	access-allowed	 	execute standard_read read_extended_attributes read_data synchronize read_attributes	
APPLICATION PACKAGE AUTHORITY\ALL APPLICATION PACKAGES	access-allowed	 	execute standard_read read_extended_attributes read_data synchronize read_attributes	
SYSTEM	access-allowed	 	append_data execute standard_read standard_delete read_extended_attributes read_data synchronize write_data write_extended_attributes write_attributes read_attributes	
NT SERVICE\TrustedInstaller	access-allowed	 	append_data execute standard_write_dac standard_read standard_delete standard_write_owner read_extended_attributes read_data synchronize write_data write_extended_attributes write_attributes read_attributes delete_child	
Users	access-allowed	 	execute standard_read read_extended_attributes read_data synchronize read_attributes	
Administrators	access-allowed	 	append_data execute standard_read standard_delete read_extended_attributes read_data synchronize write_data write_extended_attributes write_attributes read_attributes#","no",,,"Security Policy","Cloud Agent, EricsPlaygroundAgents, Test for Sven, Test for Sven.1ddfe2aa-4a79-4155-87ca-da5c1830e92d, Test for Sven.275c0cc2-422a-4fbd-afb6-35a9338bab4a, TestEric, TestEric.00b1e415-6d3e-4c23-b103-9fe0e9dcd8c3"
"192.168.178.41","Global Default Network","desktop-m0k1qp3","DESKTOP-M0K1QP3","ff089bdc-52bd-4caa-93d1-0a1c4087e863",,"QAGENT","Windows 10 Home 64 bit Edition Version 22H2","host scanned, found vuln","105189","Microsoft Windows Folder Permission Check - Folders Under System32",,"Ig","2",,,,,"02/29/2024 19:24:52","06/18/2024 09:58:28","472",,,,,"'------------------------------------------------------------	 	 	 	
%windir%\System32	 	 	 	
------------------------------------------------------------	 	 	 	
APPLICATION PACKAGE AUTHORITY\ALL RESTRICTED APPLICATION PACKAGES	access-allowed	 	execute standard_read read_extended_attributes read_data synchronize read_attributes	
APPLICATION PACKAGE AUTHORITY\ALL APPLICATION PACKAGES	access-allowed	 	execute standard_read read_extended_attributes read_data synchronize read_attributes	
SYSTEM	access-allowed	 	append_data execute standard_read standard_delete read_extended_attributes read_data synchronize write_data write_extended_attributes write_attributes read_attributes	
NT SERVICE\TrustedInstaller	access-allowed	 	append_data execute standard_write_dac standard_read standard_delete standard_write_owner read_extended_attributes read_data synchronize write_data write_extended_attributes write_attributes read_attributes delete_child	
Users	access-allowed	 	execute standard_read read_extended_attributes read_data synchronize read_attributes	
Administrators	access-allowed	 	append_data execute standard_read standard_delete read_extended_attributes read_data synchronize write_data write_extended_attributes write_attributes read_attributes	
------------------------------------------------------------	 	 	 	
%windir%\System32\ias	 	 	 	
------------------------------------------------------------	 	 	 	
NETWORK_SERVICE	access-allowed	 	append_data execute standard_read read_extended_attributes read_data synchronize write_data write_extended_attributes write_attributes read_attributes	
NT SERVICE\TrustedInstaller	access-allowed	 	append_data execute standard_write_dac standard_read standard_delete standard_write_owner read_extended_attributes read_data synchronize write_data write_extended_attributes write_attributes read_attributes delete_child	
SYSTEM	access-allowed	 	append_data execute standard_write_dac standard_read standard_delete standard_write_owner read_extended_attributes read_data synchronize write_data write_extended_attributes write_attributes read_attributes delete_child	
Administrators	access-allowed	 	append_data execute standard_write_dac standard_read standard_delete standard_write_owner read_extended_attributes read_data synchronize write_data write_extended_attributes write_attributes read_attributes delete_child	
------------------------------------------------------------	 	 	 	
%windir%\System32\Config	 	 	 	
------------------------------------------------------------	 	 	 	
SYSTEM	access-allowed	OBJECT_INHERIT_ACE CONTAINER_INHERIT_ACE	append_data execute standard_write_dac standard_read standard_delete standard_write_owner read_extended_attributes read_data synchronize write_data write_extended_attributes write_attributes read_attributes delete_child	
NT SERVICE\TrustedInstaller	access-allowed	CONTAINER_INHERIT_ACE	append_data execute standard_write_dac standard_read standard_delete standard_write_owner read_extended_attributes read_data synchronize write_data write_extended_attributes write_attributes read_attributes delete_child	
Administrators	access-allowed	OBJECT_INHERIT_ACE CONTAINER_INHERIT_ACE	append_data execute standard_write_dac standard_read standard_delete standard_write_owner read_extended_attributes read_data synchronize write_data write_extended_attributes write_attributes read_attributes delete_child	
------------------------------------------------------------	 	 	 	
%windir%\System32\spool\printers	 	 	 	
------------------------------------------------------------	 	 	 	
SYSTEM	access-allowed	 	append_data standard_write_dac standard_read standard_delete standard_write_owner read_extended_attributes read_data synchronize write_data write_extended_attributes write_attributes read_attributes delete_child	
Users	access-allowed	CONTAINER_INHERIT_ACE	append_data read_extended_attributes synchronize write_data read_attributes	
Administrators	access-allowed	OBJECT_INHERIT_ACE CONTAINER_INHERIT_ACE	append_data standard_write_dac standard_read standard_delete standard_write_owner read_extended_attributes read_data synchronize write_data write_extended_attributes write_attributes read_attributes delete_child	
------------------------------------------------------------	 	 	 	
%windir%\System32\LogFiles	 	 	 	
------------------------------------------------------------	 	 	 	
APPLICATION PACKAGE AUTHORITY\ALL RESTRICTED APPLICATION PACKAGES	access-allowed	INHERITED_ACE	execute standard_read read_extended_attributes read_data synchronize read_attributes	
APPLICATION PACKAGE AUTHORITY\ALL APPLICATION PACKAGES	access-allowed	INHERITED_ACE	execute standard_read read_extended_attributes read_data synchronize read_attributes	
SYSTEM	access-allowed	INHERITED_ACE	append_data execute standard_write_dac standard_read standard_delete standard_write_owner read_extended_attributes read_data synchronize write_data write_extended_attributes write_attributes read_attributes delete_child	
NT SERVICE\TrustedInstaller	access-allowed	INHERITED_ACE	append_data execute standard_write_dac standard_read standard_delete standard_write_owner read_extended_attributes read_data synchronize write_data write_extended_attributes write_attributes read_attributes delete_child	
Users	access-allowed	INHERITED_ACE	execute standard_read read_extended_attributes read_data synchronize read_attributes	
Administrators	access-allowed	INHERITED_ACE	append_data execute standard_write_dac standard_read standard_delete standard_write_owner read_extended_attributes read_data synchronize write_data write_extended_attributes write_attributes read_attributes delete_child	
------------------------------------------------------------	 	 	 	
%windir%\System32\inetsrv	 	 	 	
------------------------------------------------------------	 	 	 	
APPLICATION PACKAGE AUTHORITY\ALL RESTRICTED APPLICATION PACKAGES	access-allowed	 	execute standard_read read_extended_attributes read_data synchronize read_attributes	
APPLICATION PACKAGE AUTHORITY\ALL APPLICATION PACKAGES	access-allowed	 	execute standard_read read_extended_attributes read_data synchronize read_attributes	
SYSTEM	access-allowed	 	append_data execute standard_read standard_delete read_extended_attributes read_data synchronize write_data write_extended_attributes write_attributes read_attributes	
NT SERVICE\TrustedInstaller	access-allowed	 	append_data execute standard_write_dac standard_read standard_delete standard_write_owner read_extended_attributes read_data synchronize write_data write_extended_attributes write_attributes read_attributes delete_child	
Users	access-allowed	 	execute standard_read read_extended_attributes read_data synchronize read_attributes	
Administrators	access-allowed	 	append_data execute standard_read standard_delete read_extended_attributes read_data synchronize write_data write_extended_attributes write_attributes read_attributes#","no",,,"Security Policy","Cloud Agent, EricsPlaygroundAgents, Test for Sven, Test for Sven.1ddfe2aa-4a79-4155-87ca-da5c1830e92d, Test for Sven.275c0cc2-422a-4fbd-afb6-35a9338bab4a, TestEric, TestEric.00b1e415-6d3e-4c23-b103-9fe0e9dcd8c3"
"192.168.178.41","Global Default Network","desktop-m0k1qp3","DESKTOP-M0K1QP3","ff089bdc-52bd-4caa-93d1-0a1c4087e863",,"QAGENT","Windows 10 Home 64 bit Edition Version 22H2","host scanned, found vuln","105188","Microsoft Windows Folder Permission Check - Folders Under SystemRoot",,"Ig","2",,,,,"02/29/2024 19:24:52","06/18/2024 09:58:28","472",,,,,"'------------------------------------------------------------	 	 	 	
%windir%	 	 	 	
------------------------------------------------------------	 	 	 	
APPLICATION PACKAGE AUTHORITY\ALL RESTRICTED APPLICATION PACKAGES	access-allowed	 	execute standard_read read_extended_attributes read_data synchronize read_attributes	
APPLICATION PACKAGE AUTHORITY\ALL APPLICATION PACKAGES	access-allowed	 	execute standard_read read_extended_attributes read_data synchronize read_attributes	
SYSTEM	access-allowed	 	append_data execute standard_read standard_delete read_extended_attributes read_data synchronize write_data write_extended_attributes write_attributes read_attributes	
NT SERVICE\TrustedInstaller	access-allowed	 	append_data execute standard_write_dac standard_read standard_delete standard_write_owner read_extended_attributes read_data synchronize write_data write_extended_attributes write_attributes read_attributes delete_child	
Users	access-allowed	 	execute standard_read read_extended_attributes read_data synchronize read_attributes	
Administrators	access-allowed	 	append_data execute standard_read standard_delete read_extended_attributes read_data synchronize write_data write_extended_attributes write_attributes read_attributes	
------------------------------------------------------------	 	 	 	
%windir%\AppPatch	 	 	 	
------------------------------------------------------------	 	 	 	
APPLICATION PACKAGE AUTHORITY\ALL RESTRICTED APPLICATION PACKAGES	access-allowed	 	execute standard_read read_extended_attributes read_data synchronize read_attributes	
APPLICATION PACKAGE AUTHORITY\ALL APPLICATION PACKAGES	access-allowed	 	execute standard_read read_extended_attributes read_data synchronize read_attributes	
SYSTEM	access-allowed	 	append_data execute standard_read standard_delete read_extended_attributes read_data synchronize write_data write_extended_attributes write_attributes read_attributes	
NT SERVICE\TrustedInstaller	access-allowed	 	append_data execute standard_write_dac standard_read standard_delete standard_write_owner read_extended_attributes read_data synchronize write_data write_extended_attributes write_attributes read_attributes delete_child	
Users	access-allowed	 	execute standard_read read_extended_attributes read_data synchronize read_attributes	
Administrators	access-allowed	 	append_data execute standard_read standard_delete read_extended_attributes read_data synchronize write_data write_extended_attributes write_attributes read_attributes	
------------------------------------------------------------	 	 	 	
%windir%\debug	 	 	 	
------------------------------------------------------------	 	 	 	
APPLICATION PACKAGE AUTHORITY\ALL RESTRICTED APPLICATION PACKAGES	access-allowed	INHERITED_ACE	execute standard_read read_extended_attributes read_data synchronize read_attributes	
APPLICATION PACKAGE AUTHORITY\ALL APPLICATION PACKAGES	access-denied	OBJECT_INHERIT_ACE CONTAINER_INHERIT_ACE	 	
SYSTEM	access-allowed	INHERITED_ACE	append_data execute standard_write_dac standard_read standard_delete standard_write_owner read_extended_attributes read_data synchronize write_data write_extended_attributes write_attributes read_attributes delete_child	
NT SERVICE\TrustedInstaller	access-allowed	INHERITED_ACE	append_data execute standard_write_dac standard_read standard_delete standard_write_owner read_extended_attributes read_data synchronize write_data write_extended_attributes write_attributes read_attributes delete_child	
Users	access-allowed	INHERITED_ACE	execute standard_read read_extended_attributes read_data synchronize read_attributes	
Administrators	access-allowed	INHERITED_ACE	append_data execute standard_write_dac standard_read standard_delete standard_write_owner read_extended_attributes read_data synchronize write_data write_extended_attributes write_attributes read_attributes delete_child	
------------------------------------------------------------	 	 	 	
%windir%\Help	 	 	 	
------------------------------------------------------------	 	 	 	
APPLICATION PACKAGE AUTHORITY\ALL RESTRICTED APPLICATION PACKAGES	access-allowed	INHERITED_ACE	execute standard_read read_extended_attributes read_data synchronize read_attributes	
APPLICATION PACKAGE AUTHORITY\ALL APPLICATION PACKAGES	access-allowed	INHERITED_ACE	execute standard_read read_extended_attributes read_data synchronize read_attributes	
SYSTEM	access-allowed	INHERITED_ACE	append_data execute standard_write_dac standard_read standard_delete standard_write_owner read_extended_attributes read_data synchronize write_data write_extended_attributes write_attributes read_attributes delete_child	
NT SERVICE\TrustedInstaller	access-allowed	INHERITED_ACE	append_data execute standard_write_dac standard_read standard_delete standard_write_owner read_extended_attributes read_data synchronize write_data write_extended_attributes write_attributes read_attributes delete_child	
Users	access-allowed	INHERITED_ACE	execute standard_read read_extended_attributes read_data synchronize read_attributes	
Administrators	access-allowed	INHERITED_ACE	append_data execute standard_write_dac standard_read standard_delete standard_write_owner read_extended_attributes read_data synchronize write_data write_extended_attributes write_attributes read_attributes delete_child	
------------------------------------------------------------	 	 	 	
%windir%\inf	 	 	 	
------------------------------------------------------------	 	 	 	
APPLICATION PACKAGE AUTHORITY\ALL RESTRICTED APPLICATION PACKAGES	access-allowed	 	execute standard_read read_extended_attributes read_data synchronize read_attributes	
APPLICATION PACKAGE AUTHORITY\ALL APPLICATION PACKAGES	access-allowed	 	execute standard_read read_extended_attributes read_data synchronize read_attributes	
SYSTEM	access-allowed	 	append_data execute standard_read standard_delete read_extended_attributes read_data synchronize write_data write_extended_attributes write_attributes read_attributes	
NT SERVICE\TrustedInstaller	access-allowed	 	append_data execute standard_write_dac standard_read standard_delete standard_write_owner read_extended_attributes read_data synchronize write_data write_extended_attributes write_attributes read_attributes delete_child	
Users	access-allowed	 	execute standard_read read_extended_attributes read_data synchronize read_attributes	
Administrators	access-allowed	 	append_data execute standard_read standard_delete read_extended_attributes read_data synchronize write_data write_extended_attributes write_attributes read_attributes	
------------------------------------------------------------	 	 	 	
%windir%\installer	 	 	 	
------------------------------------------------------------	 	 	 	
Everyone	access-allowed	OBJECT_INHERIT_ACE CONTAINER_INHERIT_ACE	execute standard_read read_extended_attributes read_data synchronize read_attributes	
SYSTEM	access-allowed	OBJECT_INHERIT_ACE CONTAINER_INHERIT_ACE	append_data execute standard_write_dac standard_read standard_delete standard_write_owner read_extended_attributes read_data synchronize write_data write_extended_attributes write_attributes read_attributes delete_child	
Administrators	access-allowed	OBJECT_INHERIT_ACE CONTAINER_INHERIT_ACE	append_data execute standard_write_dac standard_read standard_delete standard_write_owner read_extended_attributes read_data synchronize write_data write_extended_attributes write_attributes read_attributes delete_child	
------------------------------------------------------------	 	 	 	
%windir%\media	 	 	 	
------------------------------------------------------------	 	 	 	
APPLICATION PACKAGE AUTHORITY\ALL RESTRICTED APPLICATION PACKAGES	access-allowed	 	execute standard_read read_extended_attributes read_data synchronize read_attributes	
APPLICATION PACKAGE AUTHORITY\ALL APPLICATION PACKAGES	access-allowed	 	execute standard_read read_extended_attributes read_data synchronize read_attributes	
SYSTEM	access-allowed	 	append_data execute standard_read standard_delete read_extended_attributes read_data synchronize write_data write_extended_attributes write_attributes read_attributes	
NT SERVICE\TrustedInstaller	access-allowed	 	append_data execute standard_write_dac standard_read standard_delete standard_write_owner read_extended_attributes read_data synchronize write_data write_extended_attributes write_attributes read_attributes delete_child	
Users	access-allowed	 	execute standard_read read_extended_attributes read_data synchronize read_attributes	
Administrators	access-allowed	 	append_data execute standard_read standard_delete read_extended_attributes read_data synchronize write_data write_extended_attributes write_attributes read_attributes	
------------------------------------------------------------	 	 	 	
%windir%\Registration	 	 	 	
------------------------------------------------------------	 	 	 	
Everyone	access-allowed	OBJECT_INHERIT_ACE	execute standard_read read_extended_attributes read_data synchronize read_attributes	
SYSTEM	access-allowed	OBJECT_INHERIT_ACE	append_data execute standard_write_dac standard_read standard_delete standard_write_owner read_extended_attributes read_data synchronize write_data write_extended_attributes write_attributes read_attributes delete_child	
Administrators	access-allowed	OBJECT_INHERIT_ACE	append_data execute standard_write_dac standard_read standard_delete standard_write_owner read_extended_attributes read_data synchronize write_data write_extended_attributes write_attributes read_attributes delete_child	
------------------------------------------------------------	 	 	 	
%windir%\security	 	 	 	
------------------------------------------------------------	 	 	 	
APPLICATION PACKAGE AUTHORITY\ALL RESTRICTED APPLICATION PACKAGES	access-allowed	 	execute standard_read read_extended_attributes read_data synchronize read_attributes	
APPLICATION PACKAGE AUTHORITY\ALL APPLICATION PACKAGES	access-allowed	 	execute standard_read read_extended_attributes read_data synchronize read_attributes	
SYSTEM	access-allowed	 	append_data execute standard_read standard_delete read_extended_attributes read_data synchronize write_data write_extended_attributes write_attributes read_attributes	
NT SERVICE\TrustedInstaller	access-allowed	 	append_data execute standard_write_dac standard_read standard_delete standard_write_owner read_extended_attributes read_data synchronize write_data write_extended_attributes write_attributes read_attributes delete_child	
Users	access-allowed	 	execute standard_read read_extended_attributes read_data synchronize read_attributes	
Administrators	access-allowed	 	append_data execute standard_read standard_delete read_extended_attributes read_data synchronize write_data write_extended_attributes write_attributes read_attributes	
------------------------------------------------------------	 	 	 	
%windir%\Temp	 	 	 	
------------------------------------------------------------	 	 	 	
SYSTEM	access-allowed	 	append_data execute standard_write_dac standard_read standard_delete standard_write_owner read_extended_attributes read_data synchronize write_data write_extended_attributes write_attributes read_attributes delete_child	
Users	access-allowed	CONTAINER_INHERIT_ACE	append_data execute synchronize write_data	
Administrators	access-allowed	 	append_data execute standard_write_dac standard_read standard_delete standard_write_owner read_extended_attributes read_data synchronize write_data write_extended_attributes write_attributes read_attributes delete_child	
------------------------------------------------------------	 	 	 	
%ProgramFiles%\Common Files	 	 	 	
------------------------------------------------------------	 	 	 	
APPLICATION PACKAGE AUTHORITY\ALL RESTRICTED APPLICATION PACKAGES	access-allowed	 	execute standard_read read_extended_attributes read_data synchronize read_attributes	
APPLICATION PACKAGE AUTHORITY\ALL APPLICATION PACKAGES	access-allowed	 	execute standard_read read_extended_attributes read_data synchronize read_attributes	
SYSTEM	access-allowed	 	append_data execute standard_read standard_delete read_extended_attributes read_data synchronize write_data write_extended_attributes write_attributes read_attributes	
NT SERVICE\TrustedInstaller	access-allowed	 	append_data execute standard_write_dac standard_read standard_delete standard_write_owner read_extended_attributes read_data synchronize write_data write_extended_attributes write_attributes read_attributes delete_child	
Users	access-allowed	 	execute standard_read read_extended_attributes read_data synchronize read_attributes	
Administrators	access-allowed	 	append_data execute standard_read standard_delete read_extended_attributes read_data synchronize write_data write_extended_attributes write_attributes read_attributes#","no",,,"Security Policy","Cloud Agent, EricsPlaygroundAgents, Test for Sven, Test for Sven.1ddfe2aa-4a79-4155-87ca-da5c1830e92d, Test for Sven.275c0cc2-422a-4fbd-afb6-35a9338bab4a, TestEric, TestEric.00b1e415-6d3e-4c23-b103-9fe0e9dcd8c3"
"192.168.178.41","Global Default Network","desktop-m0k1qp3","DESKTOP-M0K1QP3","ff089bdc-52bd-4caa-93d1-0a1c4087e863",,"QAGENT","Windows 10 Home 64 bit Edition Version 22H2","host scanned, found vuln","105185","Microsoft Windows Effective Permission on Shares Enumerated",,"Ig","2",,,,,"02/29/2024 19:24:52","06/18/2024 09:58:28","472",,,,,"share	 share_type	 ace_type	 name	 primary_group	 ace 
C$	 Hidden	 access_allowed	 Administrators	 NT SERVICE\TrustedInstaller	 append_data, execute, standard_write_dac, standard_read, standard_delete, standard_write_owner, read_extended_attributes, read_data, synchronize, write_data, write_extended_attributes, write_attributes, read_attributes, delete_child 
C$	 Hidden	 access_allowed	 SYSTEM	 NT SERVICE\TrustedInstaller	 append_data, execute, standard_write_dac, standard_read, standard_delete, standard_write_owner, read_extended_attributes, read_data, synchronize, write_data, write_extended_attributes, write_attributes, read_attributes, delete_child 
C$	 Hidden	 access_allowed	 Users	 NT SERVICE\TrustedInstaller	 execute, standard_read, read_extended_attributes, read_data, synchronize, read_attributes 
C$	 Hidden	 access_allowed	 Authenticated_Users	 NT SERVICE\TrustedInstaller	 generic_execute, generic_write, standard_delete, generic_read 
C$	 Hidden	 access_allowed	 Authenticated_Users	 NT SERVICE\TrustedInstaller	 append_data 
ADMIN$	 Hidden	 access_allowed	 NT SERVICE\TrustedInstaller	 NT SERVICE\TrustedInstaller	 append_data, execute, standard_write_dac, standard_read, standard_delete, standard_write_owner, read_extended_attributes, read_data, synchronize, write_data, write_extended_attributes, write_attributes, read_attributes, delete_child 
ADMIN$	 Hidden	 access_allowed	 NT SERVICE\TrustedInstaller	 NT SERVICE\TrustedInstaller	 generic_all 
ADMIN$	 Hidden	 access_allowed	 SYSTEM	 NT SERVICE\TrustedInstaller	 append_data, execute, standard_read, standard_delete, read_extended_attributes, read_data, synchronize, write_data, write_extended_attributes, write_attributes, read_attributes 
ADMIN$	 Hidden	 access_allowed	 SYSTEM	 NT SERVICE\TrustedInstaller	 generic_all 
ADMIN$	 Hidden	 access_allowed	 Administrators	 NT SERVICE\TrustedInstaller	 append_data, execute, standard_read, standard_delete, read_extended_attributes, read_data, synchronize, write_data, write_extended_attributes, write_attributes, read_attributes 
ADMIN$	 Hidden	 access_allowed	 Administrators	 NT SERVICE\TrustedInstaller	 generic_all 
ADMIN$	 Hidden	 access_allowed	 Users	 NT SERVICE\TrustedInstaller	 execute, standard_read, read_extended_attributes, read_data, synchronize, read_attributes 
ADMIN$	 Hidden	 access_allowed	 Users	 NT SERVICE\TrustedInstaller	 generic_execute, generic_read 
ADMIN$	 Hidden	 access_allowed	 Creator_Owner	 NT SERVICE\TrustedInstaller	 generic_all 
ADMIN$	 Hidden	 access_allowed	 APPLICATION PACKAGE AUTHORITY\ALL APPLICATION PACKAGES	 NT SERVICE\TrustedInstaller	 execute, standard_read, read_extended_attributes, read_data, synchronize, read_attributes 
ADMIN$	 Hidden	 access_allowed	 APPLICATION PACKAGE AUTHORITY\ALL APPLICATION PACKAGES	 NT SERVICE\TrustedInstaller	 generic_execute, generic_read 
ADMIN$	 Hidden	 access_allowed	 APPLICATION PACKAGE AUTHORITY\ALL RESTRICTED APPLICATION PACKAGES	 NT SERVICE\TrustedInstaller	 execute, standard_read, read_extended_attributes, read_data, synchronize, read_attributes 
ADMIN$	 Hidden	 access_allowed	 APPLICATION PACKAGE AUTHORITY\ALL RESTRICTED APPLICATION PACKAGES	 NT SERVICE\TrustedInstaller	 generic_execute, generic_read#","no",,,"Security Policy","Cloud Agent, EricsPlaygroundAgents, Test for Sven, Test for Sven.1ddfe2aa-4a79-4155-87ca-da5c1830e92d, Test for Sven.275c0cc2-422a-4fbd-afb6-35a9338bab4a, TestEric, TestEric.00b1e415-6d3e-4c23-b103-9fe0e9dcd8c3"
"192.168.178.41","Global Default Network","desktop-m0k1qp3","DESKTOP-M0K1QP3","ff089bdc-52bd-4caa-93d1-0a1c4087e863",,"QAGENT","Windows 10 Home 64 bit Edition Version 22H2","host scanned, found vuln","105172","Windows Auto Reboot After Blue Screen Not Disabled",,"Ig","2",,,,,"02/29/2024 19:24:52","06/18/2024 09:58:28","472",,,,,"HKLM\SYSTEM\CurrentControlSet\Control\CrashControl AutoReboot = 1#","no",,,"Security Policy","Cloud Agent, EricsPlaygroundAgents, Test for Sven, Test for Sven.1ddfe2aa-4a79-4155-87ca-da5c1830e92d, Test for Sven.275c0cc2-422a-4fbd-afb6-35a9338bab4a, TestEric, TestEric.00b1e415-6d3e-4c23-b103-9fe0e9dcd8c3"
"192.168.178.41","Global Default Network","desktop-m0k1qp3","DESKTOP-M0K1QP3","ff089bdc-52bd-4caa-93d1-0a1c4087e863",,"QAGENT","Windows 10 Home 64 bit Edition Version 22H2","host scanned, found vuln","91228","Microsoft XML parser (MSXML) Versions Detected",,"Ig","2",,,,,"02/29/2024 19:24:52","06/18/2024 09:58:28","472",,,"KB269238",,"Microsoft XML parser (MSXML) v3 8.110.19041.4355 
Microsoft XML parser (MSXML) v6 6.30.19041.4355 
Microsoft XML parser (MSXML) v3 8.110.19041.4355 
Microsoft XML parser (MSXML) v6 6.30.19041.4355#","no",,,"Windows","Cloud Agent, EricsPlaygroundAgents, Test for Sven, Test for Sven.1ddfe2aa-4a79-4155-87ca-da5c1830e92d, Test for Sven.275c0cc2-422a-4fbd-afb6-35a9338bab4a, TestEric, TestEric.00b1e415-6d3e-4c23-b103-9fe0e9dcd8c3"
"192.168.178.41","Global Default Network","desktop-m0k1qp3","DESKTOP-M0K1QP3","ff089bdc-52bd-4caa-93d1-0a1c4087e863",,"QAGENT","Windows 10 Home 64 bit Edition Version 22H2","host scanned, found vuln","90266","Real Name of Built-in Guest Account Enumerated",,"Ig","2",,,,,"02/29/2024 19:24:52","06/18/2024 09:58:28","472",,,,,"Gast#","no",,,"Windows","Cloud Agent, EricsPlaygroundAgents, Test for Sven, Test for Sven.1ddfe2aa-4a79-4155-87ca-da5c1830e92d, Test for Sven.275c0cc2-422a-4fbd-afb6-35a9338bab4a, TestEric, TestEric.00b1e415-6d3e-4c23-b103-9fe0e9dcd8c3"
"192.168.178.41","Global Default Network","desktop-m0k1qp3","DESKTOP-M0K1QP3","ff089bdc-52bd-4caa-93d1-0a1c4087e863",,"QAGENT","Windows 10 Home 64 bit Edition Version 22H2","host scanned, found vuln","90235","Installed Applications Enumerated From Windows Installer",,"Ig","2",,,,,"02/29/2024 19:24:52","06/18/2024 09:58:28","472",,,,,"Display Name	Display Version	Install Date	Publisher	Language	Install Path	Uninstall String	
Hearts of Iron IV	 	 	Paradox Development Studio	 	 	""C:\Program Files (x86)\Steam\steam.exe"" steam://uninstall/394360	
Mount & Blade II: Bannerlord	 	 	TaleWorlds Entertainment	 	C:\Program Files (x86)\Steam\steamapps\common\Mount & Blade II Bannerlord	""C:\Program Files (x86)\Steam\steam.exe"" steam://uninstall/261550	
Battle Brothers	 	 	Overhype Studios	 	C:\Program Files (x86)\Steam\steamapps\common\Battle Brothers	""C:\Program Files (x86)\Steam\steam.exe"" steam://uninstall/365360	
Occupancy Calculator	12.2	20230702	NVIDIA Corporation	 	C:\Program Files\NVIDIA GPU Computing Toolkit\CUDA\v12.2	 	
Mozilla Maintenance Service	71.0	 	Mozilla	 	 	""C:\Program Files (x86)\Mozilla Maintenance Service\uninstall.exe""	
CUSOLVER Runtime	12.2	20230702	NVIDIA Corporation	 	C:\Program Files\NVIDIA GPU Computing Toolkit\CUDA\v12.2	 	
CUDA Profiler Tools	12.2	20230702	NVIDIA Corporation	 	C:\Program Files\NVIDIA GPU Computing Toolkit\CUDA\v12.2	 	
Urtuk: The Desolation	 	 	David Kaleta	 	C:\Program Files (x86)\Steam\steamapps\common\Urtuk The Desolation	""C:\Program Files (x86)\Steam\steam.exe"" steam://uninstall/1181830	
Wildermyth	 	 	Worldwalker Games LLC	 	C:\Program Files (x86)\Steam\steamapps\common\Wildermyth	""C:\Program Files (x86)\Steam\steam.exe"" steam://uninstall/763890	
CUDA Toolkit	12.2	20230702	NVIDIA Corporation	 	C:\Program Files\NVIDIA GPU Computing Toolkit\CUDA\v12.2	 	
OPENCL Runtime	12.2	20230702	NVIDIA Corporation	 	C:\Program Files\NVIDIA GPU Computing Toolkit\CUDA\v12.2	 	
Warhammer 40,000: Chaos Gate - Daemonhunters	 	 	Complex Games	 	C:\Program Files (x86)\Steam\steamapps\common\ChaosGate	""C:\Program Files (x86)\Steam\steam.exe"" steam://uninstall/1611910	
Satellite Reign	 	 	5 Lives Studios	 	C:\Program Files (x86)\Steam\steamapps\common\SatelliteReign	""C:\Program Files (x86)\Steam\steam.exe"" steam://uninstall/268870	
CURAND Development	12.2	20230702	NVIDIA Corporation	 	C:\Program Files\NVIDIA GPU Computing Toolkit\CUDA\v12.2	 	
Visual Profiler	12.2	20230702	NVIDIA Corporation	 	C:\Program Files\NVIDIA GPU Computing Toolkit\CUDA\v12.2	 	
Phoenix Point: Year One Edition	 	 	Snapshot Games Inc.	 	C:\Program Files (x86)\Steam\steamapps\common\Phoenix Point	""C:\Program Files (x86)\Steam\steam.exe"" steam://uninstall/839770	
Baldur's Gate 3	 	 	Larian Studios	 	 	""C:\Program Files (x86)\Steam\steam.exe"" steam://uninstall/1086940	
Pillars of Eternity	 	 	Obsidian Entertainment	 	C:\Program Files (x86)\Steam\steamapps\common\Pillars of Eternity	""C:\Program Files (x86)\Steam\steam.exe"" steam://uninstall/291650	
NVJPEG Development	12.2	20230702	NVIDIA Corporation	 	C:\Program Files\NVIDIA GPU Computing Toolkit\CUDA\v12.2	 	
Git	2.35.1.2	20220210	The Git Development Community	 	C:\Program Files\Git\	""C:\Program Files\Git\unins000.exe""	
2112TD: Tower Defense Survival	 	 	Refinery Games	 	C:\Program Files (x86)\Steam\steamapps\common\2112TD Tower Defense Survival	""C:\Program Files (x86)\Steam\steam.exe"" steam://uninstall/2223590	
Axis & Allies 1942 Online	 	 	Beamdog	 	C:\Program Files (x86)\Steam\steamapps\common\Axis & Allies Online	""C:\Program Files (x86)\Steam\steam.exe"" steam://uninstall/898920	
Hard West 2	 	 	Ice Code Games	 	C:\Program Files (x86)\Steam\steamapps\common\HardWest2	""C:\Program Files (x86)\Steam\steam.exe"" steam://uninstall/1282410	
NVIDIA CUDA Runtime 12.2	12.2	20230702	NVIDIA Corporation	 	C:\Program Files\NVIDIA Corporation\Installer2\CUDARuntimes_12.2.{F781EE0B-3249-4976-BA23-48EDC4754ED8}	""C:\WINDOWS\SysWOW64\RunDll32.EXE"" ""C:\Program Files\NVIDIA Corporation\Installer2\InstallerCore\NVI2.DLL"",UninstallPackage CUDARuntimes_12.2	
CUDA Documentation	12.2	20230702	NVIDIA Corporation	 	C:\Program Files\NVIDIA GPU Computing Toolkit\CUDA\v12.2	 	
Warhammer 40,000: Inquisitor - Martyr	 	 	NeocoreGames	 	C:\Program Files (x86)\Steam\steamapps\common\Warhammer 40,000 Inquisitor - Martyr	""C:\Program Files (x86)\Steam\steam.exe"" steam://uninstall/527430	
Microsoft Visual C++ 2022 X64 Additional Runtime - 14.36.32532	14.36.32532	20230724	Microsoft Corporation	English - United States	 	MsiExec.exe /I{0025DD72-A959-45B5-A0A3-7EFEB15A8050}	
Epic Fantasy Battle Simulator	 	 	Mutiny Software	 	C:\Program Files (x86)\Steam\steamapps\common\Epic Fantasy Battle Simulator	""C:\Program Files (x86)\Steam\steam.exe"" steam://uninstall/1724440	
NVIDIA Nsight Compute 2023.2.0	23.2.0.0	20230702	NVIDIA Corporation	English - United States	 	MsiExec.exe /X{3B509C17-27FD-4BC6-A516-641DB65DEC14}	
SOLASTA Crown of the Magister	 	 	Tactical Adventures	 	C:\Program Files (x86)\Steam\steamapps\common\Slasta_COTM	""C:\Program Files (x86)\Steam\steam.exe"" steam://uninstall/1096530	
Shadowrun: Hong Kong - Extended Edition	 	 	Harebrained Schemes	 	C:\Program Files (x86)\Steam\steamapps\common\Shadowrun Hong Kong	""C:\Program Files (x86)\Steam\steam.exe"" steam://uninstall/346940	
NVJPEG Runtime	12.2	20230702	NVIDIA Corporation	 	C:\Program Files\NVIDIA GPU Computing Toolkit\CUDA\v12.2	 	
CUDA CCCL	12.2	20230702	NVIDIA Corporation	 	C:\Program Files\NVIDIA GPU Computing Toolkit\CUDA\v12.2	 	
Microsoft Visual C++ 2012 x64 Additional Runtime - 11.0.61030	11.0.61030	20191223	Microsoft Corporation	English - United States	 	MsiExec.exe /X{37B8F9C7-03FB-3253-8781-2517C99D7C00}	
NPP Development	12.2	20230702	NVIDIA Corporation	 	C:\Program Files\NVIDIA GPU Computing Toolkit\CUDA\v12.2	 	
Microsoft .NET Runtime - 6.0.11 (x64)	48.47.50420	20230806	Microsoft Corporation	English - United States	 	MsiExec.exe /X{C3DD1448-513A-4DB8-978D-6991562EA63D}	
Tower of Time	 	 	Event Horizon	 	C:\Program Files (x86)\Steam\steamapps\common\Tower of Time	""C:\Program Files (x86)\Steam\steam.exe"" steam://uninstall/617480	
Human Resource Machine	 	 	Tomorrow Corporation	 	C:\Program Files (x86)\Steam\steamapps\common\Human Resource Machine	""C:\Program Files (x86)\Steam\steam.exe"" steam://uninstall/375820	
NVJITLINK Runtime	12.2	20230702	NVIDIA Corporation	 	C:\Program Files\NVIDIA GPU Computing Toolkit\CUDA\v12.2	 	
Warhammer 40,000: Darktide	 	 	Fatshark	 	C:\Program Files (x86)\Steam\steamapps\common\Warhammer 40,000 DARKTIDE	""C:\Program Files (x86)\Steam\steam.exe"" steam://uninstall/1361210	
Warhammer 40,000: Dawn of War II - Chaos Rising	 	 	Relic Entertainment	 	C:\Program Files (x86)\Steam\steamapps\common\Dawn of War 2	""C:\Program Files (x86)\Steam\steam.exe"" steam://uninstall/20570	
Compute Sanitizer	12.2	20230702	NVIDIA Corporation	 	C:\Program Files\NVIDIA GPU Computing Toolkit\CUDA\v12.2	 	
PostgreSQL 15 	15	20230824	PostgreSQL Global Development Group	 	C:\Program Files\PostgreSQL\15	""C:\Program Files\PostgreSQL\15\uninstall-postgresql.exe""	
Frozenheim	 	 	Paranoid Interactive	 	C:\Program Files (x86)\Steam\steamapps\common\Frozenheim	""C:\Program Files (x86)\Steam\steam.exe"" steam://uninstall/1134100	
CPUID HWMonitor 1.42	1.42	20201123	CPUID, Inc.	 	C:\Program Files\CPUID\HWMonitor\	""C:\Program Files\CPUID\HWMonitor\unins000.exe""	
Crusader Kings II	 	 	Paradox Development Studio	 	C:\Program Files (x86)\Steam\steamapps\common\Crusader Kings II	""C:\Program Files (x86)\Steam\steam.exe"" steam://uninstall/203770	
7 Billion Humans	 	 	Tomorrow Corporation	 	C:\Program Files (x86)\Steam\steamapps\common\7 Billion Humans	""C:\Program Files (x86)\Steam\steam.exe"" steam://uninstall/792100	
Mount & Blade: Warband	 	 	TaleWorlds Entertainment	 	C:\Program Files (x86)\Steam\steamapps\common\MountBlade Warband	""C:\Program Files (x86)\Steam\steam.exe"" steam://uninstall/48700	
Microsoft Visual C++ 2013 x64 Minimum Runtime - 12.0.21005	12.0.21005	20191223	Microsoft Corporation	English - United States	 	MsiExec.exe /X{A749D8E6-B613-3BE3-8F5F-045C84EBA29B}	
Totally Accurate Battle Simulator	 	 	Landfall	 	C:\Program Files (x86)\Steam\steamapps\common\Totally Accurate Battle Simulator	""C:\Program Files (x86)\Steam\steam.exe"" steam://uninstall/508440	
Warhammer 40,000: Battlesector	 	 	Black Lab Games	 	C:\Program Files (x86)\Steam\steamapps\common\Warhammer 40000 Battlesector	""C:\Program Files (x86)\Steam\steam.exe"" steam://uninstall/1295500	
NVIDIA Nsight Systems 2023.2.3	23.2.3.1001	20230702	NVIDIA Corporation	English - United States	 	MsiExec.exe /X{F7291E58-1590-4613-AB63-3EE22F808E0E}	
Pillars of Eternity II: Deadfire	 	 	Obsidian Entertainment	 	C:\Program Files (x86)\Steam\steamapps\common\Pillars of Eternity II	""C:\Program Files (x86)\Steam\steam.exe"" steam://uninstall/560130	
CUPTI	12.2	20230702	NVIDIA Corporation	 	C:\Program Files\NVIDIA GPU Computing Toolkit\CUDA\v12.2	 	
Ultimate Epic Battle Simulator 2	 	 	Brilliant Game Studios	 	C:\Program Files (x86)\Steam\steamapps\common\UEBS2	""C:\Program Files (x86)\Steam\steam.exe"" steam://uninstall/1468720	
Windows-PC-Integritätsprüfung	3.6.2204.08001	20220424	Microsoft Corporation	German - Germany	 	MsiExec.exe /X{B3956CF3-F6C5-4567-AC38-1FD4432B319C}	
Microsoft Update Health Tools	3.74.0.0	20231027	Microsoft Corporation	 	 	MsiExec.exe /X{1FC1A6C2-576E-489A-9B4A-92D21F542136}	
NVIDIA FrameView SDK 1.1.4923.29214634	1.1.4923.29214634	20201210	NVIDIA Corporation	 	C:\Program Files\NVIDIA Corporation\FrameViewSDK	""C:\WINDOWS\SysWOW64\RunDll32.EXE"" ""C:\Program Files\NVIDIA Corporation\Installer2\InstallerCore\NVI2.DLL"",UninstallPackage FrameViewSdk	
nvcc	12.2	20230702	NVIDIA Corporation	 	C:\Program Files\NVIDIA GPU Computing Toolkit\CUDA\v12.2	 	
Microsoft Visual C++ 2013 x64 Additional Runtime - 12.0.21005	12.0.21005	20191223	Microsoft Corporation	English - United States	 	MsiExec.exe /X{929FBD26-9020-399B-9A7A-751D61F0B942}	
Microsoft Visual C++ 2022 X64 Minimum Runtime - 14.36.32532	14.36.32532	20230723	Microsoft Corporation	English - United States	 	MsiExec.exe /I{D5D19E2F-7189-42FE-8103-92CD1FA457C2}	
${{arpDisplayName}}	12.2	20230702	NVIDIA Corporation	 	C:\Program Files\NVIDIA GPU Computing Toolkit\CUDA\v12.2	 	
Field of Glory II: Medieval	 	 	Byzantine Games	 	C:\Program Files (x86)\Steam\steamapps\common\Field of Glory II Medieval	""C:\Program Files (x86)\Steam\steam.exe"" steam://uninstall/1368870	
ATOM RPG	 	 	AtomTeam	 	C:\Program Files (x86)\Steam\steamapps\common\ATOM RPG	""C:\Program Files (x86)\Steam\steam.exe"" steam://uninstall/552620	
Panzer Corps 2	 	 	Flashback Games	 	C:\Program Files (x86)\Steam\steamapps\common\Panzer Corps 2	""C:\Program Files (x86)\Steam\steam.exe"" steam://uninstall/1072040	
Paradox Launcher v2	2.4.0	20240508	Paradox Interactive	English - United States	 	MsiExec.exe /X{992827AC-2312-4B8A-BF33-C5DD19C61CEF}	
Fallout 4	 	 	Bethesda Game Studios	 	C:\Program Files (x86)\Steam\steamapps\common\Fallout 4	""C:\Program Files (x86)\Steam\steam.exe"" steam://uninstall/377160	
CUDA Profiler API	12.2	20230702	NVIDIA Corporation	 	C:\Program Files\NVIDIA GPU Computing Toolkit\CUDA\v12.2	 	
Mozilla Firefox (x64 de)	127.0	 	Mozilla	 	C:\Program Files\Mozilla Firefox	""C:\Program Files\Mozilla Firefox\uninstall\helper.exe""	
Epic Games Launcher Prerequisites (x64)	1.0.0.0	20210330	Epic Games, Inc.	English - United States	 	MsiExec.exe /X{F9C5C994-F6B9-4D75-B3E7-AD01B84073E9}	
CUFFT Development	12.2	20230702	NVIDIA Corporation	 	C:\Program Files\NVIDIA GPU Computing Toolkit\CUDA\v12.2	 	
Windows Subsystem for Linux	2.1.5.0	20240611	Microsoft Corporation	English - United States	 	MsiExec.exe /X{877F46EF-614F-4B05-A09D-E15E5B424710}	
Windows-PC-Integritätsprüfung	3.9.2402.14001	20240529	Microsoft Corporation	German - Germany	 	MsiExec.exe /X{A5F151BA-B6DF-4659-83C0-13692B76634F}	
Tyranny	 	 	Obsidian Entertainment	 	C:\Program Files (x86)\Steam\steamapps\common\Tyranny	""C:\Program Files (x86)\Steam\steam.exe"" steam://uninstall/362960	
Tainted Grail	 	 	Questline	 	C:\Program Files (x86)\Steam\steamapps\common\Tainted Grail	""C:\Program Files (x86)\Steam\steam.exe"" steam://uninstall/1199030	
Mutant Year Zero: Road to Eden	 	 	The Bearded Ladies	 	C:\Program Files (x86)\Steam\steamapps\common\Mutant Year Zero	""C:\Program Files (x86)\Steam\steam.exe"" steam://uninstall/760060	
Banners of Ruin	 	 	MonteBearo	 	C:\Program Files (x86)\Steam\steamapps\common\BannersOfRuin	""C:\Program Files (x86)\Steam\steam.exe"" steam://uninstall/1075740	
Docker Desktop	4.30.0	 	Docker Inc.	 	C:\Program Files\Docker\Docker	""C:\Program Files\Docker\Docker\Docker Desktop Installer.exe"" ""uninstall""	
Disassembler	12.2	20230702	NVIDIA Corporation	 	C:\Program Files\NVIDIA GPU Computing Toolkit\CUDA\v12.2	 	
Update for Windows 10 for x64-based Systems (KB5001716)	8.94.0.0	20240515	Microsoft Corporation	 	 	MsiExec.exe /X{85C69797-7336-4E83-8D97-32A7C8465A3B}	
nvprune	12.2	20230702	NVIDIA Corporation	 	C:\Program Files\NVIDIA GPU Computing Toolkit\CUDA\v12.2	 	
Tooth and Tail	 	 	Pocketwatch Games	 	C:\Program Files (x86)\Steam\steamapps\common\ToothAndTail	""C:\Program Files (x86)\Steam\steam.exe"" steam://uninstall/286000	
Demo Suite	12.2	20230702	NVIDIA Corporation	 	C:\Program Files\NVIDIA GPU Computing Toolkit\CUDA\v12.2	 	
Microsoft .NET Host - 6.0.11 (x64)	48.47.50420	20230806	Microsoft Corporation	English - United States	 	MsiExec.exe /X{B92B890A-04F2-4880-BA20-20D4364FB263}	
Warhammer 40,000: Inquisitor - Prophecy	 	 	NeocoreGames	 	C:\Program Files (x86)\Steam\steamapps\common\Warhammer 40,000 Inquisitor - Martyr	""C:\Program Files (x86)\Steam\steam.exe"" steam://uninstall/1042800	
NVIDIA Grafiktreiber 536.40	536.40	20230702	NVIDIA Corporation	 	C:\Program Files\NVIDIA Corporation\Installer2\Display.Driver.{67D0EC09-79CE-48E0-AE97-A63FFEE54570}	""C:\WINDOWS\SysWOW64\RunDll32.EXE"" ""C:\Program Files\NVIDIA Corporation\Installer2\InstallerCore\NVI2.DLL"",UninstallPackage Display.Driver	
Rising Lords	 	 	Argonwood	 	C:\Program Files (x86)\Steam\steamapps\common\Rising Lords	""C:\Program Files (x86)\Steam\steam.exe"" steam://uninstall/835650	
NVIDIA Optimus Update 39.5.0.0	39.5.0.0	20230702	NVIDIA Corporation	 	C:\Program Files\NVIDIA Corporation\Installer2\Display.Optimus.{D2FE8EA4-433B-4746-8623-1393E971ABBA}	 	
Field of Glory II	 	 	Byzantine Games	 	C:\Program Files (x86)\Steam\steamapps\common\Field of Glory II	""C:\Program Files (x86)\Steam\steam.exe"" steam://uninstall/660160	
Gordian Quest	 	 	Mixed Realms Pte Ltd	 	C:\Program Files (x86)\Steam\steamapps\common\Gordian Quest	""C:\Program Files (x86)\Steam\steam.exe"" steam://uninstall/981430	
Qualys Cloud Security Agent	5.6.0.20	20240607	Qualys, Inc.	English - United States	 	MsiExec.exe /X{3569B211-ED94-41B4-98AF-A187235B4DBB}	
Manor Lords	 	 	Slavic Magic	 	C:\Program Files (x86)\Steam\steamapps\common\Manor Lords	""C:\Program Files (x86)\Steam\steam.exe"" steam://uninstall/1363080	
Warhammer 40,000: Space Wolf	 	 	HeroCraft PC	 	C:\Program Files (x86)\Steam\steamapps\common\Warhammer 40,000 Space Wolf	""C:\Program Files (x86)\Steam\steam.exe"" steam://uninstall/553210	
Microsoft Windows Desktop Runtime - 6.0.11 (x64)	48.47.50419	20230806	Microsoft Corporation	English - United States	 	MsiExec.exe /X{A39D4115-3A27-4245-AE92-3214B8B21932}	
NVIDIA CUDA Documentation 12.2	12.2	20230702	NVIDIA Corporation	 	C:\Program Files\NVIDIA GPU Computing Toolkit\CUDA\v12.2	""C:\WINDOWS\SysWOW64\RunDll32.EXE"" ""C:\Program Files\NVIDIA Corporation\Installer2\InstallerCore\NVI2.DLL"",UninstallPackage CUDADocument_12.2	
MariaDB 11.4 (x64)	11.4.2.0	 	MariaDB Corporation Ab	 	C:\Program Files\MariaDB 11.4\	msiexec.exe /I {902CEE8B-379B-4BDC-8394-540E68BF1D7E}	
Iratus: Lord of the Dead	 	 	Unfrozen	 	C:\Program Files (x86)\Steam\steamapps\common\Iratus Lord of the Dead	""C:\Program Files (x86)\Steam\steam.exe"" steam://uninstall/807120	
Element TD 2	 	 	Element Studios	 	C:\Program Files (x86)\Steam\steamapps\common\Element TD 2	""C:\Program Files (x86)\Steam\steam.exe"" steam://uninstall/1018830	
Jagged Alliance 3	 	 	Haemimont Games	 	C:\Program Files (x86)\Steam\steamapps\common\Jagged Alliance 3	""C:\Program Files (x86)\Steam\steam.exe"" steam://uninstall/1084160	
Microsoft Visual C++ 2008 Redistributable - x64 9.0.30729.6161	9.0.30729.6161	20201009	Microsoft Corporation	English - United States	 	MsiExec.exe /X{5FCE6D76-F5DC-37AB-B2B8-22AB8CEDB1D4}	
CUSOLVER Development	12.2	20230702	NVIDIA Corporation	 	C:\Program Files\NVIDIA GPU Computing Toolkit\CUDA\v12.2	 	
Wartales	 	 	Shiro Games	 	C:\Program Files (x86)\Steam\steamapps\common\Wartales	""C:\Program Files (x86)\Steam\steam.exe"" steam://uninstall/1527950	
Microsoft .NET Host FX Resolver - 6.0.11 (x64)	48.47.50420	20230806	Microsoft Corporation	English - United States	 	MsiExec.exe /X{5E63E49B-C88C-46C5-855C-A7B07C11CDC8}	
BATTLETECH	 	 	Harebrained Schemes	 	C:\Program Files (x86)\Steam\steamapps\common\BATTLETECH	""C:\Program Files (x86)\Steam\steam.exe"" steam://uninstall/637090	
Neverwinter Nights: Enhanced Edition	 	 	Beamdog	 	C:\Program Files (x86)\Steam\steamapps\common\Neverwinter Nights	""C:\Program Files (x86)\Steam\steam.exe"" steam://uninstall/704450	
XAMPP	8.2.12-0	20240606	Apache Friends	 	C:\xampp_new	""C:\xampp_new\uninstall.exe""	
NVRTC Runtime	12.2	20230702	NVIDIA Corporation	 	C:\Program Files\NVIDIA GPU Computing Toolkit\CUDA\v12.2	 	
NVML Development	12.2	20230702	NVIDIA Corporation	 	C:\Program Files\NVIDIA GPU Computing Toolkit\CUDA\v12.2	 	
Vortex	1.2.20	 	Black Tree Gaming Ltd.	 	 	""C:\Program Files\Black Tree Gaming Ltd\Vortex\Uninstall Vortex.exe"" /allusers	
NVIDIA CUDA Development 12.2	12.2	20230702	NVIDIA Corporation	 	C:\Program Files\NVIDIA GPU Computing Toolkit\CUDA\v12.2	""C:\WINDOWS\SysWOW64\RunDll32.EXE"" ""C:\Program Files\NVIDIA Corporation\Installer2\InstallerCore\NVI2.DLL"",UninstallPackage CUDADevelopment_12.2	
CUBLAS Runtime	12.2	20230702	NVIDIA Corporation	 	C:\Program Files\NVIDIA GPU Computing Toolkit\CUDA\v12.2	 	
CUDART Runtime	12.2	20230702	NVIDIA Corporation	 	C:\Program Files\NVIDIA GPU Computing Toolkit\CUDA\v12.2	 	
Microsoft Visual C++ 2010 x64 Redistributable - 10.0.40219	10.0.40219	20191223	Microsoft Corporation	 	 	MsiExec.exe /X{1D8E6291-B0D5-35EC-8441-6616F567A0F7}	
MarZ: Tactical Base Defense	 	 	doorfortyfour	 	C:\Program Files (x86)\Steam\steamapps\common\MarZ Rising	""C:\Program Files (x86)\Steam\steam.exe"" steam://uninstall/682530	
Warhammer 40,000: Armageddon	 	 	Flashback Games	 	C:\Program Files (x86)\Steam\steamapps\common\Warhammer 40000 Armageddon	""C:\Program Files (x86)\Steam\steam.exe"" steam://uninstall/312370	
CPUID CPU-Z 1.94	1.94	20201123	CPUID, Inc.	 	C:\Program Files\CPUID\CPU-Z\	""C:\Program Files\CPUID\CPU-Z\unins000.exe""	
Sanctum 2	 	 	Coffee Stain Studios	 	C:\Program Files (x86)\Steam\steamapps\common\Sanctum2	""C:\Program Files (x86)\Steam\steam.exe"" steam://uninstall/210770	
NVIDIA Update Core	39.5.0.0	20230702	NVIDIA Corporation	 	C:\Program Files\NVIDIA Corporation\Installer2\Update.Core.{1AF00FA7-C2CE-4C7C-AE43-A49238296508}	 	
Gloomhaven	 	 	Flaming Fowl Studios	 	C:\Program Files (x86)\Steam\steamapps\common\Gloomhaven	""C:\Program Files (x86)\Steam\steam.exe"" steam://uninstall/780290	
Poly Bridge 2	 	 	Dry Cactus	 	C:\Program Files (x86)\Steam\steamapps\common\Poly Bridge 2	""C:\Program Files (x86)\Steam\steam.exe"" steam://uninstall/1062160	
cuobjdump	12.2	20230702	NVIDIA Corporation	 	C:\Program Files\NVIDIA GPU Computing Toolkit\CUDA\v12.2	 	
Across the Obelisk	 	 	Dreamsite Games	 	C:\Program Files (x86)\Steam\steamapps\common\Across the Obelisk	""C:\Program Files (x86)\Steam\steam.exe"" steam://uninstall/1385380	
NPP Runtime	12.2	20230702	NVIDIA Corporation	 	C:\Program Files\NVIDIA GPU Computing Toolkit\CUDA\v12.2	 	
NVRTC Development	12.2	20230702	NVIDIA Corporation	 	C:\Program Files\NVIDIA GPU Computing Toolkit\CUDA\v12.2	 	
NVTX Development	12.2	20230702	NVIDIA Corporation	 	C:\Program Files\NVIDIA GPU Computing Toolkit\CUDA\v12.2	 	
cuxxfilt	12.2	20230702	NVIDIA Corporation	 	C:\Program Files\NVIDIA GPU Computing Toolkit\CUDA\v12.2	 	
Microsoft Visual C++ 2012 x64 Minimum Runtime - 11.0.61030	11.0.61030	20191223	Microsoft Corporation	English - United States	 	MsiExec.exe /X{CF2BEA3C-26EA-32F8-AA9B-331F7E34BA97}	
MariaDB 11.4 (x64)	11.4.2.0	20240606	MariaDB Corporation Ab	English - United States	C:\Program Files\MariaDB 11.4\	MsiExec.exe /I{902CEE8B-379B-4BDC-8394-540E68BF1D7E}	
Taur	 	 	Echo Entertainment	 	C:\Program Files (x86)\Steam\steamapps\common\Taur	""C:\Program Files (x86)\Steam\steam.exe"" steam://uninstall/1227780	
CUSPARSE Development	12.2	20230702	NVIDIA Corporation	 	C:\Program Files\NVIDIA GPU Computing Toolkit\CUDA\v12.2	 	
Age of Wonders 4	 	 	Triumph Studios	 	C:\Program Files (x86)\Steam\steamapps\common\Age of Wonders 4	""C:\Program Files (x86)\Steam\steam.exe"" steam://uninstall/1669000	
Pathfinder: Kingmaker	 	 	Owlcat Games	 	C:\Program Files (x86)\Steam\steamapps\common\Pathfinder Kingmaker	""C:\Program Files (x86)\Steam\steam.exe"" steam://uninstall/640820	
7-Zip 19.00 (x64)	19.00	 	Igor Pavlov	 	C:\Program Files\7-Zip\	C:\Program Files\7-Zip\Uninstall.exe	
Microsoft Visual C++ 2005 Redistributable (x64)	8.0.61000	20210328	Microsoft Corporation	 	 	MsiExec.exe /X{ad8a2fa1-06e7-4b0d-927d-6e54b3d31028}	
CUBLAS Development	12.2	20230702	NVIDIA Corporation	 	C:\Program Files\NVIDIA GPU Computing Toolkit\CUDA\v12.2	 	
CURAND Runtime	12.2	20230702	NVIDIA Corporation	 	C:\Program Files\NVIDIA GPU Computing Toolkit\CUDA\v12.2	 	
NVIDIA Install Application	2.1002.399.0	20230702	NVIDIA Corporation	 	C:\Program Files\NVIDIA Corporation\Installer2\InstallerCore	 	
Warhammer 40,000: Dawn of War II	 	 	Relic Entertainment	 	C:\Program Files (x86)\Steam\steamapps\common\Dawn of War 2	""C:\Program Files (x86)\Steam\steam.exe"" steam://uninstall/15620	
CUSPARSE Runtime	12.2	20230702	NVIDIA Corporation	 	C:\Program Files\NVIDIA GPU Computing Toolkit\CUDA\v12.2	 	
Warhammer 40,000: Sanctus Reach	 	 	Straylight Entertainment	 	C:\Program Files (x86)\Steam\steamapps\common\Warhammer 40000 Sanctus Reach	""C:\Program Files (x86)\Steam\steam.exe"" steam://uninstall/502370	
Mini Metro	 	 	Dinosaur Polo Club	 	C:\Program Files (x86)\Steam\steamapps\common\MiniMetro	""C:\Program Files (x86)\Steam\steam.exe"" steam://uninstall/287980	
Honeyview	5.35	 	Bandisoft.com	 	 	""C:\Program Files\Honeyview\Uninstall.exe""	
Darkest Dungeon®	 	 	Red Hook Studios	 	C:\Program Files (x86)\Steam\steamapps\common\DarkestDungeon	""C:\Program Files (x86)\Steam\steam.exe"" steam://uninstall/262060
Display Name	Display Version	Install Date	Publisher	Language	Install Path	Uninstall String	
Uplay	65.0	 	Ubisoft	 	C:\Program Files (x86)\Ubisoft\Ubisoft Game Launcher\	C:\Program Files (x86)\Ubisoft\Ubisoft Game Launcher\Uninstall.exe	
Overwatch	 	 	Blizzard Entertainment	 	C:\Program Files (x86)\Overwatch	""C:\ProgramData\Battle.net\Agent\Blizzard Uninstaller.exe"" --lang=enUS --uid=prometheus --displayname=""Overwatch""	
Creative Systeminformationen	1.10	 	Creative Technology Limited	 	C:\Program Files (x86)\Creative\Support\System Information	RunDll32 C:\PROGRA~2\COMMON~1\INSTAL~1\PROFES~1\RunTime\09\01\Intel32\Ctor.dll,LaunchSetup ""C:\Program Files (x86)\InstallShield Installation Information\{63A317D0-60A6-43FC-848A-9FE4A53B29CE}\setup.exe"" -l0x7 /remove	
Microsoft Edge WebView2-Laufzeit	125.0.2535.92	20240608	Microsoft Corporation	 	C:\Program Files (x86)\Microsoft\EdgeWebView\Application	""C:\Program Files (x86)\Microsoft\EdgeWebView\Application\125.0.2535.92\Installer\setup.exe"" --uninstall --msedgewebview --system-level --verbose-logging	
Google Chrome	125.0.6422.176	20240614	Google LLC	 	C:\Program Files\Google\Chrome\Application	""C:\Program Files\Google\Chrome\Application\125.0.6422.176\Installer\setup.exe"" --uninstall --channel=stable --system-level --verbose-logging	
Origin	10.5.93.46608	 	Electronic Arts, Inc.	 	C:\Program Files (x86)\Origin	C:\Program Files (x86)\Origin\OriginUninstall.exe	
Epic Online Services	2.0.28.0	20211005	Epic Games, Inc.	English - United States	 	MsiExec.exe /X{32C68D93-D32F-4B01-8250-61642BFC22F8}	
Microsoft Edge Update	1.3.187.41	 	 	 	 	 	
Creative Software AutoUpdate	1.41	 	Creative Technology Limited	 	C:\Program Files (x86)\Creative\Shared Files\Software Update	RunDll32 C:\PROGRA~2\COMMON~1\INSTAL~1\PROFES~1\RunTime\09\01\Intel32\Ctor.dll,LaunchSetup ""C:\Program Files (x86)\InstallShield Installation Information\{88B1984E-36F0-47B8-B8DC-728966807A9C}\setup.exe"" -l0x7 /remove	
Creative Live! Central 3	3.01.29	 	Creative Technology Ltd	German - Germany	C:\Program Files (x86)\Creative\Creative Live! Cam\Live! Central 3	RunDll32 C:\PROGRA~2\COMMON~1\INSTAL~1\PROFES~1\RunTime\09\01\Intel32\Ctor.dll,LaunchSetup ""C:\Program Files (x86)\InstallShield Installation Information\{AF229311-D6FD-4ED5-A446-9C44B96380A9}\setup.exe"" -l0x7 /remove	
Microsoft Visual C++ 2015-2022 Redistributable (x86) - 14.36.32532	14.36.32532.0	 	Microsoft Corporation	 	 	""C:\ProgramData\Package Cache\{410c0ee1-00bb-41b6-9772-e12c2828b02f}\VC_redist.x86.exe"" /uninstall	
Microsoft Edge	126.0.2592.56	20240615	Microsoft Corporation	 	C:\Program Files (x86)\Microsoft\Edge\Application	""C:\Program Files (x86)\Microsoft\Edge\Application\126.0.2592.56\Installer\setup.exe"" --uninstall --msedge --channel=stable --system-level --verbose-logging	
Microsoft Visual C++ 2010 x86 Redistributable - 10.0.40219	10.0.40219	20191223	Microsoft Corporation	 	 	MsiExec.exe /X{F0C3E5D1-1ADE-321E-8167-68EF0DE699A5}	
Microsoft Visual C++ 2012 x86 Additional Runtime - 11.0.61030	11.0.61030	20191223	Microsoft Corporation	English - United States	 	MsiExec.exe /X{B175520C-86A2-35A7-8619-86DC379688B9}	
Microsoft Visual C++ 2013 Redistributable (x86) - 12.0.30501	12.0.30501.0	 	Microsoft Corporation	 	 	""C:\ProgramData\Package Cache\{f65db027-aff3-4070-886a-0d87064aabb1}\vcredist_x86.exe"" /uninstall	
Microsoft Visual C++ 2013 x86 Minimum Runtime - 12.0.21005	12.0.21005	20191223	Microsoft Corporation	English - United States	 	MsiExec.exe /X{13A4EE12-23EA-3371-91EE-EFB36DDFFF3E}	
Microsoft Visual C++ 2008 Redistributable - x86 9.0.30729.6161	9.0.30729.6161	20201009	Microsoft Corporation	English - United States	 	MsiExec.exe /X{9BE518E6-ECC6-35A9-88E4-87755C07200F}	
Microsoft Visual C++ 2013 x86 Additional Runtime - 12.0.21005	12.0.21005	20191223	Microsoft Corporation	English - United States	 	MsiExec.exe /X{F8CFEB22-A2E7-3971-9EDA-4B11EDEFC185}	
TIPP10 Version 2.1.0	 	20200618	(c) 2006-2011, Tom Thielicke IT Solutions	 	C:\Program Files (x86)\Tipp10\	""C:\Program Files (x86)\Tipp10\unins000.exe""	
Audacity 2.3.3	2.3.3	20200308	Audacity Team	 	C:\Program Files (x86)\Audacity\	""C:\Program Files (x86)\Audacity\unins000.exe""	
Rockstar Games Social Club	2.0.4.3	 	Rockstar Games	 	 	C:\Program Files\Rockstar Games\Social Club\uninstallRGSCRedistributable.exe	
Microsoft Visual C++ 2012 Redistributable (x86) - 11.0.61030	11.0.61030.0	 	Microsoft Corporation	 	 	""C:\ProgramData\Package Cache\{33d1fd90-4274-48a1-9bc1-97e33d9c2d6f}\vcredist_x86.exe"" /uninstall	
Microsoft Visual C++ 2012 x86 Minimum Runtime - 11.0.61030	11.0.61030	20191223	Microsoft Corporation	English - United States	 	MsiExec.exe /X{BD95A8CD-1D9F-35AD-981A-3E7925026EBB}	
Microsoft Visual C++ 2008 Redistributable - x86 9.0.21022	9.0.21022	20201116	Microsoft Corporation	English - United States	 	MsiExec.exe /X{FF66E9F6-83E7-3A3E-AF14-8DE9A809A6A4}	
Battle.net	 	 	Blizzard Entertainment	 	C:\Program Files (x86)\Battle.net	""C:\ProgramData\Battle.net\Agent\Blizzard Uninstaller.exe"" --lang=enUS --uid=battle.net --displayname=""Battle.net""	
Epic Games Launcher	1.2.11.0	20210330	Epic Games, Inc.	German - Germany	C:\Program Files (x86)\Epic Games\	MsiExec.exe /X{10C99DF4-CDE1-43BD-9094-96D863A108C7}	
Minecraft Launcher	1.0.0.0	20200113	Mojang	English - United States	C:\Program Files (x86)\Minecraft Launcher\	MsiExec.exe /X{810F1419-7760-402E-8772-B4054FAA2B72}	
PyCharm Community Edition 2023.2	232.8660.197	 	JetBrains s.r.o.	 	C:\Program Files\JetBrains\PyCharm Community Edition 2023.2	C:\Program Files\JetBrains\PyCharm Community Edition 2023.2\bin\Uninstall.exe	
Microsoft Visual C++ 2012 Redistributable (x64) - 11.0.61030	11.0.61030.0	 	Microsoft Corporation	 	 	""C:\ProgramData\Package Cache\{ca67548a-5ebe-413a-b50c-4b9ceb6d66c6}\vcredist_x64.exe"" /uninstall	
Microsoft Visual C++ 2022 X86 Additional Runtime - 14.36.32532	14.36.32532	20230723	Microsoft Corporation	English - United States	 	MsiExec.exe /I{C2C59CAB-8766-4ABD-A8EF-1151A36C41E5}	
Microsoft Visual C++ 2022 X86 Minimum Runtime - 14.36.32532	14.36.32532	20230723	Microsoft Corporation	English - United States	 	MsiExec.exe /I{73F77E4E-5A17-46E5-A5FC-8A061047725F}	
OpenAL	 	 	 	 	 	""C:\Program Files (x86)\OpenAL\oalinst.exe"" /U	
Microsoft Visual C++ 2005 Redistributable	8.0.61001	20210328	Microsoft Corporation	 	 	MsiExec.exe /X{710f4c1c-cc18-4c49-8cbf-51240c89a1a2}	
Microsoft Visual C++ 2013 Redistributable (x64) - 12.0.30501	12.0.30501.0	 	Microsoft Corporation	 	 	""C:\ProgramData\Package Cache\{050d4fc8-5d48-4b8f-8972-47c82c46020f}\vcredist_x64.exe"" /uninstall	
Exact Audio Copy 1.5	1.5	 	Andre Wiethoff	 	 	C:\Program Files (x86)\Exact Audio Copy\uninst.exe	
Microsoft Visual C++ 2015-2022 Redistributable (x64) - 14.36.32532	14.36.32532.0	 	Microsoft Corporation	 	 	""C:\ProgramData\Package Cache\{8bdfe669-9705-4184-9368-db9ce581e0e7}\VC_redist.x64.exe"" /uninstall	
Launcher Prerequisites (x64)	1.0.0.0	 	Epic Games, Inc.	 	 	""C:\ProgramData\Package Cache\{43a03b9c-4770-409c-a999-587b60700b63}\LauncherPrereqSetup_x64.exe"" /uninstall	
Microsoft Windows Desktop Runtime - 6.0.11 (x64)	6.0.11.31823	 	Microsoft Corporation	 	 	""C:\ProgramData\Package Cache\{c4846f79-a633-4ae4-92a3-92fdbeb33da2}\windowsdesktop-runtime-6.0.11-win-x64.exe"" /uninstall	
Steam	2.10.91.91	 	Valve Corporation	 	 	C:\Program Files (x86)\Steam\uninstall.exe	
Rockstar Games Launcher	1.0.17.199	 	Rockstar Games	 	""C:\Program Files\Rockstar Games\Launcher""	""C:\Program Files\Rockstar Games\Launcher\uninstall.exe""#","no",,,"Windows","Cloud Agent, EricsPlaygroundAgents, Test for Sven, Test for Sven.1ddfe2aa-4a79-4155-87ca-da5c1830e92d, Test for Sven.275c0cc2-422a-4fbd-afb6-35a9338bab4a, TestEric, TestEric.00b1e415-6d3e-4c23-b103-9fe0e9dcd8c3"
"192.168.178.41","Global Default Network","desktop-m0k1qp3","DESKTOP-M0K1QP3","ff089bdc-52bd-4caa-93d1-0a1c4087e863",,"QAGENT","Windows 10 Home 64 bit Edition Version 22H2","host scanned, found vuln","45357","Display BIOS Asset Tag - Chassis",,"Ig","2",,,,,"02/29/2024 19:24:52","06/18/2024 09:58:28","472",,,,,"BIOS Asset Tag : TobefilledbyO.E.M.#","no",,,"Information gathering","Cloud Agent, EricsPlaygroundAgents, Test for Sven, Test for Sven.1ddfe2aa-4a79-4155-87ca-da5c1830e92d, Test for Sven.275c0cc2-422a-4fbd-afb6-35a9338bab4a, TestEric, TestEric.00b1e415-6d3e-4c23-b103-9fe0e9dcd8c3"
"192.168.178.41","Global Default Network","desktop-m0k1qp3","DESKTOP-M0K1QP3","ff089bdc-52bd-4caa-93d1-0a1c4087e863",,"QAGENT","Windows 10 Home 64 bit Edition Version 22H2","host scanned, found vuln","45304","Model Information from Devices",,"Ig","2",,,,,"02/29/2024 19:24:52","06/18/2024 09:58:28","472",,,,,"HKLM\SYSTEM\CurrentControlSet\Control\SystemInformation	
SystemProductName	=	MS-7C35	
HKLM\SOFTWARE\Microsoft\Cryptography	
MachineGuid	=	fe4c84a4-0452-4156-bc4b-afa1ac99e00a#","no",,,"Information gathering","Cloud Agent, EricsPlaygroundAgents, Test for Sven, Test for Sven.1ddfe2aa-4a79-4155-87ca-da5c1830e92d, Test for Sven.275c0cc2-422a-4fbd-afb6-35a9338bab4a, TestEric, TestEric.00b1e415-6d3e-4c23-b103-9fe0e9dcd8c3"
"192.168.178.41","Global Default Network","desktop-m0k1qp3","DESKTOP-M0K1QP3","ff089bdc-52bd-4caa-93d1-0a1c4087e863",,"QAGENT","Windows 10 Home 64 bit Edition Version 22H2","host scanned, found vuln","45302","Administrator Group Members Enumerated Using SID",,"Ig","2",,,,,"02/29/2024 19:24:52","06/18/2024 09:58:28","472",,,,,"S-1-5-32-544 Administratoren {siduse=User, name=DESKTOP-M0K1QP3\big10, sid=S-1-5-21-3758307488-828553556-2072139100-1001} 
S-1-5-32-544 Administratoren {siduse=User, name=DESKTOP-M0K1QP3\Administrator, sid=S-1-5-21-3758307488-828553556-2072139100-500}#","no",,,"Information gathering","Cloud Agent, EricsPlaygroundAgents, Test for Sven, Test for Sven.1ddfe2aa-4a79-4155-87ca-da5c1830e92d, Test for Sven.275c0cc2-422a-4fbd-afb6-35a9338bab4a, TestEric, TestEric.00b1e415-6d3e-4c23-b103-9fe0e9dcd8c3"
"192.168.178.41","Global Default Network","desktop-m0k1qp3","DESKTOP-M0K1QP3","ff089bdc-52bd-4caa-93d1-0a1c4087e863",,"QAGENT","Windows 10 Home 64 bit Edition Version 22H2","host scanned, found vuln","45253","Mozilla Firefox Installed Extensions",,"Ig","2",,,,,"02/29/2024 19:24:52","06/18/2024 09:58:28","472",,,,,"Firefox Extension Location	Name	Version	
""C:\\Users\\big10\\AppData\\Roaming\\Mozilla\\Firefox\\Profiles\\h5mh6mme.default-release\\extensions\\{74145f27-f039-47ce-a470-a662b129930a}.xpi""	ClearURLs	1.26.1	
""C:\\Users\\big10\\AppData\\Roaming\\Mozilla\\Firefox\\Profiles\\h5mh6mme.default-release\\extensions\\anttoolbar@ant.com.xpi""	Ant Video downloader	4.18	
""C:\\Users\\big10\\AppData\\Roaming\\Mozilla\\Firefox\\Profiles\\h5mh6mme.default-release\\extensions\\support@lastpass.com.xpi""	LastPass: Free Password Manager	4.127.0.1	
""C:\\Users\\big10\\AppData\\Roaming\\Mozilla\\Firefox\\Profiles\\h5mh6mme.default-release\\extensions\\{b9acf540-acba-11e1-8ccb-001fd0e08bd4}.xpi""	Easy Youtube Video Downloader Express	19.1	
""C:\\Users\\big10\\AppData\\Roaming\\Mozilla\\Firefox\\Profiles\\h5mh6mme.default-release\\extensions\\{bf855ead-d7c3-4c7b-9f88-9a7e75c0efdf}.xpi""	Zoom Extension	2.1.56	
""C:\\Users\\big10\\AppData\\Roaming\\Mozilla\\Firefox\\Profiles\\h5mh6mme.default-release\\extensions\\{b9db16a4-6edc-47ec-a1f4-b86292ed211d}.xpi""	Video DownloadHelper	9.0.2.3	
""C:\\Users\\big10\\AppData\\Roaming\\Mozilla\\Firefox\\Profiles\\h5mh6mme.default-release\\extensions\\adguardadblocker@adguard.com.xpi""	AdGuard AdBlocker	4.3.53	
""C:\\Users\\big10\\AppData\\Roaming\\Mozilla\\Firefox\\Profiles\\h5mh6mme.default-release\\extensions\\sponsorBlocker@ajay.app.xpi""	SponsorBlock for YouTube - Skip Sponsorships	5.6.1	
""C:\\Users\\big10\\AppData\\Roaming\\Mozilla\\Firefox\\Profiles\\h5mh6mme.default-release\\extensions\\{d10d0bf8-f5b5-c8b4-a8b2-2b9879e08c5d}.xpi""	Adblock Plus - free ad blocker	4.2	
""C:\\Program Files\\Mozilla Firefox\\browser\\features\\screenshots@mozilla.org.xpi""	Firefox Screenshots	39.0.1	
""C:\\Program Files\\Mozilla Firefox\\browser\\features\\webcompat-reporter@mozilla.org.xpi""	WebCompat Reporter	2.1.0	
""C:\\Program Files\\Mozilla Firefox\\browser\\features\\webcompat@mozilla.org.xpi""	Web Compatibility Interventions	125.1.0	
""C:\\Program Files\\Mozilla Firefox\\browser\\features\\pictureinpicture@mozilla.org.xpi""	Picture-In-Picture	1.0.0#","no",,,"Information gathering","Cloud Agent, EricsPlaygroundAgents, Test for Sven, Test for Sven.1ddfe2aa-4a79-4155-87ca-da5c1830e92d, Test for Sven.275c0cc2-422a-4fbd-afb6-35a9338bab4a, TestEric, TestEric.00b1e415-6d3e-4c23-b103-9fe0e9dcd8c3"
"192.168.178.41","Global Default Network","desktop-m0k1qp3","DESKTOP-M0K1QP3","ff089bdc-52bd-4caa-93d1-0a1c4087e863",,"QAGENT","Windows 10 Home 64 bit Edition Version 22H2","host scanned, found vuln","45211","Google Chrome Installed Extensions",,"Ig","2",,,,,"02/29/2024 19:24:52","06/18/2024 09:58:28","472",,,,,"Chrome Extension Location	Name	Version	
%systemdrive%\users\big10\AppData\Local\Google\Chrome\User Data\Default\Extensions\ghbmnnjooekpmoecnnnilnnbdlolhkhi\1.78.1_0	google docs offline	1.78.1	
%systemdrive%\users\big10\AppData\Local\Google\Chrome\User Data\Default\Extensions\bakpbgckdnepkmkeaiomhmfcnejndkbi\1.1_0	Pesticide for Chrome	1.1	
%systemdrive%\users\big10\AppData\Local\Google\Chrome\User Data\Default\Extensions\nmmhkkegccagdldgiimedpiccmgmieda\1.0.0.6_0	chrome web store payments	1.0.0.6#","no",,,"Information gathering","Cloud Agent, EricsPlaygroundAgents, Test for Sven, Test for Sven.1ddfe2aa-4a79-4155-87ca-da5c1830e92d, Test for Sven.275c0cc2-422a-4fbd-afb6-35a9338bab4a, TestEric, TestEric.00b1e415-6d3e-4c23-b103-9fe0e9dcd8c3"
"192.168.178.41","Global Default Network","desktop-m0k1qp3","DESKTOP-M0K1QP3","ff089bdc-52bd-4caa-93d1-0a1c4087e863",,"QAGENT","Windows 10 Home 64 bit Edition Version 22H2","host scanned, found vuln","45178","Microsoft .Net Framework Installed on Target Host",,"Ig","2",,,,,"02/29/2024 19:24:52","06/18/2024 09:58:28","472",,,"Microsoft .NET Framework",,".Net Framework	Version	Release	Service Pack	Key	
.Net Framework 2.0 x64	2.0.50727.4927	 - 	2	HKLM\SOFTWARE\Microsoft\NET Framework Setup\NDP\v2.0.50727	
.Net Framework 3.0 x64	3.0.30729.4926	 - 	2	HKLM\SOFTWARE\Microsoft\NET Framework Setup\NDP\v3.0	
.Net Framework 3.5 x64	3.5.30729.4926	 - 	1	HKLM\SOFTWARE\Microsoft\NET Framework Setup\NDP\v3.5	
.Net Framework 4.x Client Installation x64	4.8.09037	533325 4.8.1	 - 	HKLM\SOFTWARE\Microsoft\NET Framework Setup\NDP\v4\Client	
.Net Framework 4.x Full Installation x64	4.8.09037	533325 4.8.1	 - 	HKLM\SOFTWARE\Microsoft\NET Framework Setup\NDP\v4\Full	
.Net Framework 2.0 x86	2.0.50727.4927	 - 	2	HKLM\SOFTWARE\Wow6432Node\Microsoft\NET Framework Setup\NDP\v2.0.50727	
.Net Framework 3.0 x86	3.0.30729.4926	 - 	2	HKLM\SOFTWARE\Wow6432Node\Microsoft\NET Framework Setup\NDP\v3.0	
.Net Framework 3.5 x86	3.5.30729.4926	 - 	1	HKLM\SOFTWARE\Wow6432Node\Microsoft\NET Framework Setup\NDP\v3.5	
.Net Framework 4.x Client Installation x86	4.8.09037	533325 4.8.1	 - 	HKLM\SOFTWARE\Wow6432Node\Microsoft\NET Framework Setup\NDP\v4\Client	
.Net Framework 4.x Full Installation x86	4.8.09037	533325 4.8.1	 - 	HKLM\SOFTWARE\Wow6432Node\Microsoft\NET Framework Setup\NDP\v4\Full#","no",,,"Information gathering","Cloud Agent, EricsPlaygroundAgents, Test for Sven, Test for Sven.1ddfe2aa-4a79-4155-87ca-da5c1830e92d, Test for Sven.275c0cc2-422a-4fbd-afb6-35a9338bab4a, TestEric, TestEric.00b1e415-6d3e-4c23-b103-9fe0e9dcd8c3"
"192.168.178.41","Global Default Network","desktop-m0k1qp3","DESKTOP-M0K1QP3","ff089bdc-52bd-4caa-93d1-0a1c4087e863",,"QAGENT","Windows 10 Home 64 bit Edition Version 22H2","host scanned, found vuln","45017","Operating System Detected",,"Ig","2",,,,,"02/29/2024 19:24:52","06/18/2024 09:58:28","472",,,,,"Windows 10 Home 64 bit Edition Version 22H2#","no",,,"Information gathering","Cloud Agent, EricsPlaygroundAgents, Test for Sven, Test for Sven.1ddfe2aa-4a79-4155-87ca-da5c1830e92d, Test for Sven.275c0cc2-422a-4fbd-afb6-35a9338bab4a, TestEric, TestEric.00b1e415-6d3e-4c23-b103-9fe0e9dcd8c3"
"192.168.178.41","Global Default Network","desktop-m0k1qp3","DESKTOP-M0K1QP3","ff089bdc-52bd-4caa-93d1-0a1c4087e863",,"QAGENT","Windows 10 Home 64 bit Edition Version 22H2","host scanned, found vuln","372899","Installed Software information enumerated from all users using HKU registry key",,"Ig","1",,,,,"02/29/2024 19:24:52","06/18/2024 09:58:28","472",,,,,"Display Name	Display Version	Install Date	Publisher	Language	Install Path	User	Sid	
MongoDB Compass	1.43.0	20240611	MongoDB Inc	English - United States	 	DESKTOP-M0K1QP3\big10	S-1-5-21-3758307488-828553556-2072139100-1001	
REDlauncher	 	20201210	GOG.com	 	 	DESKTOP-M0K1QP3\big10	S-1-5-21-3758307488-828553556-2072139100-1001	
Microsoft OneDrive	24.108.0528.0005	 	Microsoft Corporation	 	 	DESKTOP-M0K1QP3\big10	S-1-5-21-3758307488-828553556-2072139100-1001	
Zoom	5.17.11 (34827)	 	Zoom Video Communications, Inc.	 	 	DESKTOP-M0K1QP3\big10	S-1-5-21-3758307488-828553556-2072139100-1001	
Cisco Webex Meetings	40.2.8	 	Cisco Webex LLC	 	 	DESKTOP-M0K1QP3\big10	S-1-5-21-3758307488-828553556-2072139100-1001	
Anaconda3 2021.11 (Python 3.9.7 64-bit)	2021.11	 	Anaconda, Inc.	 	 	DESKTOP-M0K1QP3\big10	S-1-5-21-3758307488-828553556-2072139100-1001	
alfaview Version 9.12.0	9.12.0	20240612	alfaview Video Conferencing Systems GmbH & Co. KG	 	 	DESKTOP-M0K1QP3\big10	S-1-5-21-3758307488-828553556-2072139100-1001	
Microsoft Visual Studio Code (User)	1.89.1	20240527	Microsoft Corporation	 	 	DESKTOP-M0K1QP3\big10	S-1-5-21-3758307488-828553556-2072139100-1001	
Ollama version 0.1.34	0.1.34	20240510	Ollama	 	 	DESKTOP-M0K1QP3\big10	S-1-5-21-3758307488-828553556-2072139100-1001	
Sheets	1.0	20220620	Google\Chrome	 	 	DESKTOP-M0K1QP3\big10	S-1-5-21-3758307488-828553556-2072139100-1001#","no",,,"Local","Cloud Agent, EricsPlaygroundAgents, Test for Sven, Test for Sven.1ddfe2aa-4a79-4155-87ca-da5c1830e92d, Test for Sven.275c0cc2-422a-4fbd-afb6-35a9338bab4a, TestEric, TestEric.00b1e415-6d3e-4c23-b103-9fe0e9dcd8c3"
"192.168.178.41","Global Default Network","desktop-m0k1qp3","DESKTOP-M0K1QP3","ff089bdc-52bd-4caa-93d1-0a1c4087e863",,"QAGENT","Windows 10 Home 64 bit Edition Version 22H2","host scanned, found vuln","125018","Windows Forensics MRU Enumeration - WordPad Files",,"Ig","1",,,,,"02/29/2024 19:24:52","06/18/2024 09:58:28","472",,,,,"Key:	Software\Microsoft\Windows\CurrentVersion\Applets\Wordpad\Recent File List	Value:	File1	
User:	DESKTOP-M0K1QP3\big10	VAL:	C:\Users\big10\Downloads\_QCNTbVvT2S77nAV2uvRNA_00f0a280894f49d4b669ed548df1fbf1_Audit-Scope-and-Goals.docx#","no",,,"Forensics","Cloud Agent, EricsPlaygroundAgents, Test for Sven, Test for Sven.1ddfe2aa-4a79-4155-87ca-da5c1830e92d, Test for Sven.275c0cc2-422a-4fbd-afb6-35a9338bab4a, TestEric, TestEric.00b1e415-6d3e-4c23-b103-9fe0e9dcd8c3"
"192.168.178.41","Global Default Network","desktop-m0k1qp3","DESKTOP-M0K1QP3","ff089bdc-52bd-4caa-93d1-0a1c4087e863",,"QAGENT","Windows 10 Home 64 bit Edition Version 22H2","host scanned, found vuln","123783","Docker Version Detected",,"Ig","1",,,,,"06/11/2024 11:39:03","06/18/2024 09:58:28","37",,,,,"C:\Program Files\Docker\Docker\Docker Desktop.exe   found 
HKLM\SOFTWARE\Microsoft\Windows\CurrentVersion\Uninstall\Docker Desktop DisplayVersion = 4.30.0#","no",,,"Local","Cloud Agent, EricsPlaygroundAgents, Test for Sven, Test for Sven.1ddfe2aa-4a79-4155-87ca-da5c1830e92d, Test for Sven.275c0cc2-422a-4fbd-afb6-35a9338bab4a, TestEric, TestEric.00b1e415-6d3e-4c23-b103-9fe0e9dcd8c3"
"192.168.178.41","Global Default Network","desktop-m0k1qp3","DESKTOP-M0K1QP3","ff089bdc-52bd-4caa-93d1-0a1c4087e863",,"QAGENT","Windows 10 Home 64 bit Edition Version 22H2","host scanned, found vuln","121213","Microsoft Windows Malicious Software Removal Tool Detected",,"Ig","1",,,,,"02/29/2024 19:24:52","06/18/2024 09:58:28","472",,,"Malware Removal Tool",,"HKLM\SOFTWARE\Microsoft\RemovalTools\MRT Version = 5A4C3BEA-A479-4F54-BE38-8AE39A47DE3F#","no",,,"Local","Cloud Agent, EricsPlaygroundAgents, Test for Sven, Test for Sven.1ddfe2aa-4a79-4155-87ca-da5c1830e92d, Test for Sven.275c0cc2-422a-4fbd-afb6-35a9338bab4a, TestEric, TestEric.00b1e415-6d3e-4c23-b103-9fe0e9dcd8c3"
"192.168.178.41","Global Default Network","desktop-m0k1qp3","DESKTOP-M0K1QP3","ff089bdc-52bd-4caa-93d1-0a1c4087e863",,"QAGENT","Windows 10 Home 64 bit Edition Version 22H2","host scanned, found vuln","115049","Memory Information",,"Ig","1",,,,,"02/29/2024 19:24:52","06/18/2024 09:58:28","472",,,,,"TotalPhysicalMemory : 68665634816#","no",,,"Local","Cloud Agent, EricsPlaygroundAgents, Test for Sven, Test for Sven.1ddfe2aa-4a79-4155-87ca-da5c1830e92d, Test for Sven.275c0cc2-422a-4fbd-afb6-35a9338bab4a, TestEric, TestEric.00b1e415-6d3e-4c23-b103-9fe0e9dcd8c3"
"192.168.178.41","Global Default Network","desktop-m0k1qp3","DESKTOP-M0K1QP3","ff089bdc-52bd-4caa-93d1-0a1c4087e863",,"QAGENT","Windows 10 Home 64 bit Edition Version 22H2","host scanned, found vuln","115046","Disk Usage Information",,"Ig","1",,,,,"02/29/2024 19:24:52","06/18/2024 09:58:28","472",,,,,"CAPTION FREESPACE SIZE 
C: 435609083904 1999228035072#","no",,,"Local","Cloud Agent, EricsPlaygroundAgents, Test for Sven, Test for Sven.1ddfe2aa-4a79-4155-87ca-da5c1830e92d, Test for Sven.275c0cc2-422a-4fbd-afb6-35a9338bab4a, TestEric, TestEric.00b1e415-6d3e-4c23-b103-9fe0e9dcd8c3"
"192.168.178.41","Global Default Network","desktop-m0k1qp3","DESKTOP-M0K1QP3","ff089bdc-52bd-4caa-93d1-0a1c4087e863",,"QAGENT","Windows 10 Home 64 bit Edition Version 22H2","host scanned, found vuln","105504","Microsoft System Center Configuration Manager Client (SCCM) Not Installed",,"Ig","1",,,,,"02/29/2024 19:24:52","06/18/2024 09:58:28","472",,,,,"HKLM\SYSTEM\CurrentControlSet\Services\smstsmgr   is missing#","no",,,"Security Policy","Cloud Agent, EricsPlaygroundAgents, Test for Sven, Test for Sven.1ddfe2aa-4a79-4155-87ca-da5c1830e92d, Test for Sven.275c0cc2-422a-4fbd-afb6-35a9338bab4a, TestEric, TestEric.00b1e415-6d3e-4c23-b103-9fe0e9dcd8c3"
"192.168.178.41","Global Default Network","desktop-m0k1qp3","DESKTOP-M0K1QP3","ff089bdc-52bd-4caa-93d1-0a1c4087e863",,"QAGENT","Windows 10 Home 64 bit Edition Version 22H2","host scanned, found vuln","105310","Microsoft Defender Installed",,"Ig","1",,,,,"02/29/2024 19:24:52","06/18/2024 09:58:28","472",,,,,"WinDefend is SERVICE_RUNNING LocalSystem 
Windows Defender 4.18.24050.7 
From Local Registry Windows Defender SignaturesLastUpdated Value is:  Tuesday, June 18, 2024 03:23:54 UTC 
From Local Registry Windows Defender ASSignatureApplied Value is:  Monday, June 17, 2024 18:33:26 UTC 
From Local Registry Windows Defender AVSignatureApplied Vaule is:  Monday, June 17, 2024 18:33:25 UTC 
From Local Registry Windows Defender LastScanRun Value is:  Monday, June 17, 2024 10:55:05 UTC 
HKLM\SOFTWARE\Microsoft\Windows Defender 
ProductStatus = 0 
RpcServerUseEndpointMapper = 0 
UUPFlags = 0 
DisableAntiVirus = 0 
InstallLocation = C:\ProgramData\Microsoft\Windows Defender\Platform\4.18.24050.7-0\ 
ManagedDefenderProductType = 0 
ProductLocalizedName = @%ProgramFiles%\Windows Defender\EppManifest.dll,-1000 
ProductIcon = @%ProgramFiles%\Windows Defender\EppManifest.dll,-100 
PUAProtection = 0 
IsServiceRunning = 1 
ProductType = 2 
BackupLocation = C:\ProgramData\Microsoft\Windows Defender\Platform\4.18.24040.4-0 
HybridModeEnabled = 0 
VerifiedAndReputableTrustModeEnabled = 0 
DisableAntiSpyware = 0 
InstallTime = 544ce93323b9d501 
RemediationExe = %ProgramFiles%\Windows Defender\MSASCui.exe 
OOBEInstallTime = 119039e559b6d601 
ProductAppDataPath = C:\ProgramData\Microsoft\Windows Defender 
-------------------------------------------------------------------------------- 
HKLM\SOFTWARE\Microsoft\Windows Defender\Real-Time Protection 
DpaDisabled = 0 
-------------------------------------------------------------------------------- 
HKLM\SOFTWARE\Microsoft\Windows Defender\CoreService 
MdTrustedRootCertThumbPrints = CB3CCBB76031E5E0138F8DD39A23F9DE47FFC35E43C1144CEA27D46A5AB1CB5F|4348A0E9444C78CB265E058D5E8944B4D84F9662BD26DB257F8934A443C70161 
DisableCoreServiceECSIntegration = 0 
MdEnableDailySensorChecks = 0 
MdTrustedSubjectOrgs = Microsoft Corporation|DigiCert Inc 
MdDisableResController = 0 
DisableCoreService1DSTelemetry = 0 
WdTimerMonitorInterval = 300000 
MdLastHeartbeat = fb2b122931c1da01 
MdEcsSettingsTimeStamp = 5e51fe4e14b7da01 
MdAlertMonitorWindow = 25 
WdTimerInitalDelay = 300002 
WdConfigHash = 2081298832 
MdAlertMinInterval = 60 
-------------------------------------------------------------------------------- 
HKLM\SOFTWARE\Microsoft\Windows Defender\SIGNATURE UPDATES 
ISUInterval = 4 
DisableDefaultSigs = 0 
SignatureUpdateCount = 2597 
SignaturesLastUpdated = b9e9aaf22ec1da01 
SignatureLocation = C:\ProgramData\Microsoft\Windows Defender\Definition Updates\{CA42AE23-5886-45E2-845B-23D78B6D8021} 
ISUStartTime = ec54342f893eda01 
MoCAMPUpdateStarted = 7e325a8810b7da01 
EngineVersion = 1.1.24050.5 
ISULength = 24 
ASSignatureBaseVersion = 1.413.0.0 
AVSignatureApplied = 80c8d1d6e4c0da01 
ISUControlFlags = 1 
AVSignatureVersion = 1.413.356.0 
LastFallbackTime = c59c8ba875c0da01 
SignatureCategoryID = 8c3fcc84-7410-4a95-8b89-a166a0190486 
ASSignatureVersion = 1.413.356.0 
ISUReason = 16 
SignatureUpdateLastAttempted = 6b2e87a875c0da01 
SignatureUpdatePending = 0 
ASSignatureApplied = 005f6ad7e4c0da01 
SignatureType = 0 
AVSignatureBaseVersion = 1.413.0.0 
EnableUpdateResiliency = 0 
-------------------------------------------------------------------------------- 
HKLM\SOFTWARE\Microsoft\Windows Defender\Device Control 
PoliciesLastUpdated = f192c59faa60d901 
-------------------------------------------------------------------------------- 
HKLM\SOFTWARE\Microsoft\Windows Defender\SCAN 
DaysUntilAggressiveCatchupQuickScan = 30 
LastScanRun = 08ef09d0a4c0da01 
LastQuickScanResourceCount = 52540a0000000000 
AggressiveCatchupQuickScanReattemptElapsed = 23 
CacheFile = C:\ProgramData\Microsoft\Windows Defender\Scans\History\CacheManager\DA9D66EE-FC13-4331-9EE7-C225D1170BC1-1.bin 
LastOfflineScan = 0000000000000000 
LastQuickScanID = {82CAE437-8FA2-4729-8172-9DB2501A6D0E} 
LastScanType = 1 
DA9D66EE-FC13-4331-9EE7-C225D1170BC1 = C:\ProgramData\Microsoft\Windows Defender\Scans\History\CacheManager\DA9D66EE-FC13-4331-9EE7-C225D1170BC1-1.bin 
SFCState = 7 
LastAggressiveCheck = aa3980a875c0da01 
-------------------------------------------------------------------------------- 
HKLM\SOFTWARE\Microsoft\Windows Defender\Reporting 
LastMputReportTime = 1a492a3cedb8d501 
LastDeviceIdProcuredTime = 0b0a5c41eab8d501 
LastRebootTime = 2d7ba9ca3ac0da01 
DeviceId = 001840022F2605BB 
LastRtpAndScanConfigsCollectedInHeartbeatTime = 97486f9b33c0da01 
LastRecapTime = ec7bb5d5d7bfda01 
ScansSinceLastRecap = 1 
MputNormalPriSampleRate = 10 
MputNormalPriSendInterval = 24 
SigUpdateTimestampsSinceLastHB =  
LastHeartbeatReportTime = 40a515d0a4c0da01 
LastPaidHeartbeatReportTime = 25f6257f73aeda01 
MputHighPriSampleRate = 100 
-------------------------------------------------------------------------------- 
HKLM\SOFTWARE\Microsoft\Windows Defender\Diagnostics 
PlatformHealthData = 0300000030010000fc8890f018b7da01845541ec48c1da010400000000000000d90000000100000000000000010000000400000000000000d90000000100000000000000010000000300000000000000d90000000100000000000000010000000300000000000000d90000000100000000000000010000000200000000000000d90000000100000000000000010000000200000000000000d90000000100000000000000010000000200000000000000d90000000100000000000000010000000200000000000000d90000000000000000000000010000000200000000000000d90000000000000000000000010000000300000000000000d900000001000000000000000100000000000000000000000000000000000000000000000000000000000000000000000100000000000000 
LastKnownGoodEngineCandidate = 0500f25d01000100 
LatestPlatformVersionOnDevice = 0700f25d12000400 
CleanupComponentProgress = CleanupCompleted 
CloudBadListVersion = 0500000000000000 
LastKnownGoodPlatformLocation = C:\ProgramData\Microsoft\Windows Defender\Platform\4.18.24040.4-0 
LatestEngineVersionOnDevice = 0500f25d01000100 
InitializingComponentProgress = ServiceStartedSuccessfully 
LastSignatureUpdateResult = 0 
-------------------------------------------------------------------------------- 
HKLM\SOFTWARE\Microsoft\Windows Defender\Spynet 
SSLOptions = 3 
SpyNetReporting = 2 
MAPSconcurrencyDss = 10 
LastMAPSFailureTime = 96a390d0a4c0da01 
LastMAPSFailureTimeString = 2024-06-17T10:55:06Z 
SubmitSamplesConsent = 1 
LastMAPSSuccessTime = c8455336f3beda01 
SpyNetReportingLocation = SOAP:https://wdcp.microsoft.com/WdCpSrvc.asmx,SOAP:https://wdcpalt.microsoft.com/WdCpSrvc.asmx,REST:https://wdcp.microsoft.com/wdcp.svc/submitReport,REST:https://wdcpalt.microsoft.com/wdcp.svc/submitReport,BOND:https://wdcp.microsoft.com/wdcp.svc/bond/submitreport,BOND:https://wdcpalt.microsoft.com/wdcp.svc/bond/submitreport 
MAPSconcurrency = 1 
-------------------------------------------------------------------------------- 
HKLM\SOFTWARE\Microsoft\Windows Defender\Features 
MpCapability = ff01000000000000 
TamperProtectionSource = 5 
DlpFileEvidenceEnabled = 0 
MpPlatformKillbitsExFromEngine = 2000000000000000000000000000000000000000000000000000000000000000000000000000000000000000000000000000000000000000000000000000000000000000000000000000000000000000000000000000000000000000000000000000000000000000000000000000000000000000000000000000000000000000 
MpPlatformKillbitsFromEngine = 0000000400000000 
DlpDisablePrintDetours = 0 
DlpEnableBrowserPasteEnforcement = 0 
TamperProtection = 1 
DlpAppEnlightenmentSettings = 0 
ChangedDefaults = 0100000000000000 
TPExclusions = 0 
EnableCACS = 0 
-------------------------------------------------------------------------------- 
HKLM\SOFTWARE\Microsoft\Windows Defender\Miscellaneous Configuration 
DeltaUpdateFailure = 0 
BddUpdateFailure = 0 
-------------------------------------------------------------------------------- 
HKLM\SOFTWARE\Microsoft\Windows Defender\Quarantine 
PurgeItemsAfterDelay = 90 
-------------------------------------------------------------------------------- 
Malware Protection Engine Version:  
C:\ProgramData\Microsoft\Windows Defender\Definition Updates\{CA42AE23-5886-45E2-845B-23D78B6D8021}\mpengine.dll  Version is  1.1.24050.5#","no",,,"Security Policy","Cloud Agent, EricsPlaygroundAgents, Test for Sven, Test for Sven.1ddfe2aa-4a79-4155-87ca-da5c1830e92d, Test for Sven.275c0cc2-422a-4fbd-afb6-35a9338bab4a, TestEric, TestEric.00b1e415-6d3e-4c23-b103-9fe0e9dcd8c3"
"192.168.178.41","Global Default Network","desktop-m0k1qp3","DESKTOP-M0K1QP3","ff089bdc-52bd-4caa-93d1-0a1c4087e863",,"QAGENT","Windows 10 Home 64 bit Edition Version 22H2","host scanned, found vuln","105291","Internet Explorer Search Companion Setting",,"Ig","1",,,,,"02/29/2024 19:24:52","06/18/2024 09:58:28","472",,,,,"KEY: 	Software\Microsoft\Internet Explorer\Main	Use Search Asst	
DESKTOP-M0K1QP3\big10	Last Change:	value_missing_Q#","no",,,"Security Policy","Cloud Agent, EricsPlaygroundAgents, Test for Sven, Test for Sven.1ddfe2aa-4a79-4155-87ca-da5c1830e92d, Test for Sven.275c0cc2-422a-4fbd-afb6-35a9338bab4a, TestEric, TestEric.00b1e415-6d3e-4c23-b103-9fe0e9dcd8c3"
"192.168.178.41","Global Default Network","desktop-m0k1qp3","DESKTOP-M0K1QP3","ff089bdc-52bd-4caa-93d1-0a1c4087e863",,"QAGENT","Windows 10 Home 64 bit Edition Version 22H2","host scanned, found vuln","105256","IPSEC Policy Agent Service Status Detected",,"Ig","1",,,,,"02/29/2024 19:24:52","06/18/2024 09:58:28","472",,,,,"PolicyAgent = SERVICE_STOPPED#","no",,,"Security Policy","Cloud Agent, EricsPlaygroundAgents, Test for Sven, Test for Sven.1ddfe2aa-4a79-4155-87ca-da5c1830e92d, Test for Sven.275c0cc2-422a-4fbd-afb6-35a9338bab4a, TestEric, TestEric.00b1e415-6d3e-4c23-b103-9fe0e9dcd8c3"
"192.168.178.41","Global Default Network","desktop-m0k1qp3","DESKTOP-M0K1QP3","ff089bdc-52bd-4caa-93d1-0a1c4087e863",,"QAGENT","Windows 10 Home 64 bit Edition Version 22H2","host scanned, found vuln","105179","Message For Users Attempting To Logon To Windows System",,"Ig","1",,,,,"02/29/2024 19:24:52","06/18/2024 09:58:28","472",,,,,"HKLM\Software\Microsoft\Windows NT\CurrentVersion\WinLogon 
LegalNoticeText =  
LegalNoticeCaption =  
HKLM\Software\Microsoft\Windows\CurrentVersion\Policies\System 
legalnoticetext =  
legalnoticecaption =#","no",,,"Security Policy","Cloud Agent, EricsPlaygroundAgents, Test for Sven, Test for Sven.1ddfe2aa-4a79-4155-87ca-da5c1830e92d, Test for Sven.275c0cc2-422a-4fbd-afb6-35a9338bab4a, TestEric, TestEric.00b1e415-6d3e-4c23-b103-9fe0e9dcd8c3"
"192.168.178.41","Global Default Network","desktop-m0k1qp3","DESKTOP-M0K1QP3","ff089bdc-52bd-4caa-93d1-0a1c4087e863",,"QAGENT","Windows 10 Home 64 bit Edition Version 22H2","host scanned, found vuln","105167","Microsoft Windows Security EventLog Policy Parameters",,"Ig","1",,,,,"02/29/2024 19:24:52","06/18/2024 09:58:28","472",,,,,"HKLM\SYSTEM\CurrentControlSet\Services\EventLog\Security	
RestrictGuestAccess	=	1	
MaxSize	=	20971520	
Retention	=	0#","no",,,"Security Policy","Cloud Agent, EricsPlaygroundAgents, Test for Sven, Test for Sven.1ddfe2aa-4a79-4155-87ca-da5c1830e92d, Test for Sven.275c0cc2-422a-4fbd-afb6-35a9338bab4a, TestEric, TestEric.00b1e415-6d3e-4c23-b103-9fe0e9dcd8c3"
"192.168.178.41","Global Default Network","desktop-m0k1qp3","DESKTOP-M0K1QP3","ff089bdc-52bd-4caa-93d1-0a1c4087e863",,"QAGENT","Windows 10 Home 64 bit Edition Version 22H2","host scanned, found vuln","105166","Microsoft Windows Application EventLog Policy Parameters",,"Ig","1",,,,,"02/29/2024 19:24:52","06/18/2024 09:58:28","472",,,,,"HKLM\SYSTEM\CurrentControlSet\Services\EventLog\Application	
RestrictGuestAccess	=	1	
MaxSize	=	20971520	
Retention	=	0#","no",,,"Security Policy","Cloud Agent, EricsPlaygroundAgents, Test for Sven, Test for Sven.1ddfe2aa-4a79-4155-87ca-da5c1830e92d, Test for Sven.275c0cc2-422a-4fbd-afb6-35a9338bab4a, TestEric, TestEric.00b1e415-6d3e-4c23-b103-9fe0e9dcd8c3"
"192.168.178.41","Global Default Network","desktop-m0k1qp3","DESKTOP-M0K1QP3","ff089bdc-52bd-4caa-93d1-0a1c4087e863",,"QAGENT","Windows 10 Home 64 bit Edition Version 22H2","host scanned, found vuln","105165","Microsoft Windows System EventLog Policy Parameters",,"Ig","1",,,,,"02/29/2024 19:24:52","06/18/2024 09:58:28","472",,,,,"HKLM\SYSTEM\CurrentControlSet\Services\EventLog\System	
RestrictGuestAccess	=	1	
MaxSize	=	20971520	
Retention	=	0#","no",,,"Security Policy","Cloud Agent, EricsPlaygroundAgents, Test for Sven, Test for Sven.1ddfe2aa-4a79-4155-87ca-da5c1830e92d, Test for Sven.275c0cc2-422a-4fbd-afb6-35a9338bab4a, TestEric, TestEric.00b1e415-6d3e-4c23-b103-9fe0e9dcd8c3"
"192.168.178.41","Global Default Network","desktop-m0k1qp3","DESKTOP-M0K1QP3","ff089bdc-52bd-4caa-93d1-0a1c4087e863",,"QAGENT","Windows 10 Home 64 bit Edition Version 22H2","host scanned, found vuln","105154","File Access Permissions for Regedit.exe",,"Ig","1",,,,,"02/29/2024 19:24:52","06/18/2024 09:58:28","472",,,,,"%windir%\regedit.exe APPLICATION PACKAGE AUTHORITY\ALL RESTRICTED APPLICATION PACKAGES 2 access-allowed  execute standard_read read_extended_attributes read_data synchronize read_attributes 
%windir%\regedit.exe APPLICATION PACKAGE AUTHORITY\ALL APPLICATION PACKAGES 1 access-allowed  execute standard_read read_extended_attributes read_data synchronize read_attributes 
%windir%\regedit.exe SYSTEM 18 access-allowed  execute standard_read read_extended_attributes read_data synchronize read_attributes 
%windir%\regedit.exe NT SERVICE\TrustedInstaller 2271478464 access-allowed  append_data execute standard_write_dac standard_read standard_delete standard_write_owner read_extended_attributes read_data synchronize write_data write_extended_attributes write_attributes read_attributes delete_child 
%windir%\regedit.exe Users 545 access-allowed  execute standard_read read_extended_attributes read_data synchronize read_attributes 
%windir%\regedit.exe Administrators 544 access-allowed  execute standard_read read_extended_attributes read_data synchronize read_attributes#","no",,,"Security Policy","Cloud Agent, EricsPlaygroundAgents, Test for Sven, Test for Sven.1ddfe2aa-4a79-4155-87ca-da5c1830e92d, Test for Sven.275c0cc2-422a-4fbd-afb6-35a9338bab4a, TestEric, TestEric.00b1e415-6d3e-4c23-b103-9fe0e9dcd8c3"
"192.168.178.41","Global Default Network","desktop-m0k1qp3","DESKTOP-M0K1QP3","ff089bdc-52bd-4caa-93d1-0a1c4087e863",,"QAGENT","Windows 10 Home 64 bit Edition Version 22H2","host scanned, found vuln","105141","File Access Permissions for Regedt32.exe",,"Ig","1",,,,,"02/29/2024 19:24:52","06/18/2024 09:58:28","472",,,,,"%windir%\system32\regedt32.exe APPLICATION PACKAGE AUTHORITY\ALL RESTRICTED APPLICATION PACKAGES 2 access-allowed  execute standard_read read_extended_attributes read_data synchronize read_attributes 
%windir%\system32\regedt32.exe APPLICATION PACKAGE AUTHORITY\ALL APPLICATION PACKAGES 1 access-allowed  execute standard_read read_extended_attributes read_data synchronize read_attributes 
%windir%\system32\regedt32.exe SYSTEM 18 access-allowed  execute standard_read read_extended_attributes read_data synchronize read_attributes 
%windir%\system32\regedt32.exe NT SERVICE\TrustedInstaller 2271478464 access-allowed  append_data execute standard_write_dac standard_read standard_delete standard_write_owner read_extended_attributes read_data synchronize write_data write_extended_attributes write_attributes read_attributes delete_child 
%windir%\system32\regedt32.exe Users 545 access-allowed  execute standard_read read_extended_attributes read_data synchronize read_attributes 
%windir%\system32\regedt32.exe Administrators 544 access-allowed  execute standard_read read_extended_attributes read_data synchronize read_attributes#","no",,,"Security Policy","Cloud Agent, EricsPlaygroundAgents, Test for Sven, Test for Sven.1ddfe2aa-4a79-4155-87ca-da5c1830e92d, Test for Sven.275c0cc2-422a-4fbd-afb6-35a9338bab4a, TestEric, TestEric.00b1e415-6d3e-4c23-b103-9fe0e9dcd8c3"
"192.168.178.41","Global Default Network","desktop-m0k1qp3","DESKTOP-M0K1QP3","ff089bdc-52bd-4caa-93d1-0a1c4087e863",,"QAGENT","Windows 10 Home 64 bit Edition Version 22H2","host scanned, found vuln","105063","Microsoft Windows Audit Settings Enumerated From LSA",,"Ig","1",,,,,"02/29/2024 19:24:52","06/18/2024 09:58:28","472",,,,,"Audit system events	No Auditing	
Audit logon events	No Auditing	
Audit object access	No Auditing	
Audit privilege use	No Auditing	
Audit process tracking	No Auditing	
Audit policy change	No Auditing	
Audit account management	No Auditing	
Audit directory service access	No Auditing	
Audit account logon events	No Auditing#","no",,,"Security Policy","Cloud Agent, EricsPlaygroundAgents, Test for Sven, Test for Sven.1ddfe2aa-4a79-4155-87ca-da5c1830e92d, Test for Sven.275c0cc2-422a-4fbd-afb6-35a9338bab4a, TestEric, TestEric.00b1e415-6d3e-4c23-b103-9fe0e9dcd8c3"
"192.168.178.41","Global Default Network","desktop-m0k1qp3","DESKTOP-M0K1QP3","ff089bdc-52bd-4caa-93d1-0a1c4087e863",,"QAGENT","Windows 10 Home 64 bit Edition Version 22H2","host scanned, found vuln","105059","Microsoft Windows System Hardware Enumeration, Networking Components",,"Ig","1",,,,,"02/29/2024 19:24:52","06/18/2024 09:58:28","472",,,,,"HKLM\SYSTEM\CurrentControlSet\Enum\PCI\VEN_8086&DEV_2723&SUBSYS_00848086&REV_1A\6&11daac6e&0&0030000A\Control	{4d36e972-e325-11ce-bfc1-08002be10318}\0003	
Dev:	@oem5.inf,%nic_200_2x2_ax%;Intel(R) Wi-Fi 6 AX200 160MHz	
Manufacturer:	@oem5.inf,%company_name%;Intel Corporation	
Service:	Netwtw10	
Driver Instance:	{4d36e972-e325-11ce-bfc1-08002be10318}\0003	
Driver Description:	Intel(R) Wi-Fi 6 AX200 160MHz	
Driver_Date:	3-3-2021	
Driver_Version:	22.40.0.7	
HKLM\SYSTEM\CurrentControlSet\Enum\PCI\VEN_8086&DEV_1539&SUBSYS_7C351462&REV_03\6&382fce42&0&0020000A\Control	{4d36e972-e325-11ce-bfc1-08002be10318}\0002	
Dev:	@oem11.inf,%e1539nc.devicedesc%;Intel(R) I211 Gigabit Network Connection	
Manufacturer:	@oem11.inf,%intel%;Intel	
Service:	e1rexpress	
Driver Instance:	{4d36e972-e325-11ce-bfc1-08002be10318}\0002	
Driver Description:	Intel(R) I211 Gigabit Network Connection	
Driver_Date:	5-10-2019	
Driver_Version:	12.18.8.22#","no",,,"Security Policy","Cloud Agent, EricsPlaygroundAgents, Test for Sven, Test for Sven.1ddfe2aa-4a79-4155-87ca-da5c1830e92d, Test for Sven.275c0cc2-422a-4fbd-afb6-35a9338bab4a, TestEric, TestEric.00b1e415-6d3e-4c23-b103-9fe0e9dcd8c3"
"192.168.178.41","Global Default Network","desktop-m0k1qp3","DESKTOP-M0K1QP3","ff089bdc-52bd-4caa-93d1-0a1c4087e863",,"QAGENT","Windows 10 Home 64 bit Edition Version 22H2","host scanned, found vuln","105056","Microsoft Windows System Hardware Enumeration, Display Devices",,"Ig","1",,,,,"02/29/2024 19:24:52","06/18/2024 09:58:28","472",,,,,"HKLM\SYSTEM\CurrentControlSet\Enum\pci\VEN_10DE&DEV_1E84&SUBSYS_C7291462&REV_A1\4&19aa7bb9&0&0019\Control	{4d36e968-e325-11ce-bfc1-08002be10318}\0000	
Dev:	@oem17.inf,%nvidia_dev.1e84.c729.1462%;NVIDIA GeForce RTX 2070 SUPER	
Manufacturer:	@oem17.inf,%nvidia_a%;NVIDIA	
Service:	nvlddmkm	
Driver Instance:	{4d36e968-e325-11ce-bfc1-08002be10318}\0000	
Driver Description:	NVIDIA GeForce RTX 2070 SUPER	
Driver_Date:	6-23-2023	
Driver_Version:	31.0.15.3640#","no",,,"Security Policy","Cloud Agent, EricsPlaygroundAgents, Test for Sven, Test for Sven.1ddfe2aa-4a79-4155-87ca-da5c1830e92d, Test for Sven.275c0cc2-422a-4fbd-afb6-35a9338bab4a, TestEric, TestEric.00b1e415-6d3e-4c23-b103-9fe0e9dcd8c3"
"192.168.178.41","Global Default Network","desktop-m0k1qp3","DESKTOP-M0K1QP3","ff089bdc-52bd-4caa-93d1-0a1c4087e863",,"QAGENT","Windows 10 Home 64 bit Edition Version 22H2","host scanned, found vuln","105054","Microsoft Windows System Hardware Enumeration, CPU",,"Ig","1",,,,,"02/29/2024 19:24:52","06/18/2024 09:58:28","472",,,,,"HKLM\HARDWARE\DESCRIPTION\System\CentralProcessor\0	
Identifier	=	AMD64 Family 23 Model 113 Stepping 0	
ProcessorNameString	=	AMD Ryzen 7 3700X 8-Core Processor 	
~MHz	=	3600	
VendorIdentifier	=	AuthenticAMD#","no",,,"Security Policy","Cloud Agent, EricsPlaygroundAgents, Test for Sven, Test for Sven.1ddfe2aa-4a79-4155-87ca-da5c1830e92d, Test for Sven.275c0cc2-422a-4fbd-afb6-35a9338bab4a, TestEric, TestEric.00b1e415-6d3e-4c23-b103-9fe0e9dcd8c3"
"192.168.178.41","Global Default Network","desktop-m0k1qp3","DESKTOP-M0K1QP3","ff089bdc-52bd-4caa-93d1-0a1c4087e863",,"QAGENT","Windows 10 Home 64 bit Edition Version 22H2","host scanned, found vuln","105025","Windows Registry Access Level",,"Ig","1",,,,,"02/29/2024 19:24:52","06/18/2024 09:58:28","472",,,,,"HKLM\SYSTEM\CurrentControlSet\Control\SecurePipeServers\winreg\AllowedPaths 
Machine = System\CurrentControlSet\Control\Print\Printers,System\CurrentControlSet\Services\Eventlog,Software\Microsoft\OLAP Server,Software\Microsoft\Windows NT\CurrentVersion\Print,Software\Microsoft\Windows NT\CurrentVersion\Windows,System\CurrentControlSet\Control\ContentIndex,System\CurrentControlSet\Control\Terminal Server,System\CurrentControlSet\Control\Terminal Server\UserConfig,System\CurrentControlSet\Control\Terminal Server\DefaultUserConfiguration,Software\Microsoft\Windows NT\CurrentVersion\Perflib,System\CurrentControlSet\Services\SysmonLog 
HKCR\Installer\Products 21EE4A31AE32173319EEFE3BD6FDFFE3 
HKCR\Installer\Products BAC95C2C6678DBA48AFE11153AC6145E 
HKCR\Installer\Products C025571B2A687A53689168CD7369889B 
HKCR\Installer\Products 9141F0180677E20478274B50F4AAB227 
HKCR\Installer\Products 2C6A1CF1E675A984B9A4292DF1451263 
HKCR\Installer\Products 7C9F8B73BF303523781852719CD9C700 
HKCR\Installer\Products 71C905B3DF726CB45A6146D16BD5CE41 
HKCR\Installer\Products 8441DD3CA3158BD479D8961965E26AD3 
HKCR\Installer\Products 1926E8D15D0BCE53481466615F760A7F 
HKCR\Installer\Products 3FC6593B5C6F7654CA83F14D34B213C9 
HKCR\Installer\Products 112B965349DE4B1489FA1A7832B5D4BB 
HKCR\Installer\Products 6E815EB96CCE9A53884E7857C57002F0 
HKCR\Installer\Products 6F9E66FF7E38E3A3FA41D89E8A906A4A 
HKCR\Installer\Products 39D86C23F23D10B428051646B2CF228F 
HKCR\Installer\Products 1D5E3C0FEDA1E123187686FED06E995A 
HKCR\Installer\Products FE64F778F41650B40AD91EE5B5247401 
HKCR\Installer\Products A098B29B2F400884AB02024D63F42B36 
HKCR\Installer\Products 62DBF9290209B993A9A757D1160F9B24 
HKCR\Installer\Products 67D6ECF5CD5FBA732B8B22BAC8DE1B4D 
HKCR\Installer\Products 1af2a8da7e60d0b429d7e6453b3d0182 
HKCR\Installer\Products C3AEB2FCAE628F23AAB933F1E743AB79 
HKCR\Installer\Products 4FD99C011EDCDB340949698D361A807C 
HKCR\Installer\Products F2E91D5D9817EF24183029DCF14A752C 
HKCR\Installer\Products B94E36E5C88C5C6458C57A0BC711DC8C 
HKCR\Installer\Products 22BEFC8F7E2A1793E9ADB411DEFE1C58 
HKCR\Installer\Products c1c4f01781cc94c4c8fb1542c0981a2a 
HKCR\Installer\Products DC8A59DBF9D1DA5389A1E3975220E6BB 
HKCR\Installer\Products 27DD5200959A5B540A3AE7EF1BA50805 
HKCR\Installer\Products 79796C58633738E4D879237A8C64A5B3 
HKCR\Installer\Products 5114D93A72A35424EA2923418B2B9123 
HKCR\Installer\Products 499C5C9F9B6F57D43B7EDA108B04379E 
HKCR\Installer\Products B8EEC209B973CDB4384945E086FBD1E7 
HKCR\Installer\Products 85E1927F09513164BA36E32EF208E8E0 
HKCR\Installer\Products E4E77F3771A55E645ACFA860017427F5 
HKCR\Installer\Products 6E8D947A316B3EB3F8F540C548BE2AB9 
HKCR\Installer\Patches 4D54076CED4F5BA32BBD3E5FAD1CD4C9 
HKCR\Installer\Patches 2D0058F6F08A743309184BE1178C95B2#","no",,,"Security Policy","Cloud Agent, EricsPlaygroundAgents, Test for Sven, Test for Sven.1ddfe2aa-4a79-4155-87ca-da5c1830e92d, Test for Sven.275c0cc2-422a-4fbd-afb6-35a9338bab4a, TestEric, TestEric.00b1e415-6d3e-4c23-b103-9fe0e9dcd8c3"
"192.168.178.41","Global Default Network","desktop-m0k1qp3","DESKTOP-M0K1QP3","ff089bdc-52bd-4caa-93d1-0a1c4087e863",,"QAGENT","Windows 10 Home 64 bit Edition Version 22H2","host scanned, found vuln","100274","Microsoft Internet Explorer 11 Detected",,"Ig","1",,,,,"02/29/2024 19:24:52","06/18/2024 09:58:28","472",,,,,"HKLM\Software\Microsoft\Internet Explorer Version = 9.11.19041.0#","no",,,"Internet Explorer","Cloud Agent, EricsPlaygroundAgents, Test for Sven, Test for Sven.1ddfe2aa-4a79-4155-87ca-da5c1830e92d, Test for Sven.275c0cc2-422a-4fbd-afb6-35a9338bab4a, TestEric, TestEric.00b1e415-6d3e-4c23-b103-9fe0e9dcd8c3"
"192.168.178.41","Global Default Network","desktop-m0k1qp3","DESKTOP-M0K1QP3","ff089bdc-52bd-4caa-93d1-0a1c4087e863",,"QAGENT","Windows 10 Home 64 bit Edition Version 22H2","host scanned, found vuln","100141","Java Enabled in the Internet Zone",,"Ig","1",,,,,"02/29/2024 19:24:52","06/18/2024 09:58:28","472",,,,,"Java enabled in Internet Zone in HKLM hive 
HKLM\SOFTWARE\Microsoft\Windows\CurrentVersion\Internet Settings\Zones\3 1C00 = 65536#","no",,,"Internet Explorer","Cloud Agent, EricsPlaygroundAgents, Test for Sven, Test for Sven.1ddfe2aa-4a79-4155-87ca-da5c1830e92d, Test for Sven.275c0cc2-422a-4fbd-afb6-35a9338bab4a, TestEric, TestEric.00b1e415-6d3e-4c23-b103-9fe0e9dcd8c3"
"192.168.178.41","Global Default Network","desktop-m0k1qp3","DESKTOP-M0K1QP3","ff089bdc-52bd-4caa-93d1-0a1c4087e863",,"QAGENT","Windows 10 Home 64 bit Edition Version 22H2","host scanned, found vuln","91328","List of Microsoft Patches Installed on System",,"Ig","1",,,,,"05/23/2024 23:59:59","06/18/2024 09:58:28","128",,,,,"HotfixID 
'4577266' 
'4577586' 
'4580325' 
'4586864' 
'4593175' 
'4598481' 
'5000736' 
'5005699' 
'5006753' 
'5007273' 
'5011048' 
'5011054' 
'5011352' 
'5011651' 
'5012170' 
'5014032' 
'5014035' 
'5014671' 
'5015684' 
'5015895' 
'5016705' 
'5018506' 
'5020372' 
'5028853' 
'5037587'#","no",,,"Windows","Cloud Agent, EricsPlaygroundAgents, Test for Sven, Test for Sven.1ddfe2aa-4a79-4155-87ca-da5c1830e92d, Test for Sven.275c0cc2-422a-4fbd-afb6-35a9338bab4a, TestEric, TestEric.00b1e415-6d3e-4c23-b103-9fe0e9dcd8c3"
"192.168.178.41","Global Default Network","desktop-m0k1qp3","DESKTOP-M0K1QP3","ff089bdc-52bd-4caa-93d1-0a1c4087e863",,"QAGENT","Windows 10 Home 64 bit Edition Version 22H2","host scanned, found vuln","91074","Operating System's Install Date and Time",,"Ig","1",,,,,"02/29/2024 19:24:52","06/18/2024 09:58:28","472",,,,,"Microsoft Windows install date retrieved from the registry:  Monday, November 09, 2020 05:32:16 UTC#","no",,,"Windows","Cloud Agent, EricsPlaygroundAgents, Test for Sven, Test for Sven.1ddfe2aa-4a79-4155-87ca-da5c1830e92d, Test for Sven.275c0cc2-422a-4fbd-afb6-35a9338bab4a, TestEric, TestEric.00b1e415-6d3e-4c23-b103-9fe0e9dcd8c3"
"192.168.178.41","Global Default Network","desktop-m0k1qp3","DESKTOP-M0K1QP3","ff089bdc-52bd-4caa-93d1-0a1c4087e863",,"QAGENT","Windows 10 Home 64 bit Edition Version 22H2","host scanned, found vuln","90925","Microsoft Windows User Last Logon Time",,"Ig","1",,,,,"02/29/2024 19:24:52","06/18/2024 09:58:28","472",,,,,"'C:\WINDOWS\ServiceProfiles\MariaDB'	 	2024/06/18 07:25:42	
'C:\WINDOWS\system32\config\systemprofile'	 	2024/06/18 07:25:42	
'C:\WINDOWS\ServiceProfiles\LocalService'	 	2024/06/18 07:25:42	
'C:\WINDOWS\ServiceProfiles\NetworkService'	 	2024/06/18 07:25:42	
'C:\Users\big10'	 	2024/06/18 07:25:42#","no",,,"Windows","Cloud Agent, EricsPlaygroundAgents, Test for Sven, Test for Sven.1ddfe2aa-4a79-4155-87ca-da5c1830e92d, Test for Sven.275c0cc2-422a-4fbd-afb6-35a9338bab4a, TestEric, TestEric.00b1e415-6d3e-4c23-b103-9fe0e9dcd8c3"
"192.168.178.41","Global Default Network","desktop-m0k1qp3","DESKTOP-M0K1QP3","ff089bdc-52bd-4caa-93d1-0a1c4087e863",,"QAGENT","Windows 10 Home 64 bit Edition Version 22H2","host scanned, found vuln","90924","Microsoft Windows Last Reboot Date and Time",,"Ig","1",,,,,"02/29/2024 19:24:52","06/18/2024 09:58:28","472",,,,,"Last Reboot Date and Time(yyyy/mm/dd hh:mm:ss):  2024/06/17 05:07:09#","no",,,"Windows","Cloud Agent, EricsPlaygroundAgents, Test for Sven, Test for Sven.1ddfe2aa-4a79-4155-87ca-da5c1830e92d, Test for Sven.275c0cc2-422a-4fbd-afb6-35a9338bab4a, TestEric, TestEric.00b1e415-6d3e-4c23-b103-9fe0e9dcd8c3"
"192.168.178.41","Global Default Network","desktop-m0k1qp3","DESKTOP-M0K1QP3","ff089bdc-52bd-4caa-93d1-0a1c4087e863",,"QAGENT","Windows 10 Home 64 bit Edition Version 22H2","host scanned, found vuln","90331","Access to File Share is Enabled",,"Ig","1",,,,,"02/29/2024 19:24:52","06/18/2024 09:58:28","472",,,,,"%SystemRoot%\system32\ntoskrnl.exe   found#","no",,,"Windows","Cloud Agent, EricsPlaygroundAgents, Test for Sven, Test for Sven.1ddfe2aa-4a79-4155-87ca-da5c1830e92d, Test for Sven.275c0cc2-422a-4fbd-afb6-35a9338bab4a, TestEric, TestEric.00b1e415-6d3e-4c23-b103-9fe0e9dcd8c3"
"192.168.178.41","Global Default Network","desktop-m0k1qp3","DESKTOP-M0K1QP3","ff089bdc-52bd-4caa-93d1-0a1c4087e863",,"QAGENT","Windows 10 Home 64 bit Edition Version 22H2","host scanned, found vuln","90295","Windows Internet Explorer Version",,"Ig","1",,,,,"02/29/2024 19:24:52","06/18/2024 09:58:28","472",,,,,"Windows Internet Explorer 11.0.19041.4355#","no",,,"Windows","Cloud Agent, EricsPlaygroundAgents, Test for Sven, Test for Sven.1ddfe2aa-4a79-4155-87ca-da5c1830e92d, Test for Sven.275c0cc2-422a-4fbd-afb6-35a9338bab4a, TestEric, TestEric.00b1e415-6d3e-4c23-b103-9fe0e9dcd8c3"
"192.168.178.41","Global Default Network","desktop-m0k1qp3","DESKTOP-M0K1QP3","ff089bdc-52bd-4caa-93d1-0a1c4087e863",,"QAGENT","Windows 10 Home 64 bit Edition Version 22H2","host scanned, found vuln","90107","Windows Product Type",,"Ig","1",,,,,"02/29/2024 19:24:52","06/18/2024 09:58:28","472",,,,,"HKLM\Software\Microsoft\Windows NT\CurrentVersion	
InstallationType	=	Client	
UBR	=	4529	
CurrentVersion	=	6.3	
EditionID	=	Core	
ProductName	=	Windows 10 Home	
BuildBranch	=	vb_release	
DisplayVersion	=	22H2	
CurrentBuildNumber	=	19045	
CurrentBuild	=	19045	
ReleaseId	=	2009	
BuildLabEx	=	19041.1.amd64fre.vb_release.191206-1406	
HKLM\SYSTEM\currentControlSet\Control\ProductOptions	
ProductSuite	=	{1=Terminal Server, 2=Personal}	
ProductType	=	WinNT#","no",,,"Windows","Cloud Agent, EricsPlaygroundAgents, Test for Sven, Test for Sven.1ddfe2aa-4a79-4155-87ca-da5c1830e92d, Test for Sven.275c0cc2-422a-4fbd-afb6-35a9338bab4a, TestEric, TestEric.00b1e415-6d3e-4c23-b103-9fe0e9dcd8c3"
"192.168.178.41","Global Default Network","desktop-m0k1qp3","DESKTOP-M0K1QP3","ff089bdc-52bd-4caa-93d1-0a1c4087e863",,"QAGENT","Windows 10 Home 64 bit Edition Version 22H2","host scanned, found vuln","90074","Programs Launched At Startup Through The Registry",,"Ig","1",,,,,"02/29/2024 19:24:52","06/18/2024 09:58:28","472",,,,,"HKLM\SOFTWARE\Microsoft\Windows\CurrentVersion\Run 
SecurityHealth = %windir%\system32\SecurityHealthSystray.exe 
HKLM\SOFTWARE\Wow6432Node\Microsoft\Windows\CurrentVersion\Run 
Live! Central 3 = ""C:\Program Files (x86)\Creative\Creative Live! Cam\Live! Central 3\CTLVCentral3.exe"" /mode2#","no",,,"Windows","Cloud Agent, EricsPlaygroundAgents, Test for Sven, Test for Sven.1ddfe2aa-4a79-4155-87ca-da5c1830e92d, Test for Sven.275c0cc2-422a-4fbd-afb6-35a9338bab4a, TestEric, TestEric.00b1e415-6d3e-4c23-b103-9fe0e9dcd8c3"
"192.168.178.41","Global Default Network","desktop-m0k1qp3","DESKTOP-M0K1QP3","ff089bdc-52bd-4caa-93d1-0a1c4087e863",,"QAGENT","Windows 10 Home 64 bit Edition Version 22H2","host scanned, found vuln","90065","Windows Services List",,"Ig","1",,,,,"02/29/2024 19:24:52","06/18/2024 09:58:28","472",,,,,"Name Status Description 
fhsvc   Dateiversionsverlauf-Dienst 
AppIDSvc   Anwendungsidentität 
CoreMessagingRegistrar started CoreMessaging 
WebClient   WebClient 
camsvc started Manager-Dienst für den Funktionszugriff 
W32Time   Windows-Zeitgeber 
NaturalAuthentication   Natürliche Authentifizierung 
Fax   Fax 
fdPHost   Funktionssuchanbieter-Host 
RpcSs started Remoteprozeduraufruf (RPC) 
TermService   Remotedesktopdienste 
WwanSvc   WWAN - automatische Konfiguration 
KeyIso started CNG-Schlüsselisolation 
SCardSvr   Smartcard 
ShellHWDetection started Shellhardwareerkennung 
wlidsvc started Anmelde-Assistent für Microsoft-Konten 
SensorDataService   Sensordatendienst 
nvagent started Netzwerkvirtualisierungsdienst 
TapiSrv started Telefonie 
PlugPlay started Plug &amp; Play 
GameInputSvc   GameInput Service 
BluetoothUserService_5dfac started BluetoothUserService_5dfac 
InstallService started Microsoft Store-Installationsdienst 
FrameServer   Windows-Kamera-FrameServer 
gupdatem   Google Update-Dienst (gupdatem) 
XblAuthManager   Xbox Live Authentifizierungs-Manager 
mracsvc   MRAC Service 
Steam Client Service started Steam Client Service 
gupdate   Google Update-Dienst (gupdate) 
AxInstSV   ActiveX-Installer (AxInstSV) 
DevicePickerUserSvc_5dfac   DevicePickerUserSvc_5dfac 
WdiSystemHost   Diagnosesystemhost 
TrustedInstaller started Windows Modules Installer 
vmicguestinterface   Hyper-V-Gastdienstschnittstelle 
DevQueryBroker started Broker für DevQuery-Hintergrundermittlung 
AJRouter   AllJoyn-Routerdienst 
RemoteAccess   Routing und RAS 
WpnUserService_5dfac started WpnUserService_5dfac 
EFS   Verschlüsselndes Dateisystem (EFS) 
WSLService started WSL Service 
SecurityHealthService started Windows-Sicherheitsdienst 
LxssManagerUser_5dfac   LxssManagerUser_5dfac 
Dhcp started DHCP-Client 
AudioEndpointBuilder started Windows-Audio-Endpunkterstellung 
GoogleUpdaterService128.0.6537.0   GoogleUpdater Service 128.0.6537.0 (GoogleUpdaterService128.0.6537.0) 
lltdsvc   Verbindungsschicht-Topologieerkennungs-Zuordnungsprogramm 
BTAGService started Bluetooth-Audiogateway-Dienst 
SstpSvc started SSTP-Dienst 
Spooler started Druckwarteschlange 
sppsvc   Software Protection 
TrkWks started Überwachung verteilter Verknüpfungen (Client) 
dcsvc   Declared Configuration(DC) service 
iphlpsvc started IP-Hilfsdienst 
NVDisplay.ContainerLocalSystem started NVIDIA Display Container LS 
edgeupdate    Microsoft Edge-Update-Dienst (edgeupdate) 
bthserv started Bluetooth-Unterstützungsdienst 
WinHttpAutoProxySvc started WinHTTP-Web Proxy Auto-Discovery-Dienst 
PolicyAgent   IPsec-Richtlinien-Agent 
shpamsvc   Shared PC Account Manager 
EntAppSvc   Verwaltungsdienst für Unternehmens-Apps 
WaaSMedicSvc started Windows Update Medic Service 
embeddedmode   Eingebetteter Modus 
wmiApSrv   WMI-Leistungsadapter 
RpcLocator   RPC-Locator 
SystemEventsBroker started Systemereignissebroker 
FDResPub   Funktionssuche-Ressourcenveröffentlichung 
WdNisSvc started Microsoft Defender Antivirus-Netzwerkinspektionsdienst 
WinRM   Windows-Remoteverwaltung (WS-Verwaltung) 
wlpasvc   Dienst ""Assistent für lokale Profile"" 
wbengine   Blockebenen-Sicherungsmodul 
wscsvc started Sicherheitscenter 
Eaphost   Extensible Authentication-Protokoll 
SensorService   Sensordienst 
PrintWorkflowUserSvc_5dfac started PrintWorkflowUserSvc_5dfac 
WlanSvc started Automatische WLAN-Konfiguration 
RemoteRegistry   Remoteregistrierung 
WdiServiceHost started Diagnosediensthost 
UsoSvc started Update Orchestrator Service 
QualysAgent started Qualys Cloud Agent 
Power started Stromversorgung 
RetailDemo   Dienst für Einzelhandelsdemos 
EpicOnlineServices   Epic Online Services 
TieringEngineService   Storage Tiers Management 
DeviceAssociationService started Gerätezuordnungsdienst 
WEPHOSTSVC   Hostdienst für Windows Encryption Provider 
NcaSvc   Netzwerkkonnektivitäts-Assistent 
TimeBrokerSvc started Zeitbroker 
WerSvc   Windows-Fehlerberichterstattungsdienst 
NlaSvc started NLA (Network Location Awareness) 
BthAvctpSvc started AVCTP-Dienst 
CredentialEnrollmentManagerUserSvc_5dfac   CredentialEnrollmentManagerUserSvc_5dfac 
Winmgmt started Windows-Verwaltungsinstrumentation 
Wecsvc   Windows-Ereignissammlung 
SamSs started Sicherheitskonto-Manager 
MariaDB started MariaDB 
SgrmBroker started Broker für Laufzeitüberwachung der Systemüberwachung 
SharedAccess started Gemeinsame Nutzung der Internetverbindung 
XblGameSave   Xbox Live-Spiele speichern 
PNRPAutoReg   PNRP-Computernamenveröffentlichungs-Dienst 
wcncsvc   Windows-Sofortverbindung - Konfigurationsregistrierungsstelle 
nsi started Netzwerkspeicher-Schnittstellendienst 
NgcSvc   Microsoft Passport 
vmickvpexchange   Hyper-V-Datenaustauschdienst 
LxssManager   LxssManager 
XboxNetApiSvc   Xbox Live-Netzwerkservice 
TabletInputService started Dienst für Bildschirmtastatur und Schreibbereich 
FontCache3.0.0.0   Windows Presentation Foundation-Schriftartcache 3.0.0.0 
vmictimesync   Hyper-V-Dienst für Zeitsynchronisierung 
diagnosticshub.standardcollector.service   Standardsammlungsdienst des Microsoft(R)-Diagnose-Hubs 
PrintNotify   Druckererweiterungen und -benachrichtigungen 
CDPSvc started Plattformdienst für verbundene Geräte 
gpsvc started Gruppenrichtlinienclient 
ConsentUxUserSvc_5dfac   ConsentUxUserSvc_5dfac 
Dnscache started DNS-Client 
Origin Web Helper Service started Origin Web Helper Service 
DPS started Diagnoserichtliniendienst 
BEService   BattlEye Service 
GoogleUpdaterInternalService128.0.6537.0   GoogleUpdater InternalService 128.0.6537.0 (GoogleUpdaterInternalService128.0.6537.0) 
ClipSVC   Clientlizenzdienst (ClipSVC) 
DsmSvc   Geräteinstallations-Manager 
DeviceAssociationBrokerSvc_5dfac   DeviceAssociationBrokerSvc_5dfac 
DsSvc started Datenfreigabedienst 
LanmanServer started Server 
IKEEXT   IKE- und AuthIP IPsec-Schlüsselerstellungsmodule 
icssvc   Windows-Dienst für mobile Hotspots 
SensrSvc   Sensorüberwachungsdienst 
hns started Hostnetzwerkdienst 
postgresql-x64-15 started postgresql-x64-15 - PostgreSQL Server 15 
PcaSvc started Programmkompatibilitäts-Assistent-Dienst 
uhssvc   Microsoft Update Health Service 
UserManager started Benutzer-Manager 
MDCoreSvc started Microsoft Defender Core-Dienst 
LanmanWorkstation started Arbeitsstationsdienst 
hidserv started Human Interface Device-Dienst 
LxpSvc   Sprachumgebungsdienst 
UserDataSvc_5dfac started UserDataSvc_5dfac 
Rockstar Service   Rockstar Game Library Service 
MapsBroker   Manager für heruntergeladene Karten 
MixedRealityOpenXRSvc   Windows Mixed Reality OpenXR Service 
WManSvc   Windows-Verwaltungsdienst 
PushToInstall   Windows PushToInstall-Dienst 
MSDTC   Distributed Transaction Coordinator 
SENS started Benachrichtigungsdienst für Systemereignisse 
WalletService   WalletService 
vds started Virtueller Datenträger 
vmicvmsession   Hyper-V PowerShell Direct-Dienst 
SCPolicySvc   Richtlinie zum Entfernen der Scmartcard 
SSDPSRV started SSDP-Suche 
DisplayEnhancementService   Anzeigeverbesserungsdienst 
PimIndexMaintenanceSvc_5dfac started PimIndexMaintenanceSvc_5dfac 
WinDefend started Microsoft Defender Antivirus-Dienst 
mpssvc started Windows Defender Firewall 
MSiSCSI   Microsoft iSCSI-Initiator-Dienst 
p2psvc   Peernetzwerk-Gruppenzuordnung 
SharedRealitySvc   Dienst für räumliche Daten 
PhoneSvc started Telefondienst 
FontCache started Windows-Dienst für Schriftartencache 
RpcEptMapper started RPC-Endpunktzuordnung 
wuauserv started Windows Update 
MicrosoftEdgeElevationService   Microsoft Edge Elevation Service (MicrosoftEdgeElevationService) 
Netman   Netzwerkverbindungen 
Audiosrv started Windows-Audio 
EasyAntiCheat_EOS   Easy Anti-Cheat (Epic Online Services) 
tzautoupdate   Automatische Zeitzonenaktualisierung 
BDESVC   BitLocker-Laufwerkverschlüsselungsdienst 
UnistoreSvc_5dfac started UnistoreSvc_5dfac 
PNRPsvc   Peer Name Resolution-Protokoll 
vmicheartbeat   Hyper-V-Taktdienst 
wisvc   Windows-Insider-Dienst 
defragsvc   Laufwerke optimieren 
GoogleChromeElevationService   Google Chrome Elevation Service (GoogleChromeElevationService) 
NetTcpPortSharing   Net.Tcp-Portfreigabedienst 
LicenseManager started Windows-Lizenz-Manager-Dienst 
SmsRouter   Microsoft Windows SMS-Routerdienst. 
RmSvc started Funkverwaltungsdienst 
BITS   Background Intelligent Transfer Service 
RasAuto   Verwaltung für automatische RAS-Verbindung 
Netlogon   Anmeldedienst 
vmcompute   Hyper-V-Hostserverdienst 
DevicesFlowUserSvc_5dfac   DevicesFlowUserSvc_5dfac 
WbioSrvc   Windows-Biometriedienst 
lfsvc started Geolocation-Dienst 
Themes started Designs 
LSM started Lokaler Sitzungs-Manager 
dmwappushservice   WAP-Push-Nachrichten Routing-Dienst (Wireless Application Protocol) für die Geräteverwaltung 
SessionEnv   Konfiguration für Remotedesktops 
msiserver   Windows Installer 
DoSvc started Übermittlungsoptimierung 
wercplsupport   Unterstützung in der Systemsteuerung unter ""Problemberichte"" 
VSS   Volumeschattenkopie 
WMPNetworkSvc   Windows Media Player-Netzwerkfreigabedienst 
BcastDVRUserService_5dfac   BcastDVRUserService_5dfac 
SNMPTRAP   SNMP-Trap 
BrokerInfrastructure started Infrastrukturdienst für Hintergrundaufgaben 
vmicvss   Hyper-V-Volumeschattenkopie-Anforderer 
SEMgrSvc started Zahlungs- und NFC/SE-Manager 
EventLog started Windows-Ereignisprotokoll 
svsvc   Echtzeit-Datenträgerprüfung 
DmEnrollmentSvc   Registrierungsdienst für die Geräteverwaltung 
SysMain started SysMain 
NcdAutoSetup   Autom. Setup von Geräten, die mit dem Netzwerk verbunden sind 
perceptionsimulation   Windows Perception Simulation Service 
ProfSvc started Benutzerprofildienst 
Schedule started Aufgabenplanung 
COMSysApp   COM+-Systemanwendung 
VaultSvc started Anmeldeinformationsverwaltung 
ssh-agent   OpenSSH Authentication Agent 
AppXSvc started AppX-Bereitstellungsdienst (AppXSVC) 
com.docker.service   Docker Desktop Service 
HvHost started HV-Hostdienst 
PerfHost   Leistungsindikator-DLL-Host 
EasyAntiCheat   EasyAntiCheat 
DiagTrack started Benutzererfahrungen und Telemetrie im verbundenen Modus 
autotimesvc   Mobilfunkzeit 
StorSvc started Speicherdienst 
CaptureService_5dfac   CaptureService_5dfac 
spectrum   Windows Perception Service 
DcomLaunch started DCOM-Server-Prozessstart 
WFDSConMgrSvc   Verbindungs-Manager-Dienst von Wi-Fi Direct Services 
pla   Leistungsprotokolle und -warnungen 
NgcCtnrSvc   Microsoft Passport-Container 
CertPropSvc   Zertifikatverteilung 
p2pimsvc   Peer Networking Identity Manager 
WpcMonSvc   Jugendschutz 
upnphost   UPnP-Gerätehost 
WiaRpc   Ereignisse zum Abrufen von Standbildern 
VacSvc   Volumetric Audio Compositor-Dienst 
Wcmsvc started Windows-Verbindungs-Manager 
vmicshutdown   Hyper-V-Dienst zum Herunterfahren des Gasts 
stisvc started Windows-Bilderfassung (WIA) 
cbdhsvc_5dfac started cbdhsvc_5dfac 
McpManagementService   McpManagementService 
NcbService started Netzwerkverbindungsbroker 
edgeupdatem    Microsoft Edge-Update-Dienst (edgeupdatem) 
Origin Client Service   Origin Client Service 
AarSvc_5dfac   AarSvc_5dfac 
WSearch started Windows Search 
UmRdpService   Anschlussumleitung für Remotedesktopdienst im Benutzermodus 
SDRSVC   Windows-Sicherung 
Appinfo started Anwendungsinformationen 
seclogon   Sekundäre Anmeldung 
WslInstaller   Windows-Subsystem für Linux 
EventSystem started COM+-Ereignissystem 
WPDBusEnum   Enumeratordienst für tragbare Geräte 
RasMan started RAS-Verbindungsverwaltung 
AppReadiness   App-Vorbereitung 
diagsvc   Diagnostic Execution Service 
ALG   Gatewaydienst auf Anwendungsebene 
DusmSvc started Datennutzung 
FvSvc   NVIDIA FrameView SDK service 
WpnService started Windows-Pushbenachrichtigungssystemdienst 
GraphicsPerfSvc   GraphicsPerfSvc 
dot3svc   Automatische Konfiguration (verkabelt) 
DeviceInstall   Geräteinstallationsdienst 
vmicrdv   Hyper-V-Remotedesktopvirtualisierungsdienst 
MessagingService_5dfac   MessagingService_5dfac 
swprv   Microsoft-Softwareschattenkopie-Anbieter 
CDPUserSvc_5dfac started CDPUserSvc_5dfac 
CryptSvc started Kryptografiedienste 
OneSyncSvc_5dfac started OneSyncSvc_5dfac 
KtmRm   KtmRm für Distributed Transaction Coordinator 
WarpJITSvc   WarpJITSvc 
UdkUserSvc_5dfac   UdkUserSvc_5dfac 
TroubleshootingSvc   Dienst für empfohlene Problembehandlungen 
DispBrokerDesktopSvc started Anzeigerichtliniendienst 
workfolderssvc   Arbeitsordner 
smphost   Microsoft-SMP für Speicherplätze 
ibtsiva started Intel Bluetooth Service 
QWAVE   Verbessertes Windows-Audio/Video-Streaming 
StateRepository started StateRepository-Dienst 
lmhosts started TCP/IP-NetBIOS-Hilfsdienst 
XboxGipSvc   Xbox Accessory Management Service 
TokenBroker started Web Account Manager 
BFE started Basisfiltermodul 
ScDeviceEnum   Smartcard-Geräteaufzählungsdienst 
NetSetupSvc   Netzwerkeinrichtungsdienst 
MozillaMaintenance   Mozilla Maintenance Service 
netprofm started Netzwerklistendienst 
IpxlatCfgSvc   Konfigurationsdienst für die IP-Übersetzung#","no",,,"Windows","Cloud Agent, EricsPlaygroundAgents, Test for Sven, Test for Sven.1ddfe2aa-4a79-4155-87ca-da5c1830e92d, Test for Sven.275c0cc2-422a-4fbd-afb6-35a9338bab4a, TestEric, TestEric.00b1e415-6d3e-4c23-b103-9fe0e9dcd8c3"
"192.168.178.41","Global Default Network","desktop-m0k1qp3","DESKTOP-M0K1QP3","ff089bdc-52bd-4caa-93d1-0a1c4087e863",,"QAGENT","Windows 10 Home 64 bit Edition Version 22H2","host scanned, found vuln","90015","Enabled Caching of Dial-up Password Feature",,"Ig","1",,,,,"02/29/2024 19:24:52","06/18/2024 09:58:28","472",,,,,"HKLM\System\CurrentControlSet\Services\Rasman\Parameters DisableSavePassword is missing.#","no",,,"Windows","Cloud Agent, EricsPlaygroundAgents, Test for Sven, Test for Sven.1ddfe2aa-4a79-4155-87ca-da5c1830e92d, Test for Sven.275c0cc2-422a-4fbd-afb6-35a9338bab4a, TestEric, TestEric.00b1e415-6d3e-4c23-b103-9fe0e9dcd8c3"
"192.168.178.41","Global Default Network","desktop-m0k1qp3","DESKTOP-M0K1QP3","ff089bdc-52bd-4caa-93d1-0a1c4087e863",,"QAGENT","Windows 10 Home 64 bit Edition Version 22H2","host scanned, found vuln","90014","Possible Log Recording Issues",,"Ig","1",,,,,"02/29/2024 19:24:52","06/18/2024 09:58:28","472",,,,,"HKLM\System\CurrentControlSet\Control\Lsa CrashOnAuditFail = 0#","no",,,"Windows","Cloud Agent, EricsPlaygroundAgents, Test for Sven, Test for Sven.1ddfe2aa-4a79-4155-87ca-da5c1830e92d, Test for Sven.275c0cc2-422a-4fbd-afb6-35a9338bab4a, TestEric, TestEric.00b1e415-6d3e-4c23-b103-9fe0e9dcd8c3"
"192.168.178.41","Global Default Network","desktop-m0k1qp3","DESKTOP-M0K1QP3","ff089bdc-52bd-4caa-93d1-0a1c4087e863",,"QAGENT","Windows 10 Home 64 bit Edition Version 22H2","host scanned, found vuln","90013","Disabled Clear Page File",,"Ig","1",,,,,"02/29/2024 19:24:52","06/18/2024 09:58:28","472",,,,,"HKLM\System\CurrentControlSet\Control\Session Manager\Memory Management ClearPageFileAtShutdown = 0#","no",,,"Windows","Cloud Agent, EricsPlaygroundAgents, Test for Sven, Test for Sven.1ddfe2aa-4a79-4155-87ca-da5c1830e92d, Test for Sven.275c0cc2-422a-4fbd-afb6-35a9338bab4a, TestEric, TestEric.00b1e415-6d3e-4c23-b103-9fe0e9dcd8c3"
"192.168.178.41","Global Default Network","desktop-m0k1qp3","DESKTOP-M0K1QP3","ff089bdc-52bd-4caa-93d1-0a1c4087e863",,"QAGENT","Windows 10 Home 64 bit Edition Version 22H2","host scanned, found vuln","90012","Windows CDROM Autorun Enabled",,"Ig","1",,,,,"02/29/2024 19:24:52","06/18/2024 09:58:28","472",,,,,"HKLM\System\CurrentControlSet\Services\CDRom AutoRun = 1#","no",,,"Windows","Cloud Agent, EricsPlaygroundAgents, Test for Sven, Test for Sven.1ddfe2aa-4a79-4155-87ca-da5c1830e92d, Test for Sven.275c0cc2-422a-4fbd-afb6-35a9338bab4a, TestEric, TestEric.00b1e415-6d3e-4c23-b103-9fe0e9dcd8c3"
"192.168.178.41","Global Default Network","desktop-m0k1qp3","DESKTOP-M0K1QP3","ff089bdc-52bd-4caa-93d1-0a1c4087e863",,"QAGENT","Windows 10 Home 64 bit Edition Version 22H2","host scanned, found vuln","90009","Enabled Shutdown Without Logon",,"Ig","1",,,,,"02/29/2024 19:24:52","06/18/2024 09:58:28","472",,,,,"HKLM\Software\Microsoft\Windows\CurrentVersion\Policies\System ShutdownWithoutLogon = 1#","no",,,"Windows","Cloud Agent, EricsPlaygroundAgents, Test for Sven, Test for Sven.1ddfe2aa-4a79-4155-87ca-da5c1830e92d, Test for Sven.275c0cc2-422a-4fbd-afb6-35a9338bab4a, TestEric, TestEric.00b1e415-6d3e-4c23-b103-9fe0e9dcd8c3"
"192.168.178.41","Global Default Network","desktop-m0k1qp3","DESKTOP-M0K1QP3","ff089bdc-52bd-4caa-93d1-0a1c4087e863",,"QAGENT","Windows 10 Home 64 bit Edition Version 22H2","host scanned, found vuln","90008","Enabled Display Last Username",,"Ig","1",,,,,"02/29/2024 19:24:52","06/18/2024 09:58:28","472",,,,,"HKLM\SOFTWARE\Microsoft\Windows\CurrentVersion\Policies\System DontDisplayLastUserName = 0 
HKLM\SOFTWARE\Microsoft\Windows NT\CurrentVersion\Winlogon DontDisplayLastUserName is missing.#","no",,,"Windows","Cloud Agent, EricsPlaygroundAgents, Test for Sven, Test for Sven.1ddfe2aa-4a79-4155-87ca-da5c1830e92d, Test for Sven.275c0cc2-422a-4fbd-afb6-35a9338bab4a, TestEric, TestEric.00b1e415-6d3e-4c23-b103-9fe0e9dcd8c3"
"192.168.178.41","Global Default Network","desktop-m0k1qp3","DESKTOP-M0K1QP3","ff089bdc-52bd-4caa-93d1-0a1c4087e863",,"QAGENT","Windows 10 Home 64 bit Edition Version 22H2","host scanned, found vuln","78020","SMB share list",,"Ig","1",,,,,"02/29/2024 19:24:52","06/18/2024 09:58:28","472",,,,,"Name Path 
C$ C:\ 
ADMIN$ C:\WINDOWS 
IPC$#","no",,,"SNMP","Cloud Agent, EricsPlaygroundAgents, Test for Sven, Test for Sven.1ddfe2aa-4a79-4155-87ca-da5c1830e92d, Test for Sven.275c0cc2-422a-4fbd-afb6-35a9338bab4a, TestEric, TestEric.00b1e415-6d3e-4c23-b103-9fe0e9dcd8c3"
"192.168.178.41","Global Default Network","desktop-m0k1qp3","DESKTOP-M0K1QP3","ff089bdc-52bd-4caa-93d1-0a1c4087e863",,"QAGENT","Windows 10 Home 64 bit Edition Version 22H2","host scanned, found vuln","48204","List of installed Microsoft Windows Store/AppX Software using HKLM Registry Key",,"Ig","1",,,,,"02/29/2024 19:24:52","06/18/2024 09:58:28","472",,,,,"AppName	AppVersion	AppLocation	
MS_AppStore_Microsoft.SkypeApp	15.120.3207.0	C:\Program Files\WindowsApps\Microsoft.SkypeApp_15.120.3207.0_neutral_~_kzf8qxf38zg5c\	
MS_AppStore_Microsoft.LanguageExperiencePackde-DE	19041.79.266.0	C:\Program Files\WindowsApps\Microsoft.LanguageExperiencePackde-DE_19041.79.266.0_neutral__8wekyb3d8bbwe\	
MS_AppStore_Microsoft.MixedReality.Portal	2000.21051.1282.0	C:\Program Files\WindowsApps\Microsoft.MixedReality.Portal_2000.21051.1282.0_neutral_~_8wekyb3d8bbwe\	
MS_AppStore_Microsoft.MicrosoftEdge.Stable	125.0.2535.92	C:\Program Files\WindowsApps\Microsoft.MicrosoftEdge.Stable_125.0.2535.92_neutral__8wekyb3d8bbwe\	
MS_AppStore_Microsoft.BingWeather	4.53.61401.0	C:\Program Files\WindowsApps\Microsoft.BingWeather_4.53.61401.0_neutral_~_8wekyb3d8bbwe\	
MS_AppStore_Microsoft.WindowsAlarms	2021.2403.8.0	C:\Program Files\WindowsApps\Microsoft.WindowsAlarms_2021.2403.8.0_neutral_~_8wekyb3d8bbwe\	
MS_AppStore_Microsoft.Microsoft3DViewer	2024.2405.12012.0	C:\Program Files\WindowsApps\Microsoft.Microsoft3DViewer_2024.2405.12012.0_neutral_~_8wekyb3d8bbwe\	
MS_AppStore_Microsoft.DesktopAppInstaller	2024.506.2113.0	C:\Program Files\WindowsApps\Microsoft.DesktopAppInstaller_2024.506.2113.0_neutral_~_8wekyb3d8bbwe\	
MS_AppStore_microsoft.windowscommunicationsapps	16005.12228.20356.0	C:\Program Files\WindowsApps\microsoft.windowscommunicationsapps_16005.12228.20356.0_neutral_~_8wekyb3d8bbwe\	
MS_AppStore_Microsoft.ZuneVideo	2019.22091.10061.0	C:\Program Files\WindowsApps\Microsoft.ZuneVideo_2019.22091.10061.0_neutral_~_8wekyb3d8bbwe\	
MS_AppStore_Microsoft.GetHelp	10.2403.20861.0	C:\Program Files\WindowsApps\Microsoft.GetHelp_10.2403.20861.0_neutral_~_8wekyb3d8bbwe\	
MS_AppStore_Microsoft.WindowsStore	22405.1401.3.0	C:\Program Files\WindowsApps\Microsoft.WindowsStore_22405.1401.3.0_neutral_~_8wekyb3d8bbwe\	
MS_AppStore_Microsoft.MicrosoftOfficeHub	18.2405.1221.0	C:\Program Files\WindowsApps\Microsoft.MicrosoftOfficeHub_18.2405.1221.0_neutral_~_8wekyb3d8bbwe\	
MS_AppStore_Microsoft.3DBuilder	20.0.4.0	C:\Program Files\WindowsApps\Microsoft.3DBuilder_20.0.4.0_neutral_~_8wekyb3d8bbwe\	
MS_AppStore_NVIDIACorp.NVIDIAControlPanel	8.1.966.0	C:\Program Files\WindowsApps\NVIDIACorp.NVIDIAControlPanel_8.1.966.0_x64__56jybvy8sckqj\	
MS_AppStore_Microsoft.Appconnector	2015.707.550.0	C:\Program Files\WindowsApps\Microsoft.Appconnector_2015.707.550.0_neutral_~_8wekyb3d8bbwe\	
MS_AppStore_Microsoft.OneConnect	5.2308.2294.0	C:\Program Files\WindowsApps\Microsoft.OneConnect_5.2308.2294.0_neutral_~_8wekyb3d8bbwe\	
MS_AppStore_Microsoft.Windows.Photos	2024.11030.15001.0	C:\Program Files\WindowsApps\Microsoft.Windows.Photos_2024.11030.15001.0_neutral_~_8wekyb3d8bbwe\	
MS_AppStore_Microsoft.WindowsCamera	2022.2405.18.0	C:\Program Files\WindowsApps\Microsoft.WindowsCamera_2022.2405.18.0_neutral_~_8wekyb3d8bbwe\	
MS_AppStore_Microsoft.Getstarted	2021.2312.1.0	C:\Program Files\WindowsApps\Microsoft.Getstarted_2021.2312.1.0_neutral_~_8wekyb3d8bbwe\	
MS_AppStore_Microsoft.ConnectivityStore	1.1604.4.0	C:\Program Files\WindowsApps\Microsoft.ConnectivityStore_1.1604.4.0_neutral_~_8wekyb3d8bbwe\	
MS_AppStore_Microsoft.StorePurchaseApp	22403.1401.1.0	C:\Program Files\WindowsApps\Microsoft.StorePurchaseApp_22403.1401.1.0_neutral_~_8wekyb3d8bbwe\	
MS_AppStore_Microsoft.BingFinance	4.53.61371.0	C:\Program Files\WindowsApps\Microsoft.BingFinance_4.53.61371.0_neutral_~_8wekyb3d8bbwe\	
MS_AppStore_Microsoft.VP9VideoExtensions	1.1.451.0	C:\Program Files\WindowsApps\Microsoft.VP9VideoExtensions_1.1.451.0_neutral_~_8wekyb3d8bbwe\	
MS_AppStore_Microsoft.Wallet	2.4.18324.0	%SYSTEMDRIVE%\Program Files\WindowsApps\Microsoft.Wallet_2.4.18324.0_neutral_~_8wekyb3d8bbwe\	
MS_AppStore_Microsoft.XboxGameOverlay	1.54.4001.0	C:\Program Files\WindowsApps\Microsoft.XboxGameOverlay_1.54.4001.0_neutral_~_8wekyb3d8bbwe\	
MS_AppStore_Microsoft.ZuneMusic	11.2405.8.0	C:\Program Files\WindowsApps\Microsoft.ZuneMusic_11.2405.8.0_neutral_~_8wekyb3d8bbwe\	
MS_AppStore_Microsoft.Office.Sway	18.2003.51105.0	C:\Program Files\WindowsApps\Microsoft.Office.Sway_18.2003.51105.0_neutral_~_8wekyb3d8bbwe\	
MS_AppStore_Microsoft.WebpImageExtension	1.1.1221.0	C:\Program Files\WindowsApps\Microsoft.WebpImageExtension_1.1.1221.0_neutral_~_8wekyb3d8bbwe\	
MS_AppStore_Microsoft.MicrosoftStickyNotes	6.0.2.0	C:\Program Files\WindowsApps\Microsoft.MicrosoftStickyNotes_6.0.2.0_neutral_~_8wekyb3d8bbwe\	
MS_AppStore_Microsoft.Messaging	2024.210.351.0	C:\Program Files\WindowsApps\Microsoft.Messaging_2024.210.351.0_neutral_~_8wekyb3d8bbwe\	
MS_AppStore_Microsoft.MSPaint	2024.2405.19017.0	C:\Program Files\WindowsApps\Microsoft.MSPaint_2024.2405.19017.0_neutral_~_8wekyb3d8bbwe\	
MS_AppStore_Microsoft.BingSports	4.6.28002.0	C:\Program Files\WindowsApps\Microsoft.BingSports_4.6.28002.0_neutral_~_8wekyb3d8bbwe\	
MS_AppStore_Microsoft.WindowsSoundRecorder	2021.2103.28.0	C:\Program Files\WindowsApps\Microsoft.WindowsSoundRecorder_2021.2103.28.0_neutral_~_8wekyb3d8bbwe\	
MS_AppStore_Microsoft.BingNews	4.8.11001.0	C:\Program Files\WindowsApps\Microsoft.BingNews_4.8.11001.0_neutral_~_8wekyb3d8bbwe\	
MS_AppStore_Microsoft.XboxSpeechToTextOverlay	1.21.13002.0	C:\Program Files\WindowsApps\Microsoft.XboxSpeechToTextOverlay_1.21.13002.0_neutral_~_8wekyb3d8bbwe\	
MS_AppStore_Microsoft.WindowsMaps	2022.2403.4.0	C:\Program Files\WindowsApps\Microsoft.WindowsMaps_2022.2403.4.0_neutral_~_8wekyb3d8bbwe\	
MS_AppStore_Microsoft.People	2021.2202.100.0	C:\Program Files\WindowsApps\Microsoft.People_2021.2202.100.0_neutral_~_8wekyb3d8bbwe\	
MS_AppStore_Microsoft.Print3D	3.3.791.0	C:\Program Files\WindowsApps\Microsoft.Print3D_3.3.791.0_neutral_~_8wekyb3d8bbwe\	
MS_AppStore_Microsoft.HEIFImageExtension	1.1.861.0	C:\Program Files\WindowsApps\Microsoft.HEIFImageExtension_1.1.861.0_neutral_~_8wekyb3d8bbwe\	
MS_AppStore_Microsoft.ScreenSketch	2021.2008.3001.0	C:\Program Files\WindowsApps\Microsoft.ScreenSketch_2021.2008.3001.0_neutral_~_8wekyb3d8bbwe\	
MS_AppStore_Microsoft.XboxGamingOverlay	7.124.5142.0	C:\Program Files\WindowsApps\Microsoft.XboxGamingOverlay_7.124.5142.0_neutral_~_8wekyb3d8bbwe\	
MS_AppStore_Microsoft.XboxIdentityProvider	12.113.31003.0	C:\Program Files\WindowsApps\Microsoft.XboxIdentityProvider_12.113.31003.0_neutral_~_8wekyb3d8bbwe\	
MS_AppStore_Microsoft.Office.OneNote	16001.14326.21886.0	C:\Program Files\WindowsApps\Microsoft.Office.OneNote_16001.14326.21886.0_neutral_~_8wekyb3d8bbwe\	
MS_AppStore_Microsoft.YourPhone	1.24051.101.0	C:\Program Files\WindowsApps\Microsoft.YourPhone_1.24051.101.0_neutral_~_8wekyb3d8bbwe\	
MS_AppStore_Microsoft.VCLibs.140.00	14.0.27323.0	%SYSTEMDRIVE%\Program Files\WindowsApps\Microsoft.VCLibs.140.00_14.0.27323.0_x64__8wekyb3d8bbwe\	
MS_AppStore_Microsoft.Xbox.TCUI	1.24.10001.0	C:\Program Files\WindowsApps\Microsoft.Xbox.TCUI_1.24.10001.0_neutral_~_8wekyb3d8bbwe\	
MS_AppStore_Microsoft.WindowsFeedbackHub	2024.527.1405.0	C:\Program Files\WindowsApps\Microsoft.WindowsFeedbackHub_2024.527.1405.0_neutral_~_8wekyb3d8bbwe\	
MS_AppStore_Microsoft.MicrosoftSolitaireCollection	4.5.12061.0	C:\Program Files\WindowsApps\Microsoft.MicrosoftSolitaireCollection_4.5.12061.0_neutral_~_8wekyb3d8bbwe\	
MS_AppStore_Microsoft.XboxApp	48.104.4001.0	C:\Program Files\WindowsApps\Microsoft.XboxApp_48.104.4001.0_neutral_~_8wekyb3d8bbwe\	
MS_AppStore_Microsoft.WebMediaExtensions	1.1.1295.0	C:\Program Files\WindowsApps\Microsoft.WebMediaExtensions_1.1.1295.0_neutral_~_8wekyb3d8bbwe\	
MS_AppStore_Microsoft.549981C3F5F10	4.2308.1005.0	C:\Program Files\WindowsApps\Microsoft.549981C3F5F10_4.2308.1005.0_neutral_~_8wekyb3d8bbwe\	
MS_AppStore_Microsoft.WindowsCalculator	2021.2405.2.0	C:\Program Files\WindowsApps\Microsoft.WindowsCalculator_2021.2405.2.0_neutral_~_8wekyb3d8bbwe\#","no",,,"Information gathering","Cloud Agent, EricsPlaygroundAgents, Test for Sven, Test for Sven.1ddfe2aa-4a79-4155-87ca-da5c1830e92d, Test for Sven.275c0cc2-422a-4fbd-afb6-35a9338bab4a, TestEric, TestEric.00b1e415-6d3e-4c23-b103-9fe0e9dcd8c3"
"192.168.178.41","Global Default Network","desktop-m0k1qp3","DESKTOP-M0K1QP3","ff089bdc-52bd-4caa-93d1-0a1c4087e863",,"QAGENT","Windows 10 Home 64 bit Edition Version 22H2","host scanned, found vuln","48203","Windows Connected Printers Information Extracted Through WMI",,"Ig","1",,,,,"02/29/2024 19:24:52","06/18/2024 09:58:28","472",,,,,"Name	PrinterState	PrinterStatus	
Microsoft XPS Document Writer	0	3	
Fax	0	3	
HP857E20 (HP DeskJet 2700 series)	0	3	
Microsoft Print to PDF	0	3#","no",,,"Information gathering","Cloud Agent, EricsPlaygroundAgents, Test for Sven, Test for Sven.1ddfe2aa-4a79-4155-87ca-da5c1830e92d, Test for Sven.275c0cc2-422a-4fbd-afb6-35a9338bab4a, TestEric, TestEric.00b1e415-6d3e-4c23-b103-9fe0e9dcd8c3"
"192.168.178.41","Global Default Network","desktop-m0k1qp3","DESKTOP-M0K1QP3","ff089bdc-52bd-4caa-93d1-0a1c4087e863",,"QAGENT","Windows 10 Home 64 bit Edition Version 22H2","host scanned, found vuln","48196","Windows Host Environment Variables Detected",,"Ig","1",,,,,"03/26/2024 21:31:00","06/18/2024 09:58:28","370",,,,,"HKLM\SYSTEM\ControlSet001\Control\Session Manager\Environment 
DriverData = C:\Windows\System32\Drivers\DriverData 
TEMP = %SystemRoot%\TEMP 
OS = Windows_NT 
PROCESSOR_ARCHITECTURE = AMD64 
PROCESSOR_IDENTIFIER = AMD64 Family 23 Model 113 Stepping 0, AuthenticAMD 
CUDA_PATH_V12_2 = C:\Program Files\NVIDIA GPU Computing Toolkit\CUDA\v12.2 
NUMBER_OF_PROCESSORS = 16 
PATHEXT = .COM;.EXE;.BAT;.CMD;.VBS;.VBE;.JS;.JSE;.WSF;.WSH;.MSC 
Path = C:\Program Files\NVIDIA GPU Computing Toolkit\CUDA\v12.2\bin;C:\Program Files\NVIDIA GPU Computing Toolkit\CUDA\v12.2\libnvvp;C:\WINDOWS\system32;C:\WINDOWS;C:\WINDOWS\System32\Wbem;C:\WINDOWS\System32\WindowsPowerShell\v1.0\;C:\WINDOWS\System32\OpenSSH\;C:\Program Files\Git\cmd;C:\Program Files\NVIDIA Corporation\Nsight Compute 2023.2.0\;C:\Program Files\dotnet\;C:\Program Files\Docker\Docker\resources\bin 
CUDA_PATH = C:\Program Files\NVIDIA GPU Computing Toolkit\CUDA\v12.2 
ComSpec = %SystemRoot%\system32\cmd.exe 
PROCESSOR_LEVEL = 23 
TMP = %SystemRoot%\TEMP 
PSModulePath = %ProgramFiles%\WindowsPowerShell\Modules;%SystemRoot%\system32\WindowsPowerShell\v1.0\Modules 
windir = %SystemRoot% 
PROCESSOR_REVISION = 7100 
USERNAME = SYSTEM 
--------------------------------------------------------------------------------#","no",,,"Information gathering","Cloud Agent, EricsPlaygroundAgents, Test for Sven, Test for Sven.1ddfe2aa-4a79-4155-87ca-da5c1830e92d, Test for Sven.275c0cc2-422a-4fbd-afb6-35a9338bab4a, TestEric, TestEric.00b1e415-6d3e-4c23-b103-9fe0e9dcd8c3"
"192.168.178.41","Global Default Network","desktop-m0k1qp3","DESKTOP-M0K1QP3","ff089bdc-52bd-4caa-93d1-0a1c4087e863",,"QAGENT","Windows 10 Home 64 bit Edition Version 22H2","host scanned, found vuln","48039","Secure Channel (Schannel) Secure Sockets Layer (SSL) and Transport Layer Security (TLS) Registry Keys Reporting",,"Ig","1",,,,,"02/29/2024 19:24:52","06/18/2024 09:58:28","472",,,,,"HKLM\SYSTEM\CurrentControlSet\Control\SecurityProviders\SCHANNEL\Protocols\SSL 2.0\Client 
DisabledByDefault = 1#","no",,,"Information gathering","Cloud Agent, EricsPlaygroundAgents, Test for Sven, Test for Sven.1ddfe2aa-4a79-4155-87ca-da5c1830e92d, Test for Sven.275c0cc2-422a-4fbd-afb6-35a9338bab4a, TestEric, TestEric.00b1e415-6d3e-4c23-b103-9fe0e9dcd8c3"
"192.168.178.41","Global Default Network","desktop-m0k1qp3","DESKTOP-M0K1QP3","ff089bdc-52bd-4caa-93d1-0a1c4087e863",,"QAGENT","Windows 10 Home 64 bit Edition Version 22H2","host scanned, found vuln","45606","Network Interface Domain Name System (DNS) Suffix Information Extracted Through WMI",,"Ig","1",,,,,"03/04/2024 21:29:10","06/18/2024 09:58:28","456",,,,,"DNS Domain	
fritz.box#","no",,,"Information gathering","Cloud Agent, EricsPlaygroundAgents, Test for Sven, Test for Sven.1ddfe2aa-4a79-4155-87ca-da5c1830e92d, Test for Sven.275c0cc2-422a-4fbd-afb6-35a9338bab4a, TestEric, TestEric.00b1e415-6d3e-4c23-b103-9fe0e9dcd8c3"
"192.168.178.41","Global Default Network","desktop-m0k1qp3","DESKTOP-M0K1QP3","ff089bdc-52bd-4caa-93d1-0a1c4087e863",,"QAGENT","Windows 10 Home 64 bit Edition Version 22H2","host scanned, found vuln","45572","Microsoft Windows User account control information",,"Ig","1",,,,,"02/29/2024 19:24:52","06/18/2024 09:58:28","472",,,,,"username logontime accountcontrol RID passmustchangetime passlastsettime STATUS 
Administrator 1970-1-1  0:0:0 529 500 1901-12-13  20:45:52 1970-1-1  0:0:0 Disabled 
Gast 1970-1-1  0:0:0 4194837 501 1901-12-13  20:45:52 1970-1-1  0:0:0 Disabled 
DefaultAccount 1970-1-1  0:0:0 533 503 1901-12-13  20:45:52 1970-1-1  0:0:0 Disabled 
WDAGUtilityAccount 1970-1-1  0:0:0 131089 504 2020-2-2  17:46:27 2019-12-22  17:46:27 Disabled 
big10 2024-6-18  3:23:34 532 1001 1901-12-13  20:45:52 2019-12-22  23:57:17 Enabled#","no",,,"Information gathering","Cloud Agent, EricsPlaygroundAgents, Test for Sven, Test for Sven.1ddfe2aa-4a79-4155-87ca-da5c1830e92d, Test for Sven.275c0cc2-422a-4fbd-afb6-35a9338bab4a, TestEric, TestEric.00b1e415-6d3e-4c23-b103-9fe0e9dcd8c3"
"192.168.178.41","Global Default Network","desktop-m0k1qp3","DESKTOP-M0K1QP3","ff089bdc-52bd-4caa-93d1-0a1c4087e863",,"QAGENT","Windows 10 Home 64 bit Edition Version 22H2","host scanned, found vuln","45567","Microsoft Windows Status of FIPS Algorithm Policy",,"Ig","1",,,,,"02/29/2024 19:24:52","06/18/2024 09:58:28","472",,,"FipsAlgorithmPolicy",,"HKLM\SYSTEM\CurrentControlSet\Control\Lsa\FipsAlgorithmPolicy 
Enabled = 0 
--------------------------------------------------------------------------------#","no",,,"Information gathering","Cloud Agent, EricsPlaygroundAgents, Test for Sven, Test for Sven.1ddfe2aa-4a79-4155-87ca-da5c1830e92d, Test for Sven.275c0cc2-422a-4fbd-afb6-35a9338bab4a, TestEric, TestEric.00b1e415-6d3e-4c23-b103-9fe0e9dcd8c3"
"192.168.178.41","Global Default Network","desktop-m0k1qp3","DESKTOP-M0K1QP3","ff089bdc-52bd-4caa-93d1-0a1c4087e863",,"QAGENT","Windows 10 Home 64 bit Edition Version 22H2","host scanned, found vuln","45562","Microsoft Visual C++ 2010 Redistributable Package Detected",,"Ig","1",,,,,"02/29/2024 19:24:52","06/18/2024 09:58:28","472",,,,,"%ProgramFiles%\Common Files\Microsoft Shared\VC\msdia100.dll file version is 10.0.40219.1 
%ProgramFiles(x86)%\Common Files\Microsoft Shared\VC\msdia100.dll file version is 10.0.40219.1#","no",,,"Information gathering","Cloud Agent, EricsPlaygroundAgents, Test for Sven, Test for Sven.1ddfe2aa-4a79-4155-87ca-da5c1830e92d, Test for Sven.275c0cc2-422a-4fbd-afb6-35a9338bab4a, TestEric, TestEric.00b1e415-6d3e-4c23-b103-9fe0e9dcd8c3"
"192.168.178.41","Global Default Network","desktop-m0k1qp3","DESKTOP-M0K1QP3","ff089bdc-52bd-4caa-93d1-0a1c4087e863",,"QAGENT","Windows 10 Home 64 bit Edition Version 22H2","host scanned, found vuln","45561","Windows Active Processors",,"Ig","1",,,,,"02/29/2024 19:24:52","06/18/2024 09:58:28","472",,,,,"HKLM\System\CurrentControlSet\Control\Session Manager\Environment	
NUMBER_OF_PROCESSORS	=	16#","no",,,"Information gathering","Cloud Agent, EricsPlaygroundAgents, Test for Sven, Test for Sven.1ddfe2aa-4a79-4155-87ca-da5c1830e92d, Test for Sven.275c0cc2-422a-4fbd-afb6-35a9338bab4a, TestEric, TestEric.00b1e415-6d3e-4c23-b103-9fe0e9dcd8c3"
"192.168.178.41","Global Default Network","desktop-m0k1qp3","DESKTOP-M0K1QP3","ff089bdc-52bd-4caa-93d1-0a1c4087e863",,"QAGENT","Windows 10 Home 64 bit Edition Version 22H2","host scanned, found vuln","45560","Windows Prefetcher Enabled",,"Ig","1",,,,,"02/29/2024 19:24:52","06/18/2024 09:58:28","472",,,,,"HKLM\SYSTEM\CurrentControlSet\Control\Session Manager\Memory Management\PrefetchParameters EnablePrefetcher = 3 
Application launch and boot enabled (default)#","no",,,"Information gathering","Cloud Agent, EricsPlaygroundAgents, Test for Sven, Test for Sven.1ddfe2aa-4a79-4155-87ca-da5c1830e92d, Test for Sven.275c0cc2-422a-4fbd-afb6-35a9338bab4a, TestEric, TestEric.00b1e415-6d3e-4c23-b103-9fe0e9dcd8c3"
"192.168.178.41","Global Default Network","desktop-m0k1qp3","DESKTOP-M0K1QP3","ff089bdc-52bd-4caa-93d1-0a1c4087e863",,"QAGENT","Windows 10 Home 64 bit Edition Version 22H2","host scanned, found vuln","45531","Host Scan Time - CloudAgent",,"Ig","1",,,,,"02/29/2024 19:24:52","06/18/2024 09:58:28","472",,,,,"Scan duration: 56 seconds 
Start time: 2024-06-18T07:25:38.000Z 
End time: 2024-06-18T07:26:34.000Z#","no",,,"Information gathering","Cloud Agent, EricsPlaygroundAgents, Test for Sven, Test for Sven.1ddfe2aa-4a79-4155-87ca-da5c1830e92d, Test for Sven.275c0cc2-422a-4fbd-afb6-35a9338bab4a, TestEric, TestEric.00b1e415-6d3e-4c23-b103-9fe0e9dcd8c3"
"192.168.178.41","Global Default Network","desktop-m0k1qp3","DESKTOP-M0K1QP3","ff089bdc-52bd-4caa-93d1-0a1c4087e863",,"QAGENT","Windows 10 Home 64 bit Edition Version 22H2","host scanned, found vuln","45521","ntoskrnl.exe Version Detected",,"Ig","1",,,,,"02/29/2024 19:24:52","06/18/2024 09:58:28","472",,,,,"ntoskrnl.exe Version 10.0.19041.4522#","no",,,"Information gathering","Cloud Agent, EricsPlaygroundAgents, Test for Sven, Test for Sven.1ddfe2aa-4a79-4155-87ca-da5c1830e92d, Test for Sven.275c0cc2-422a-4fbd-afb6-35a9338bab4a, TestEric, TestEric.00b1e415-6d3e-4c23-b103-9fe0e9dcd8c3"
"192.168.178.41","Global Default Network","desktop-m0k1qp3","DESKTOP-M0K1QP3","ff089bdc-52bd-4caa-93d1-0a1c4087e863",,"QAGENT","Windows 10 Home 64 bit Edition Version 22H2","host scanned, found vuln","45520","Add/Remove Installed Software Registry Keys",,"Ig","1",,,,,"02/29/2024 19:24:52","06/18/2024 09:58:28","472",,,,,"Display Name	Display Version	Registry Key	
Hearts of Iron IV	 	HKLM\Software\Microsoft\Windows\CurrentVersion\Uninstall\Steam App 394360	
Mount & Blade II: Bannerlord	 	HKLM\Software\Microsoft\Windows\CurrentVersion\Uninstall\Steam App 261550	
Battle Brothers	 	HKLM\Software\Microsoft\Windows\CurrentVersion\Uninstall\Steam App 365360	
Occupancy Calculator	12.2	HKLM\Software\Microsoft\Windows\CurrentVersion\Uninstall\{B2FE1952-0186-46C3-BAEC-A80AA35AC5B8}_occupancy_calculator_12.2	
Mozilla Maintenance Service	71.0	HKLM\Software\Microsoft\Windows\CurrentVersion\Uninstall\MozillaMaintenanceService	
CUSOLVER Runtime	12.2	HKLM\Software\Microsoft\Windows\CurrentVersion\Uninstall\{B2FE1952-0186-46C3-BAEC-A80AA35AC5B8}_cusolver_12.2	
CUDA Profiler Tools	12.2	HKLM\Software\Microsoft\Windows\CurrentVersion\Uninstall\{B2FE1952-0186-46C3-BAEC-A80AA35AC5B8}_nvprof_12.2	
Urtuk: The Desolation	 	HKLM\Software\Microsoft\Windows\CurrentVersion\Uninstall\Steam App 1181830	
Wildermyth	 	HKLM\Software\Microsoft\Windows\CurrentVersion\Uninstall\Steam App 763890	
CUDA Toolkit	12.2	HKLM\Software\Microsoft\Windows\CurrentVersion\Uninstall\{B2FE1952-0186-46C3-BAEC-A80AA35AC5B8}_CUDAToolkit_12.2	
OPENCL Runtime	12.2	HKLM\Software\Microsoft\Windows\CurrentVersion\Uninstall\{B2FE1952-0186-46C3-BAEC-A80AA35AC5B8}_opencl_12.2	
Warhammer 40,000: Chaos Gate - Daemonhunters	 	HKLM\Software\Microsoft\Windows\CurrentVersion\Uninstall\Steam App 1611910	
Satellite Reign	 	HKLM\Software\Microsoft\Windows\CurrentVersion\Uninstall\Steam App 268870	
CURAND Development	12.2	HKLM\Software\Microsoft\Windows\CurrentVersion\Uninstall\{B2FE1952-0186-46C3-BAEC-A80AA35AC5B8}_curand_dev_12.2	
Visual Profiler	12.2	HKLM\Software\Microsoft\Windows\CurrentVersion\Uninstall\{B2FE1952-0186-46C3-BAEC-A80AA35AC5B8}_visual_profiler_12.2	
Phoenix Point: Year One Edition	 	HKLM\Software\Microsoft\Windows\CurrentVersion\Uninstall\Steam App 839770	
Baldur's Gate 3	 	HKLM\Software\Microsoft\Windows\CurrentVersion\Uninstall\Steam App 1086940	
Pillars of Eternity	 	HKLM\Software\Microsoft\Windows\CurrentVersion\Uninstall\Steam App 291650	
NVJPEG Development	12.2	HKLM\Software\Microsoft\Windows\CurrentVersion\Uninstall\{B2FE1952-0186-46C3-BAEC-A80AA35AC5B8}_nvjpeg_dev_12.2	
Git	2.35.1.2	HKLM\Software\Microsoft\Windows\CurrentVersion\Uninstall\Git_is1	
2112TD: Tower Defense Survival	 	HKLM\Software\Microsoft\Windows\CurrentVersion\Uninstall\Steam App 2223590	
Axis & Allies 1942 Online	 	HKLM\Software\Microsoft\Windows\CurrentVersion\Uninstall\Steam App 898920	
Hard West 2	 	HKLM\Software\Microsoft\Windows\CurrentVersion\Uninstall\Steam App 1282410	
NVIDIA CUDA Runtime 12.2	12.2	HKLM\Software\Microsoft\Windows\CurrentVersion\Uninstall\{B2FE1952-0186-46C3-BAEC-A80AA35AC5B8}_CUDARuntimes_12.2	
CUDA Documentation	12.2	HKLM\Software\Microsoft\Windows\CurrentVersion\Uninstall\{B2FE1952-0186-46C3-BAEC-A80AA35AC5B8}_documentation_12.2	
Warhammer 40,000: Inquisitor - Martyr	 	HKLM\Software\Microsoft\Windows\CurrentVersion\Uninstall\Steam App 527430	
Microsoft Visual C++ 2022 X64 Additional Runtime - 14.36.32532	14.36.32532	HKLM\Software\Microsoft\Windows\CurrentVersion\Uninstall\{0025DD72-A959-45B5-A0A3-7EFEB15A8050}	
Epic Fantasy Battle Simulator	 	HKLM\Software\Microsoft\Windows\CurrentVersion\Uninstall\Steam App 1724440	
NVIDIA Nsight Compute 2023.2.0	23.2.0.0	HKLM\Software\Microsoft\Windows\CurrentVersion\Uninstall\{3B509C17-27FD-4BC6-A516-641DB65DEC14}	
SOLASTA Crown of the Magister	 	HKLM\Software\Microsoft\Windows\CurrentVersion\Uninstall\Steam App 1096530	
Shadowrun: Hong Kong - Extended Edition	 	HKLM\Software\Microsoft\Windows\CurrentVersion\Uninstall\Steam App 346940	
NVJPEG Runtime	12.2	HKLM\Software\Microsoft\Windows\CurrentVersion\Uninstall\{B2FE1952-0186-46C3-BAEC-A80AA35AC5B8}_nvjpeg_12.2	
CUDA CCCL	12.2	HKLM\Software\Microsoft\Windows\CurrentVersion\Uninstall\{B2FE1952-0186-46C3-BAEC-A80AA35AC5B8}_thrust_12.2	
Microsoft Visual C++ 2012 x64 Additional Runtime - 11.0.61030	11.0.61030	HKLM\Software\Microsoft\Windows\CurrentVersion\Uninstall\{37B8F9C7-03FB-3253-8781-2517C99D7C00}	
NPP Development	12.2	HKLM\Software\Microsoft\Windows\CurrentVersion\Uninstall\{B2FE1952-0186-46C3-BAEC-A80AA35AC5B8}_npp_dev_12.2	
Microsoft .NET Runtime - 6.0.11 (x64)	48.47.50420	HKLM\Software\Microsoft\Windows\CurrentVersion\Uninstall\{C3DD1448-513A-4DB8-978D-6991562EA63D}	
Tower of Time	 	HKLM\Software\Microsoft\Windows\CurrentVersion\Uninstall\Steam App 617480	
Human Resource Machine	 	HKLM\Software\Microsoft\Windows\CurrentVersion\Uninstall\Steam App 375820	
NVJITLINK Runtime	12.2	HKLM\Software\Microsoft\Windows\CurrentVersion\Uninstall\{B2FE1952-0186-46C3-BAEC-A80AA35AC5B8}_nvjitlink_12.2	
Warhammer 40,000: Darktide	 	HKLM\Software\Microsoft\Windows\CurrentVersion\Uninstall\Steam App 1361210	
Warhammer 40,000: Dawn of War II - Chaos Rising	 	HKLM\Software\Microsoft\Windows\CurrentVersion\Uninstall\Steam App 20570	
Compute Sanitizer	12.2	HKLM\Software\Microsoft\Windows\CurrentVersion\Uninstall\{B2FE1952-0186-46C3-BAEC-A80AA35AC5B8}_sanitizer_12.2	
PostgreSQL 15 	15	HKLM\Software\Microsoft\Windows\CurrentVersion\Uninstall\PostgreSQL 15	
Frozenheim	 	HKLM\Software\Microsoft\Windows\CurrentVersion\Uninstall\Steam App 1134100	
CPUID HWMonitor 1.42	1.42	HKLM\Software\Microsoft\Windows\CurrentVersion\Uninstall\CPUID HWMonitor_is1	
Crusader Kings II	 	HKLM\Software\Microsoft\Windows\CurrentVersion\Uninstall\Steam App 203770	
7 Billion Humans	 	HKLM\Software\Microsoft\Windows\CurrentVersion\Uninstall\Steam App 792100	
Mount & Blade: Warband	 	HKLM\Software\Microsoft\Windows\CurrentVersion\Uninstall\Steam App 48700	
Microsoft Visual C++ 2013 x64 Minimum Runtime - 12.0.21005	12.0.21005	HKLM\Software\Microsoft\Windows\CurrentVersion\Uninstall\{A749D8E6-B613-3BE3-8F5F-045C84EBA29B}	
Totally Accurate Battle Simulator	 	HKLM\Software\Microsoft\Windows\CurrentVersion\Uninstall\Steam App 508440	
Warhammer 40,000: Battlesector	 	HKLM\Software\Microsoft\Windows\CurrentVersion\Uninstall\Steam App 1295500	
NVIDIA Nsight Systems 2023.2.3	23.2.3.1001	HKLM\Software\Microsoft\Windows\CurrentVersion\Uninstall\{F7291E58-1590-4613-AB63-3EE22F808E0E}	
Pillars of Eternity II: Deadfire	 	HKLM\Software\Microsoft\Windows\CurrentVersion\Uninstall\Steam App 560130	
CUPTI	12.2	HKLM\Software\Microsoft\Windows\CurrentVersion\Uninstall\{B2FE1952-0186-46C3-BAEC-A80AA35AC5B8}_cupti_12.2	
Ultimate Epic Battle Simulator 2	 	HKLM\Software\Microsoft\Windows\CurrentVersion\Uninstall\Steam App 1468720	
Windows-PC-Integritätsprüfung	3.6.2204.08001	HKLM\Software\Microsoft\Windows\CurrentVersion\Uninstall\{B3956CF3-F6C5-4567-AC38-1FD4432B319C}	
Microsoft Update Health Tools	3.74.0.0	HKLM\Software\Microsoft\Windows\CurrentVersion\Uninstall\{1FC1A6C2-576E-489A-9B4A-92D21F542136}	
NVIDIA FrameView SDK 1.1.4923.29214634	1.1.4923.29214634	HKLM\Software\Microsoft\Windows\CurrentVersion\Uninstall\{B2FE1952-0186-46C3-BAEC-A80AA35AC5B8}_FrameViewSdk	
nvcc	12.2	HKLM\Software\Microsoft\Windows\CurrentVersion\Uninstall\{B2FE1952-0186-46C3-BAEC-A80AA35AC5B8}_nvcc_12.2	
Microsoft Visual C++ 2013 x64 Additional Runtime - 12.0.21005	12.0.21005	HKLM\Software\Microsoft\Windows\CurrentVersion\Uninstall\{929FBD26-9020-399B-9A7A-751D61F0B942}	
Microsoft Visual C++ 2022 X64 Minimum Runtime - 14.36.32532	14.36.32532	HKLM\Software\Microsoft\Windows\CurrentVersion\Uninstall\{D5D19E2F-7189-42FE-8103-92CD1FA457C2}	
${{arpDisplayName}}	12.2	HKLM\Software\Microsoft\Windows\CurrentVersion\Uninstall\{B2FE1952-0186-46C3-BAEC-A80AA35AC5B8}_cufft_12.2	
Field of Glory II: Medieval	 	HKLM\Software\Microsoft\Windows\CurrentVersion\Uninstall\Steam App 1368870	
ATOM RPG	 	HKLM\Software\Microsoft\Windows\CurrentVersion\Uninstall\Steam App 552620	
Panzer Corps 2	 	HKLM\Software\Microsoft\Windows\CurrentVersion\Uninstall\Steam App 1072040	
Paradox Launcher v2	2.4.0	HKLM\Software\Microsoft\Windows\CurrentVersion\Uninstall\{992827AC-2312-4B8A-BF33-C5DD19C61CEF}	
Fallout 4	 	HKLM\Software\Microsoft\Windows\CurrentVersion\Uninstall\Steam App 377160	
CUDA Profiler API	12.2	HKLM\Software\Microsoft\Windows\CurrentVersion\Uninstall\{B2FE1952-0186-46C3-BAEC-A80AA35AC5B8}_cuda_profiler_api_12.2	
Mozilla Firefox (x64 de)	127.0	HKLM\Software\Microsoft\Windows\CurrentVersion\Uninstall\Mozilla Firefox 127.0 (x64 de)	
Epic Games Launcher Prerequisites (x64)	1.0.0.0	HKLM\Software\Microsoft\Windows\CurrentVersion\Uninstall\{F9C5C994-F6B9-4D75-B3E7-AD01B84073E9}	
CUFFT Development	12.2	HKLM\Software\Microsoft\Windows\CurrentVersion\Uninstall\{B2FE1952-0186-46C3-BAEC-A80AA35AC5B8}_cufft_dev_12.2	
Windows Subsystem for Linux	2.1.5.0	HKLM\Software\Microsoft\Windows\CurrentVersion\Uninstall\{877F46EF-614F-4B05-A09D-E15E5B424710}	
Windows-PC-Integritätsprüfung	3.9.2402.14001	HKLM\Software\Microsoft\Windows\CurrentVersion\Uninstall\{A5F151BA-B6DF-4659-83C0-13692B76634F}	
Tyranny	 	HKLM\Software\Microsoft\Windows\CurrentVersion\Uninstall\Steam App 362960	
Tainted Grail	 	HKLM\Software\Microsoft\Windows\CurrentVersion\Uninstall\Steam App 1199030	
Mutant Year Zero: Road to Eden	 	HKLM\Software\Microsoft\Windows\CurrentVersion\Uninstall\Steam App 760060	
Banners of Ruin	 	HKLM\Software\Microsoft\Windows\CurrentVersion\Uninstall\Steam App 1075740	
Docker Desktop	4.30.0	HKLM\Software\Microsoft\Windows\CurrentVersion\Uninstall\Docker Desktop	
Disassembler	12.2	HKLM\Software\Microsoft\Windows\CurrentVersion\Uninstall\{B2FE1952-0186-46C3-BAEC-A80AA35AC5B8}_nvdisasm_12.2	
Update for Windows 10 for x64-based Systems (KB5001716)	8.94.0.0	HKLM\Software\Microsoft\Windows\CurrentVersion\Uninstall\{85C69797-7336-4E83-8D97-32A7C8465A3B}	
nvprune	12.2	HKLM\Software\Microsoft\Windows\CurrentVersion\Uninstall\{B2FE1952-0186-46C3-BAEC-A80AA35AC5B8}_nvprune_12.2	
Tooth and Tail	 	HKLM\Software\Microsoft\Windows\CurrentVersion\Uninstall\Steam App 286000	
Demo Suite	12.2	HKLM\Software\Microsoft\Windows\CurrentVersion\Uninstall\{B2FE1952-0186-46C3-BAEC-A80AA35AC5B8}_demo_suite_12.2	
Microsoft .NET Host - 6.0.11 (x64)	48.47.50420	HKLM\Software\Microsoft\Windows\CurrentVersion\Uninstall\{B92B890A-04F2-4880-BA20-20D4364FB263}	
Warhammer 40,000: Inquisitor - Prophecy	 	HKLM\Software\Microsoft\Windows\CurrentVersion\Uninstall\Steam App 1042800	
NVIDIA Grafiktreiber 536.40	536.40	HKLM\Software\Microsoft\Windows\CurrentVersion\Uninstall\{B2FE1952-0186-46C3-BAEC-A80AA35AC5B8}_Display.Driver	
Rising Lords	 	HKLM\Software\Microsoft\Windows\CurrentVersion\Uninstall\Steam App 835650	
NVIDIA Optimus Update 39.5.0.0	39.5.0.0	HKLM\Software\Microsoft\Windows\CurrentVersion\Uninstall\{B2FE1952-0186-46C3-BAEC-A80AA35AC5B8}_Display.Optimus	
Field of Glory II	 	HKLM\Software\Microsoft\Windows\CurrentVersion\Uninstall\Steam App 660160	
Gordian Quest	 	HKLM\Software\Microsoft\Windows\CurrentVersion\Uninstall\Steam App 981430	
Qualys Cloud Security Agent	5.6.0.20	HKLM\Software\Microsoft\Windows\CurrentVersion\Uninstall\{3569B211-ED94-41B4-98AF-A187235B4DBB}	
Manor Lords	 	HKLM\Software\Microsoft\Windows\CurrentVersion\Uninstall\Steam App 1363080	
Warhammer 40,000: Space Wolf	 	HKLM\Software\Microsoft\Windows\CurrentVersion\Uninstall\Steam App 553210	
Microsoft Windows Desktop Runtime - 6.0.11 (x64)	48.47.50419	HKLM\Software\Microsoft\Windows\CurrentVersion\Uninstall\{A39D4115-3A27-4245-AE92-3214B8B21932}	
NVIDIA CUDA Documentation 12.2	12.2	HKLM\Software\Microsoft\Windows\CurrentVersion\Uninstall\{B2FE1952-0186-46C3-BAEC-A80AA35AC5B8}_CUDADocument_12.2	
MariaDB 11.4 (x64)	11.4.2.0	HKLM\Software\Microsoft\Windows\CurrentVersion\Uninstall\MariaDB 11.4 (x64)	
Iratus: Lord of the Dead	 	HKLM\Software\Microsoft\Windows\CurrentVersion\Uninstall\Steam App 807120	
Element TD 2	 	HKLM\Software\Microsoft\Windows\CurrentVersion\Uninstall\Steam App 1018830	
Jagged Alliance 3	 	HKLM\Software\Microsoft\Windows\CurrentVersion\Uninstall\Steam App 1084160	
Microsoft Visual C++ 2008 Redistributable - x64 9.0.30729.6161	9.0.30729.6161	HKLM\Software\Microsoft\Windows\CurrentVersion\Uninstall\{5FCE6D76-F5DC-37AB-B2B8-22AB8CEDB1D4}	
CUSOLVER Development	12.2	HKLM\Software\Microsoft\Windows\CurrentVersion\Uninstall\{B2FE1952-0186-46C3-BAEC-A80AA35AC5B8}_cusolver_dev_12.2	
Wartales	 	HKLM\Software\Microsoft\Windows\CurrentVersion\Uninstall\Steam App 1527950	
Microsoft .NET Host FX Resolver - 6.0.11 (x64)	48.47.50420	HKLM\Software\Microsoft\Windows\CurrentVersion\Uninstall\{5E63E49B-C88C-46C5-855C-A7B07C11CDC8}	
BATTLETECH	 	HKLM\Software\Microsoft\Windows\CurrentVersion\Uninstall\Steam App 637090	
Neverwinter Nights: Enhanced Edition	 	HKLM\Software\Microsoft\Windows\CurrentVersion\Uninstall\Steam App 704450	
XAMPP	8.2.12-0	HKLM\Software\Microsoft\Windows\CurrentVersion\Uninstall\xampp	
NVRTC Runtime	12.2	HKLM\Software\Microsoft\Windows\CurrentVersion\Uninstall\{B2FE1952-0186-46C3-BAEC-A80AA35AC5B8}_nvrtc_12.2	
NVML Development	12.2	HKLM\Software\Microsoft\Windows\CurrentVersion\Uninstall\{B2FE1952-0186-46C3-BAEC-A80AA35AC5B8}_nvml_dev_12.2	
Vortex	1.2.20	HKLM\Software\Microsoft\Windows\CurrentVersion\Uninstall\57979c68-f490-55b8-8fed-8b017a5af2fe	
NVIDIA CUDA Development 12.2	12.2	HKLM\Software\Microsoft\Windows\CurrentVersion\Uninstall\{B2FE1952-0186-46C3-BAEC-A80AA35AC5B8}_CUDADevelopment_12.2	
CUBLAS Runtime	12.2	HKLM\Software\Microsoft\Windows\CurrentVersion\Uninstall\{B2FE1952-0186-46C3-BAEC-A80AA35AC5B8}_cublas_12.2	
CUDART Runtime	12.2	HKLM\Software\Microsoft\Windows\CurrentVersion\Uninstall\{B2FE1952-0186-46C3-BAEC-A80AA35AC5B8}_cudart_12.2	
Microsoft Visual C++ 2010 x64 Redistributable - 10.0.40219	10.0.40219	HKLM\Software\Microsoft\Windows\CurrentVersion\Uninstall\{1D8E6291-B0D5-35EC-8441-6616F567A0F7}	
MarZ: Tactical Base Defense	 	HKLM\Software\Microsoft\Windows\CurrentVersion\Uninstall\Steam App 682530	
Warhammer 40,000: Armageddon	 	HKLM\Software\Microsoft\Windows\CurrentVersion\Uninstall\Steam App 312370	
CPUID CPU-Z 1.94	1.94	HKLM\Software\Microsoft\Windows\CurrentVersion\Uninstall\CPUID CPU-Z_is1	
Sanctum 2	 	HKLM\Software\Microsoft\Windows\CurrentVersion\Uninstall\Steam App 210770	
NVIDIA Update Core	39.5.0.0	HKLM\Software\Microsoft\Windows\CurrentVersion\Uninstall\{B2FE1952-0186-46C3-BAEC-A80AA35AC5B8}_Update.Core	
Gloomhaven	 	HKLM\Software\Microsoft\Windows\CurrentVersion\Uninstall\Steam App 780290	
Poly Bridge 2	 	HKLM\Software\Microsoft\Windows\CurrentVersion\Uninstall\Steam App 1062160	
cuobjdump	12.2	HKLM\Software\Microsoft\Windows\CurrentVersion\Uninstall\{B2FE1952-0186-46C3-BAEC-A80AA35AC5B8}_cuobjdump_12.2	
Across the Obelisk	 	HKLM\Software\Microsoft\Windows\CurrentVersion\Uninstall\Steam App 1385380	
NPP Runtime	12.2	HKLM\Software\Microsoft\Windows\CurrentVersion\Uninstall\{B2FE1952-0186-46C3-BAEC-A80AA35AC5B8}_npp_12.2	
NVRTC Development	12.2	HKLM\Software\Microsoft\Windows\CurrentVersion\Uninstall\{B2FE1952-0186-46C3-BAEC-A80AA35AC5B8}_nvrtc_dev_12.2	
NVTX Development	12.2	HKLM\Software\Microsoft\Windows\CurrentVersion\Uninstall\{B2FE1952-0186-46C3-BAEC-A80AA35AC5B8}_nvtx_12.2	
cuxxfilt	12.2	HKLM\Software\Microsoft\Windows\CurrentVersion\Uninstall\{B2FE1952-0186-46C3-BAEC-A80AA35AC5B8}_cuxxfilt_12.2	
Microsoft Visual C++ 2012 x64 Minimum Runtime - 11.0.61030	11.0.61030	HKLM\Software\Microsoft\Windows\CurrentVersion\Uninstall\{CF2BEA3C-26EA-32F8-AA9B-331F7E34BA97}	
MariaDB 11.4 (x64)	11.4.2.0	HKLM\Software\Microsoft\Windows\CurrentVersion\Uninstall\{902CEE8B-379B-4BDC-8394-540E68BF1D7E}	
Taur	 	HKLM\Software\Microsoft\Windows\CurrentVersion\Uninstall\Steam App 1227780	
CUSPARSE Development	12.2	HKLM\Software\Microsoft\Windows\CurrentVersion\Uninstall\{B2FE1952-0186-46C3-BAEC-A80AA35AC5B8}_cusparse_dev_12.2	
Age of Wonders 4	 	HKLM\Software\Microsoft\Windows\CurrentVersion\Uninstall\Steam App 1669000	
Pathfinder: Kingmaker	 	HKLM\Software\Microsoft\Windows\CurrentVersion\Uninstall\Steam App 640820	
7-Zip 19.00 (x64)	19.00	HKLM\Software\Microsoft\Windows\CurrentVersion\Uninstall\7-Zip	
Microsoft Visual C++ 2005 Redistributable (x64)	8.0.61000	HKLM\Software\Microsoft\Windows\CurrentVersion\Uninstall\{ad8a2fa1-06e7-4b0d-927d-6e54b3d31028}	
CUBLAS Development	12.2	HKLM\Software\Microsoft\Windows\CurrentVersion\Uninstall\{B2FE1952-0186-46C3-BAEC-A80AA35AC5B8}_cublas_dev_12.2	
CURAND Runtime	12.2	HKLM\Software\Microsoft\Windows\CurrentVersion\Uninstall\{B2FE1952-0186-46C3-BAEC-A80AA35AC5B8}_curand_12.2	
NVIDIA Install Application	2.1002.399.0	HKLM\Software\Microsoft\Windows\CurrentVersion\Uninstall\{B2FE1952-0186-46C3-BAEC-A80AA35AC5B8}_installer	
Warhammer 40,000: Dawn of War II	 	HKLM\Software\Microsoft\Windows\CurrentVersion\Uninstall\Steam App 15620	
CUSPARSE Runtime	12.2	HKLM\Software\Microsoft\Windows\CurrentVersion\Uninstall\{B2FE1952-0186-46C3-BAEC-A80AA35AC5B8}_cusparse_12.2	
Warhammer 40,000: Sanctus Reach	 	HKLM\Software\Microsoft\Windows\CurrentVersion\Uninstall\Steam App 502370	
Mini Metro	 	HKLM\Software\Microsoft\Windows\CurrentVersion\Uninstall\Steam App 287980	
Honeyview	5.35	HKLM\Software\Microsoft\Windows\CurrentVersion\Uninstall\Honeyview	
Darkest Dungeon®	 	HKLM\Software\Microsoft\Windows\CurrentVersion\Uninstall\Steam App 262060	
Uplay	65.0	HKLM\Software\Wow6432Node\Microsoft\Windows\CurrentVersion\Uninstall\UPLAY	
Overwatch	 	HKLM\Software\Wow6432Node\Microsoft\Windows\CurrentVersion\Uninstall\Overwatch	
Creative Systeminformationen	1.10	HKLM\Software\Wow6432Node\Microsoft\Windows\CurrentVersion\Uninstall\SysInfo	
Microsoft Edge WebView2-Laufzeit	125.0.2535.92	HKLM\Software\Wow6432Node\Microsoft\Windows\CurrentVersion\Uninstall\Microsoft EdgeWebView	
Google Chrome	125.0.6422.176	HKLM\Software\Wow6432Node\Microsoft\Windows\CurrentVersion\Uninstall\Google Chrome	
Origin	10.5.93.46608	HKLM\Software\Wow6432Node\Microsoft\Windows\CurrentVersion\Uninstall\Origin	
Epic Online Services	2.0.28.0	HKLM\Software\Wow6432Node\Microsoft\Windows\CurrentVersion\Uninstall\{32C68D93-D32F-4B01-8250-61642BFC22F8}	
Microsoft Edge Update	1.3.187.41	HKLM\Software\Wow6432Node\Microsoft\Windows\CurrentVersion\Uninstall\Microsoft Edge Update	
Creative Software AutoUpdate	1.41	HKLM\Software\Wow6432Node\Microsoft\Windows\CurrentVersion\Uninstall\Creative Software AutoUpdate	
Creative Live! Central 3	3.01.29	HKLM\Software\Wow6432Node\Microsoft\Windows\CurrentVersion\Uninstall\Creative Live! Central 2	
Microsoft Visual C++ 2015-2022 Redistributable (x86) - 14.36.32532	14.36.32532.0	HKLM\Software\Wow6432Node\Microsoft\Windows\CurrentVersion\Uninstall\{410c0ee1-00bb-41b6-9772-e12c2828b02f}	
Microsoft Edge	126.0.2592.56	HKLM\Software\Wow6432Node\Microsoft\Windows\CurrentVersion\Uninstall\Microsoft Edge	
Microsoft Visual C++ 2010 x86 Redistributable - 10.0.40219	10.0.40219	HKLM\Software\Wow6432Node\Microsoft\Windows\CurrentVersion\Uninstall\{F0C3E5D1-1ADE-321E-8167-68EF0DE699A5}	
Microsoft Visual C++ 2012 x86 Additional Runtime - 11.0.61030	11.0.61030	HKLM\Software\Wow6432Node\Microsoft\Windows\CurrentVersion\Uninstall\{B175520C-86A2-35A7-8619-86DC379688B9}	
Microsoft Visual C++ 2013 Redistributable (x86) - 12.0.30501	12.0.30501.0	HKLM\Software\Wow6432Node\Microsoft\Windows\CurrentVersion\Uninstall\{f65db027-aff3-4070-886a-0d87064aabb1}	
Microsoft Visual C++ 2013 x86 Minimum Runtime - 12.0.21005	12.0.21005	HKLM\Software\Wow6432Node\Microsoft\Windows\CurrentVersion\Uninstall\{13A4EE12-23EA-3371-91EE-EFB36DDFFF3E}	
Microsoft Visual C++ 2008 Redistributable - x86 9.0.30729.6161	9.0.30729.6161	HKLM\Software\Wow6432Node\Microsoft\Windows\CurrentVersion\Uninstall\{9BE518E6-ECC6-35A9-88E4-87755C07200F}	
Microsoft Visual C++ 2013 x86 Additional Runtime - 12.0.21005	12.0.21005	HKLM\Software\Wow6432Node\Microsoft\Windows\CurrentVersion\Uninstall\{F8CFEB22-A2E7-3971-9EDA-4B11EDEFC185}	
TIPP10 Version 2.1.0	 	HKLM\Software\Wow6432Node\Microsoft\Windows\CurrentVersion\Uninstall\TIPP10_is1	
Audacity 2.3.3	2.3.3	HKLM\Software\Wow6432Node\Microsoft\Windows\CurrentVersion\Uninstall\Audacity_is1	
Rockstar Games Social Club	2.0.4.3	HKLM\Software\Wow6432Node\Microsoft\Windows\CurrentVersion\Uninstall\Rockstar Games Social Club	
Microsoft Visual C++ 2012 Redistributable (x86) - 11.0.61030	11.0.61030.0	HKLM\Software\Wow6432Node\Microsoft\Windows\CurrentVersion\Uninstall\{33d1fd90-4274-48a1-9bc1-97e33d9c2d6f}	
Microsoft Visual C++ 2012 x86 Minimum Runtime - 11.0.61030	11.0.61030	HKLM\Software\Wow6432Node\Microsoft\Windows\CurrentVersion\Uninstall\{BD95A8CD-1D9F-35AD-981A-3E7925026EBB}	
Microsoft Visual C++ 2008 Redistributable - x86 9.0.21022	9.0.21022	HKLM\Software\Wow6432Node\Microsoft\Windows\CurrentVersion\Uninstall\{FF66E9F6-83E7-3A3E-AF14-8DE9A809A6A4}	
Battle.net	 	HKLM\Software\Wow6432Node\Microsoft\Windows\CurrentVersion\Uninstall\Battle.net	
Epic Games Launcher	1.2.11.0	HKLM\Software\Wow6432Node\Microsoft\Windows\CurrentVersion\Uninstall\{10C99DF4-CDE1-43BD-9094-96D863A108C7}	
Minecraft Launcher	1.0.0.0	HKLM\Software\Wow6432Node\Microsoft\Windows\CurrentVersion\Uninstall\{810F1419-7760-402E-8772-B4054FAA2B72}	
PyCharm Community Edition 2023.2	232.8660.197	HKLM\Software\Wow6432Node\Microsoft\Windows\CurrentVersion\Uninstall\PyCharm Community Edition 2023.2	
Microsoft Visual C++ 2012 Redistributable (x64) - 11.0.61030	11.0.61030.0	HKLM\Software\Wow6432Node\Microsoft\Windows\CurrentVersion\Uninstall\{ca67548a-5ebe-413a-b50c-4b9ceb6d66c6}	
Microsoft Visual C++ 2022 X86 Additional Runtime - 14.36.32532	14.36.32532	HKLM\Software\Wow6432Node\Microsoft\Windows\CurrentVersion\Uninstall\{C2C59CAB-8766-4ABD-A8EF-1151A36C41E5}	
Microsoft Visual C++ 2022 X86 Minimum Runtime - 14.36.32532	14.36.32532	HKLM\Software\Wow6432Node\Microsoft\Windows\CurrentVersion\Uninstall\{73F77E4E-5A17-46E5-A5FC-8A061047725F}	
OpenAL	 	HKLM\Software\Wow6432Node\Microsoft\Windows\CurrentVersion\Uninstall\OpenAL	
Microsoft Visual C++ 2005 Redistributable	8.0.61001	HKLM\Software\Wow6432Node\Microsoft\Windows\CurrentVersion\Uninstall\{710f4c1c-cc18-4c49-8cbf-51240c89a1a2}	
Microsoft Visual C++ 2013 Redistributable (x64) - 12.0.30501	12.0.30501.0	HKLM\Software\Wow6432Node\Microsoft\Windows\CurrentVersion\Uninstall\{050d4fc8-5d48-4b8f-8972-47c82c46020f}	
Exact Audio Copy 1.5	1.5	HKLM\Software\Wow6432Node\Microsoft\Windows\CurrentVersion\Uninstall\Exact Audio Copy	
Microsoft Visual C++ 2015-2022 Redistributable (x64) - 14.36.32532	14.36.32532.0	HKLM\Software\Wow6432Node\Microsoft\Windows\CurrentVersion\Uninstall\{8bdfe669-9705-4184-9368-db9ce581e0e7}	
Launcher Prerequisites (x64)	1.0.0.0	HKLM\Software\Wow6432Node\Microsoft\Windows\CurrentVersion\Uninstall\{43a03b9c-4770-409c-a999-587b60700b63}	
Microsoft Windows Desktop Runtime - 6.0.11 (x64)	6.0.11.31823	HKLM\Software\Wow6432Node\Microsoft\Windows\CurrentVersion\Uninstall\{c4846f79-a633-4ae4-92a3-92fdbeb33da2}	
Steam	2.10.91.91	HKLM\Software\Wow6432Node\Microsoft\Windows\CurrentVersion\Uninstall\Steam	
Rockstar Games Launcher	1.0.17.199	HKLM\Software\Wow6432Node\Microsoft\Windows\CurrentVersion\Uninstall\Rockstar Games Launcher#","no",,,"Information gathering","Cloud Agent, EricsPlaygroundAgents, Test for Sven, Test for Sven.1ddfe2aa-4a79-4155-87ca-da5c1830e92d, Test for Sven.275c0cc2-422a-4fbd-afb6-35a9338bab4a, TestEric, TestEric.00b1e415-6d3e-4c23-b103-9fe0e9dcd8c3"
"192.168.178.41","Global Default Network","desktop-m0k1qp3","DESKTOP-M0K1QP3","ff089bdc-52bd-4caa-93d1-0a1c4087e863",,"QAGENT","Windows 10 Home 64 bit Edition Version 22H2","host scanned, found vuln","45519","Windows Subsystem for Linux (WSL) Installation Detected",,"Ig","1",,,,,"06/11/2024 11:39:03","06/18/2024 09:58:28","37",,,,,"HKLM\SYSTEM\CurrentControlSet\Services\lxss   exists#","no",,,"Information gathering","Cloud Agent, EricsPlaygroundAgents, Test for Sven, Test for Sven.1ddfe2aa-4a79-4155-87ca-da5c1830e92d, Test for Sven.275c0cc2-422a-4fbd-afb6-35a9338bab4a, TestEric, TestEric.00b1e415-6d3e-4c23-b103-9fe0e9dcd8c3"
"192.168.178.41","Global Default Network","desktop-m0k1qp3","DESKTOP-M0K1QP3","ff089bdc-52bd-4caa-93d1-0a1c4087e863",,"QAGENT","Windows 10 Home 64 bit Edition Version 22H2","host scanned, found vuln","45517","Windows Running Processes",,"Ig","1",,,,,"02/29/2024 19:24:52","06/18/2024 09:58:28","472",,,,,"Name	CommandLine	Caption	CreationDate	Description	ExecutablePath	ExecutionState	InstallDate	ProcessId	TerminationDate	
System Idle Process	null	System Idle Process	20240617070719.212488+120	System Idle Process	null	null	null	0	null	
fontdrvhost.exe	""fontdrvhost.exe""	fontdrvhost.exe	20240617070725.873018+120	fontdrvhost.exe	C:\WINDOWS\system32\fontdrvhost.exe	null	null	1332	null	
winlogon.exe	winlogon.exe	winlogon.exe	20240617070725.850743+120	winlogon.exe	C:\WINDOWS\system32\winlogon.exe	null	null	1280	null	
fontdrvhost.exe	""fontdrvhost.exe""	fontdrvhost.exe	20240617070725.524543+120	fontdrvhost.exe	C:\WINDOWS\system32\fontdrvhost.exe	null	null	1104	null	
lsass.exe	C:\WINDOWS\system32\lsass.exe	lsass.exe	20240617070725.389626+120	lsass.exe	C:\WINDOWS\system32\lsass.exe	null	null	716	null	
LsaIso.exe	null	LsaIso.exe	20240617070725.387814+120	LsaIso.exe	null	null	null	124	null	
services.exe	null	services.exe	20240617070725.365385+120	services.exe	null	null	null	1012	null	
csrss.exe	null	csrss.exe	20240617070725.313003+120	csrss.exe	null	null	null	948	null	
wininit.exe	null	wininit.exe	20240617070725.310568+120	wininit.exe	null	null	null	940	null	
csrss.exe	null	csrss.exe	20240617070723.728314+120	csrss.exe	null	null	null	848	null	
smss.exe	null	smss.exe	20240617070719.217984+120	smss.exe	null	null	null	616	null	
Registry	null	Registry	20240617070708.756086+120	Registry	null	null	null	180	null	
Secure System	null	Secure System	20240617070708.611761+120	Secure System	null	null	null	104	null	
System	null	System	20240617070719.212488+120	System	null	null	null	4	null	
dasHost.exe	dashost.exe {90f7892d-3bcf-4620-bc68ef3ca47d668a}	dasHost.exe	20240617070726.067509+120	dasHost.exe	C:\WINDOWS\system32\dashost.exe	null	null	2652	null	
NVDisplay.Container.exe	""C:\WINDOWS\System32\DriverStore\FileRepository\nvmdig.inf_amd64_5218d4313424e84c\Display.NvContainer\NVDisplay.Container.exe"" -f %ProgramData%\NVIDIA\DisplaySessionContainer%d.log -d C:\WINDOWS\System32\DriverStore\FileRepository\nvmdig.inf_amd64_5218d4313424e84c\Display.NvContainer\plugins\Session -r -l 3 -p 30000 -cfg NVDisplay.ContainerLocalSystem\Session -c	NVDisplay.Container.exe	20240617070726.278599+120	NVDisplay.Container.exe	C:\WINDOWS\System32\DriverStore\FileRepository\nvmdig.inf_amd64_5218d4313424e84c\Display.NvContainer\NVDisplay.Container.exe	null	null	3500	null	
Memory Compression	null	Memory Compression	20240617070726.078090+120	Memory Compression	null	null	null	2788	null	
dwm.exe	""dwm.exe""	dwm.exe	20240617070726.030025+120	dwm.exe	C:\WINDOWS\system32\dwm.exe	null	null	2280	null	
NVDisplay.Container.exe	C:\WINDOWS\System32\DriverStore\FileRepository\nvmdig.inf_amd64_5218d4313424e84c\Display.NvContainer\NVDisplay.Container.exe -s NVDisplay.ContainerLocalSystem -f C:\ProgramData\NVIDIA\NVDisplay.ContainerLocalSystem.log -l 3 -d C:\WINDOWS\System32\DriverStore\FileRepository\nvmdig.inf_amd64_5218d4313424e84c\Display.NvContainer\plugins\LocalSystem -r -p 30000 -cfg NVDisplay.ContainerLocalSystem\LocalSystem	NVDisplay.Container.exe	20240617070726.029629+120	NVDisplay.Container.exe	C:\WINDOWS\System32\DriverStore\FileRepository\nvmdig.inf_amd64_5218d4313424e84c\Display.NvContainer\NVDisplay.Container.exe	null	null	2264	null	
sihost.exe	sihost.exe	sihost.exe	20240617070727.090896+120	sihost.exe	C:\WINDOWS\system32\sihost.exe	null	null	5224	null	
pg_ctl.exe	""C:\Program Files\PostgreSQL\15\bin\pg_ctl.exe"" runservice -N ""postgresql-x64-15"" -D ""C:\Program Files\PostgreSQL\15\data"" -w	pg_ctl.exe	20240617070727.072698+120	pg_ctl.exe	C:\Program Files\PostgreSQL\15\bin\pg_ctl.exe	null	null	4308	null	
wslservice.exe	""C:\Program Files\WSL\wslservice.exe""	wslservice.exe	20240617070727.070986+120	wslservice.exe	C:\Program Files\WSL\wslservice.exe	null	null	4060	null	
MpDefenderCoreService.exe	null	MpDefenderCoreService.exe	20240617070727.070568+120	MpDefenderCoreService.exe	null	null	null	4140	null	
OriginWebHelperService.exe	""C:\Program Files (x86)\Origin\OriginWebHelperService.exe""	OriginWebHelperService.exe	20240617070727.070420+120	OriginWebHelperService.exe	C:\Program Files (x86)\Origin\OriginWebHelperService.exe	null	null	3448	null	
MsMpEng.exe	null	MsMpEng.exe	20240617070727.069203+120	MsMpEng.exe	null	null	null	5104	null	
ibtsiva.exe	C:\WINDOWS\system32\ibtsiva	ibtsiva.exe	20240617070727.065037+120	ibtsiva.exe	C:\WINDOWS\system32\ibtsiva.exe	null	null	5056	null	
dasHost.exe	dashost.exe {8105b095-0a16-4312-8d442ae816aecc3c}	dasHost.exe	20240617070726.988679+120	dasHost.exe	C:\WINDOWS\system32\dashost.exe	null	null	4704	null	
spoolsv.exe	C:\WINDOWS\System32\spoolsv.exe	spoolsv.exe	20240617070726.966589+120	spoolsv.exe	C:\WINDOWS\System32\spoolsv.exe	null	null	4604	null	
RuntimeBroker.exe	C:\Windows\System32\RuntimeBroker.exe -Embedding	RuntimeBroker.exe	20240617070728.761948+120	RuntimeBroker.exe	C:\Windows\System32\RuntimeBroker.exe	null	null	8564	null	
StartMenuExperienceHost.exe	""C:\WINDOWS\SystemApps\Microsoft.Windows.StartMenuExperienceHost_cw5n1h2txyewy\StartMenuExperienceHost.exe"" -ServerName:App.AppXywbrabmsek0gm3tkwpr5kwzbs55tkqay.mca	StartMenuExperienceHost.exe	20240617070728.588123+120	StartMenuExperienceHost.exe	C:\WINDOWS\SystemApps\Microsoft.Windows.StartMenuExperienceHost_cw5n1h2txyewy\StartMenuExperienceHost.exe	null	null	8324	null	
AggregatorHost.exe	AggregatorHost.exe	AggregatorHost.exe	20240617070728.534408+120	AggregatorHost.exe	C:\WINDOWS\System32\AggregatorHost.exe	null	null	8268	null	
dllhost.exe	C:\WINDOWS\system32\DllHost.exe /Processid:{3EB3C877-1F16-487C-9050-104DBCD66683}	dllhost.exe	20240617070727.703444+120	dllhost.exe	C:\WINDOWS\system32\DllHost.exe	null	null	7632	null	
postgres.exe	""C:/Program Files/PostgreSQL/15/bin/postgres.exe"" ""--forkbgworker=0"" ""5304""	postgres.exe	20240617070727.577177+120	postgres.exe	C:\Program Files\PostgreSQL\15\bin\postgres.exe	null	null	7388	null	
postgres.exe	""C:/Program Files/PostgreSQL/15/bin/postgres.exe"" ""--forkavlauncher"" ""5352""	postgres.exe	20240617070727.576212+120	postgres.exe	C:\Program Files\PostgreSQL\15\bin\postgres.exe	null	null	7380	null	
postgres.exe	""C:/Program Files/PostgreSQL/15/bin/postgres.exe"" ""--forkaux"" ""5320"" ""4""	postgres.exe	20240617070727.575250+120	postgres.exe	C:\Program Files\PostgreSQL\15\bin\postgres.exe	null	null	7372	null	
explorer.exe	C:\WINDOWS\Explorer.EXE	explorer.exe	20240617070727.560378+120	explorer.exe	C:\WINDOWS\Explorer.EXE	null	null	7300	null	
postgres.exe	""C:/Program Files/PostgreSQL/15/bin/postgres.exe"" ""--forkaux"" ""5344"" ""1""	postgres.exe	20240617070727.525487+120	postgres.exe	C:\Program Files\PostgreSQL\15\bin\postgres.exe	null	null	7216	null	
postgres.exe	""C:/Program Files/PostgreSQL/15/bin/postgres.exe"" ""--forkaux"" ""5340"" ""3""	postgres.exe	20240617070727.524197+120	postgres.exe	C:\Program Files\PostgreSQL\15\bin\postgres.exe	null	null	7196	null	
postgres.exe	""C:/Program Files/PostgreSQL/15/bin/postgres.exe"" ""--forklog"" ""5420"" ""5424"" ""0"" ""0""	postgres.exe	20240617070727.497835+120	postgres.exe	C:\Program Files\PostgreSQL\15\bin\postgres.exe	null	null	6308	null	
conhost.exe	\??\C:\WINDOWS\system32\conhost.exe 0x4	conhost.exe	20240617070727.221729+120	conhost.exe	C:\WINDOWS\system32\conhost.exe	null	null	6680	null	
postgres.exe	""C:\Program Files\PostgreSQL\15\bin\postgres.exe"" -D ""C:\Program Files\PostgreSQL\15\data"" 	postgres.exe	20240617070727.219777+120	postgres.exe	C:\Program Files\PostgreSQL\15\bin\postgres.exe	null	null	6660	null	
ctfmon.exe	""ctfmon.exe""	ctfmon.exe	20240617070727.216634+120	ctfmon.exe	C:\WINDOWS\system32\ctfmon.exe	null	null	6648	null	
SearchIndexer.exe	C:\WINDOWS\system32\SearchIndexer.exe /Embedding	SearchIndexer.exe	20240617070727.198652+120	SearchIndexer.exe	C:\WINDOWS\system32\SearchIndexer.exe	null	null	6400	null	
taskhostw.exe	taskhostw.exe {222A245B-E637-4AE9-A93F-A59CA119A75E}	taskhostw.exe	20240617070727.154958+120	taskhostw.exe	C:\WINDOWS\system32\taskhostw.exe	null	null	4256	null	
conhost.exe	\??\C:\WINDOWS\system32\conhost.exe 0x4	conhost.exe	20240617070727.135892+120	conhost.exe	C:\WINDOWS\system32\conhost.exe	null	null	5840	null	
wlanext.exe	C:\WINDOWS\system32\WLANExt.exe 1311261919392	wlanext.exe	20240617070727.133223+120	wlanext.exe	C:\WINDOWS\system32\WLANExt.exe	null	null	5820	null	
mysqld.exe	""C:\Program Files\MariaDB 11.4\bin\mysqld.exe"" ""--defaults-file=C:\Program Files\MariaDB 11.4\data\my.ini"" ""MariaDB""	mysqld.exe	20240617070727.104011+120	mysqld.exe	C:\Program Files\MariaDB 11.4\bin\mysqld.exe	null	null	5356	null	
SecurityHealthService.exe	null	SecurityHealthService.exe	20240617070739.486133+120	SecurityHealthService.exe	null	null	null	10408	null	
ollama.exe	C:\Users\big10\AppData\Local\Programs\Ollama\ollama.exe serve	ollama.exe	20240617070754.412064+120	ollama.exe	C:\Users\big10\AppData\Local\Programs\Ollama\ollama.exe	null	null	14476	null	
ollama app.exe	""C:\Users\big10\AppData\Local\Programs\Ollama\ollama app.exe"" 	ollama app.exe	20240617070754.277725+120	ollama app.exe	C:\Users\big10\AppData\Local\Programs\Ollama\ollama app.exe	null	null	14412	null	
steamwebhelper.exe	""C:\Program Files (x86)\Steam\bin\cef\cef.win7x64\steamwebhelper.exe"" --type=renderer --user-agent-product=""Valve Steam Client"" --user-data-dir=""C:\Users\big10\AppData\Local\Steam\cefdata"" --buildid=1718305227 --steamid=0 --valve-initial-threadpool-size=4 --first-renderer-process --log-file=""C:\Program Files (x86)\Steam\logs\cef_log.txt"" --lang=de --device-scale-factor=2 --num-raster-threads=4 --enable-main-frame-before-activation --renderer-client-id=5 --time-ticks-at-unix-epoch=-1718600828309989 --launch-time-ticks=44910204 --mojo-platform-channel-handle=3060 --field-trial-handle=1780,i,2175107487657642796,10619262850063302130,131072 --disable-features=BackForwardCache,DcheckIsFatal,SpareRendererForSitePerProcess,WinUseBrowserSpellChecker /prefetch:1	steamwebhelper.exe	20240617070753.222317+120	steamwebhelper.exe	C:\Program Files (x86)\Steam\bin\cef\cef.win7x64\steamwebhelper.exe	null	null	14284	null	
steamwebhelper.exe	""C:\Program Files (x86)\Steam\bin\cef\cef.win7x64\steamwebhelper.exe"" --type=utility --utility-sub-type=storage.mojom.StorageService --lang=de --service-sandbox-type=service --user-agent-product=""Valve Steam Client"" --lang=de-DE --user-data-dir=""C:\Users\big10\AppData\Local\Steam\cefdata"" --buildid=1718305227 --steamid=0 --valve-initial-threadpool-size=4 --log-file=""C:\Program Files (x86)\Steam\logs\cef_log.txt"" --mojo-platform-channel-handle=2584 --field-trial-handle=1780,i,2175107487657642796,10619262850063302130,131072 --disable-features=BackForwardCache,DcheckIsFatal,SpareRendererForSitePerProcess,WinUseBrowserSpellChecker /prefetch:8	steamwebhelper.exe	20240617070753.178541+120	steamwebhelper.exe	C:\Program Files (x86)\Steam\bin\cef\cef.win7x64\steamwebhelper.exe	null	null	14248	null	
steamwebhelper.exe	""C:\Program Files (x86)\Steam\bin\cef\cef.win7x64\steamwebhelper.exe"" --type=utility --utility-sub-type=network.mojom.NetworkService --lang=de --service-sandbox-type=none --user-agent-product=""Valve Steam Client"" --lang=de-DE --user-data-dir=""C:\Users\big10\AppData\Local\Steam\cefdata"" --buildid=1718305227 --steamid=0 --valve-initial-threadpool-size=4 --log-file=""C:\Program Files (x86)\Steam\logs\cef_log.txt"" --mojo-platform-channel-handle=2204 --field-trial-handle=1780,i,2175107487657642796,10619262850063302130,131072 --disable-features=BackForwardCache,DcheckIsFatal,SpareRendererForSitePerProcess,WinUseBrowserSpellChecker /prefetch:8	steamwebhelper.exe	20240617070750.947924+120	steamwebhelper.exe	C:\Program Files (x86)\Steam\bin\cef\cef.win7x64\steamwebhelper.exe	null	null	9408	null	
EpicWebHelper.exe	""C:/Program Files (x86)/Epic Games/Launcher/Engine/Binaries/Win64/EpicWebHelper.exe"" --type=utility --utility-sub-type=network.mojom.NetworkService --field-trial-handle=2948,4726656646808586190,9199728890486042862,131072 --disable-features=CalculateNativeWinOcclusion --lang=de --service-sandbox-type=none --no-sandbox --locales-dir-path=""C:/Program Files (x86)/Epic Games/Launcher/Engine/Binaries/ThirdParty/CEF3/Win64/Resources/locales"" --log-file=C:/Users/big10/AppData/Local/EpicGamesLauncher/Saved/Logs/cef3.log --log-severity=warning --resources-dir-path=""C:/Program Files (x86)/Epic Games/Launcher/Engine/Binaries/ThirdParty/CEF3/Win64/Resources"" --user-agent-product=""EpicGamesLauncher/16.7.1-34305288+++Portal+Release-Live UnrealEngine/4.27.0-34305288+++Portal+Release-Live Chrome/90.0.4430.212"" --lang=de --log-file=C:/Users/big10/AppData/Local/EpicGamesLauncher/Saved/Logs/cef3.log --mojo-platform-channel-handle=6308 /prefetch:8	EpicWebHelper.exe	20240617070750.848539+120	EpicWebHelper.exe	C:\Program Files (x86)\Epic Games\Launcher\Engine\Binaries\Win64\EpicWebHelper.exe	null	null	9976	null	
steamwebhelper.exe	""C:\Program Files (x86)\Steam\bin\cef\cef.win7x64\steamwebhelper.exe"" --type=gpu-process --user-agent-product=""Valve Steam Client"" --lang=de-DE --user-data-dir=""C:\Users\big10\AppData\Local\Steam\cefdata"" --buildid=1718305227 --steamid=0 --valve-initial-threadpool-size=4 --gpu-preferences=UAAAAAAAAADgAAAYAAAAAAAAAAAAAAAAAABgAAAAAAAwAAAAAAAAAAAAAAAQAAAAAAAAAAAAAAAAAAAAAAAAAEgAAAAAAAAASAAAAAAAAAAYAAAAAgAAABAAAAAAAAAAGAAAAAAAAAAQAAAAAAAAAAAAAAAOAAAAEAAAAAAAAAABAAAADgAAAAgAAAAAAAAACAAAAAAAAAA= --log-file=""C:\Program Files (x86)\Steam\logs\cef_log.txt"" --mojo-platform-channel-handle=1740 --field-trial-handle=1780,i,2175107487657642796,10619262850063302130,131072 --disable-features=BackForwardCache,DcheckIsFatal,SpareRendererForSitePerProcess,WinUseBrowserSpellChecker /prefetch:2	steamwebhelper.exe	20240617070750.689366+120	steamwebhelper.exe	C:\Program Files (x86)\Steam\bin\cef\cef.win7x64\steamwebhelper.exe	null	null	9728	null	
SteamService.exe	""C:\Program Files (x86)\Common Files\Steam\SteamService.exe"" /RunAsService	SteamService.exe	20240617070750.679532+120	SteamService.exe	C:\Program Files (x86)\Common Files\Steam\SteamService.exe	null	null	7028	null	
steamwebhelper.exe	""C:\Program Files (x86)\Steam\bin\cef\cef.win7x64\steamwebhelper.exe"" --type=crashpad-handler /prefetch:7 --max-uploads=5 --max-db-size=20 --max-db-age=5 --monitor-self-annotation=ptype=crashpad-handler ""--database=C:\Program Files (x86)\Steam\dumps"" ""--metrics-dir=C:\Users\big10\AppData\Local\CEF\User Data"" --url=https://crash.steampowered.com/submit --annotation=platform=win64 --annotation=product=cefwebhelper --annotation=version=1718305227 --initial-client-data=0x39c,0x3a0,0x3a4,0x378,0x3a8,0x7ffab87aee38,0x7ffab87aee48,0x7ffab87aee58	steamwebhelper.exe	20240617070750.577503+120	steamwebhelper.exe	C:\Program Files (x86)\Steam\bin\cef\cef.win7x64\steamwebhelper.exe	null	null	1620	null	
steamwebhelper.exe	""C:\Program Files (x86)\Steam\bin\cef\cef.win7x64\steamwebhelper.exe"" ""-lang=en_US"" ""-cachedir=C:\Users\big10\AppData\Local\Steam\htmlcache"" ""-steampid=12552"" ""-buildid=1718305227"" ""-steamid=0"" ""-logdir=C:\Program Files (x86)\Steam\logs"" ""-uimode=7"" ""-startcount=0"" ""-userdatadir=C:\Users\big10\AppData\Local\Steam\cefdata"" ""-steamuniverse=Public"" ""-realm=Global"" ""-clientui=C:\Program Files (x86)\Steam\clientui"" ""-steampath=C:\Program Files (x86)\Steam\steam.exe"" ""-launcher=0"" ""--valve-initial-threadpool-size=4"" --valve-enable-site-isolation --enable-smooth-scrolling --enable-direct-write ""--log-file=C:\Program Files (x86)\Steam\logs\cef_log.txt"" --disable-quick-menu ""--disable-features=SpareRendererForSitePerProcess,DcheckIsFatal""	steamwebhelper.exe	20240617070749.820285+120	steamwebhelper.exe	C:\Program Files (x86)\Steam\bin\cef\cef.win7x64\steamwebhelper.exe	null	null	13112	null	
EpicWebHelper.exe	""C:/Program Files (x86)/Epic Games/Launcher/Engine/Binaries/Win64/EpicWebHelper.exe"" --type=gpu-process --field-trial-handle=2948,4726656646808586190,9199728890486042862,131072 --disable-features=CalculateNativeWinOcclusion --no-sandbox --locales-dir-path=""C:/Program Files (x86)/Epic Games/Launcher/Engine/Binaries/ThirdParty/CEF3/Win64/Resources/locales"" --log-file=C:/Users/big10/AppData/Local/EpicGamesLauncher/Saved/Logs/cef3.log --log-severity=warning --resources-dir-path=""C:/Program Files (x86)/Epic Games/Launcher/Engine/Binaries/ThirdParty/CEF3/Win64/Resources"" --user-agent-product=""EpicGamesLauncher/16.7.1-34305288+++Portal+Release-Live UnrealEngine/4.27.0-34305288+++Portal+Release-Live Chrome/90.0.4430.212"" --lang=de --gpu-preferences=SAAAAAAAAADgACAwAAAAAAAAAAAAAAAAAABgAAAAAAAoAAAAAAAAAAAAAAAAAAAAAAAAAAAAAAB4AAAAAAAAAHgAAAAAAAAAKAAAAAQAAAAgAAAAAAAAACgAAAAAAAAAMAAAAAAAAAA4AAAAAAAAABAAAAAAAAAAAAAAAAUAAAAQAAAAAAAAAAAAAAAGAAAAEAAAAAAAAAABAAAABQAAABAAAAAAAAAAAQAAAAYAAAAIAAAAAAAAAAgAAAAAAAAA --log-file=C:/Users/big10/AppData/Local/EpicGamesLauncher/Saved/Logs/cef3.log --mojo-platform-channel-handle=2916 /prefetch:2	EpicWebHelper.exe	20240617070749.456009+120	EpicWebHelper.exe	C:\Program Files (x86)\Epic Games\Launcher\Engine\Binaries\Win64\EpicWebHelper.exe	null	null	12944	null	
EpicGamesLauncher.exe	""C:\Program Files (x86)\Epic Games\Launcher\Portal\Binaries\Win64\EpicGamesLauncher.exe"" -silent -launchcontext=boot	EpicGamesLauncher.exe	20240617070748.804812+120	EpicGamesLauncher.exe	C:\Program Files (x86)\Epic Games\Launcher\Portal\Binaries\Win64\EpicGamesLauncher.exe	null	null	12576	null	
steam.exe	""C:\Program Files (x86)\Steam\steam.exe"" -silent	steam.exe	20240617070748.774284+120	steam.exe	C:\Program Files (x86)\Steam\steam.exe	null	null	12552	null	
OneDrive.exe	""C:\Users\big10\AppData\Local\Microsoft\OneDrive\OneDrive.exe"" /background	OneDrive.exe	20240617070740.018265+120	OneDrive.exe	C:\Users\big10\AppData\Local\Microsoft\OneDrive\OneDrive.exe	null	null	11400	null	
SecurityHealthSystray.exe	""C:\Windows\System32\SecurityHealthSystray.exe"" 	SecurityHealthSystray.exe	20240617070739.458941+120	SecurityHealthSystray.exe	C:\Windows\System32\SecurityHealthSystray.exe	null	null	10988	null	
TextInputHost.exe	""C:\WINDOWS\SystemApps\MicrosoftWindows.Client.CBS_cw5n1h2txyewy\TextInputHost.exe"" -ServerName:InputApp.AppXk0k6mrh4r2q0ct33a9wgbez0x7v9cz5y.mca	TextInputHost.exe	20240617070738.443547+120	TextInputHost.exe	C:\WINDOWS\SystemApps\MicrosoftWindows.Client.CBS_cw5n1h2txyewy\TextInputHost.exe	null	null	12116	null	
dllhost.exe	C:\WINDOWS\system32\DllHost.exe /Processid:{973D20D7-562D-44B9-B70B-5A0F49CCDF3F}	dllhost.exe	20240617070735.109305+120	dllhost.exe	C:\WINDOWS\system32\DllHost.exe	null	null	11460	null	
NisSrv.exe	null	NisSrv.exe	20240617070733.296371+120	NisSrv.exe	null	null	null	8900	null	
RuntimeBroker.exe	C:\Windows\System32\RuntimeBroker.exe -Embedding	RuntimeBroker.exe	20240617070729.968318+120	RuntimeBroker.exe	C:\Windows\System32\RuntimeBroker.exe	null	null	10304	null	
RuntimeBroker.exe	C:\Windows\System32\RuntimeBroker.exe -Embedding	RuntimeBroker.exe	20240617070729.641178+120	RuntimeBroker.exe	C:\Windows\System32\RuntimeBroker.exe	null	null	9748	null	
LockApp.exe	""C:\WINDOWS\SystemApps\Microsoft.LockApp_cw5n1h2txyewy\LockApp.exe"" -ServerName:WindowsDefaultLockScreen.AppX7y4nbzq37zn4ks9k7amqjywdat7d3j2z.mca	LockApp.exe	20240617070729.439909+120	LockApp.exe	C:\WINDOWS\SystemApps\Microsoft.LockApp_cw5n1h2txyewy\LockApp.exe	null	null	9560	null	
RuntimeBroker.exe	C:\Windows\System32\RuntimeBroker.exe -Embedding	RuntimeBroker.exe	20240617070729.015193+120	RuntimeBroker.exe	C:\Windows\System32\RuntimeBroker.exe	null	null	8860	null	
SearchApp.exe	""C:\WINDOWS\SystemApps\Microsoft.Windows.Search_cw5n1h2txyewy\SearchApp.exe"" -ServerName:CortanaUI.AppX8z9r6jm96hw4bsbneegw0kyxx296wr9t.mca	SearchApp.exe	20240617070728.922844+120	SearchApp.exe	C:\WINDOWS\SystemApps\Microsoft.Windows.Search_cw5n1h2txyewy\SearchApp.exe	null	null	8700	null	
msedgewebview2.exe	""C:\Program Files (x86)\Microsoft\EdgeWebView\Application\125.0.2535.92\msedgewebview2.exe"" --type=utility --utility-sub-type=network.mojom.NetworkService --lang=de --service-sandbox-type=none --noerrdialogs --user-data-dir=""C:\Users\big10\AppData\Local\Packages\Microsoft.Windows.Search_cw5n1h2txyewy\LocalState\EBWebView"" --webview-exe-name=SearchApp.exe --webview-exe-version=10.0.19041.4474 --embedded-browser-webview=1 --field-trial-handle=2156,i,12909133861533459676,15842313942795998906,262144 --enable-features=MojoIpcz,msEmbeddedBrowserVisualHosting --variations-seed-version --mojo-platform-channel-handle=2168 /prefetch:3	msedgewebview2.exe	20240617070929.826822+120	msedgewebview2.exe	C:\Program Files (x86)\Microsoft\EdgeWebView\Application\125.0.2535.92\msedgewebview2.exe	null	null	15028	null	
msedgewebview2.exe	""C:\Program Files (x86)\Microsoft\EdgeWebView\Application\125.0.2535.92\msedgewebview2.exe"" --type=gpu-process --noerrdialogs --user-data-dir=""C:\Users\big10\AppData\Local\Packages\Microsoft.Windows.Search_cw5n1h2txyewy\LocalState\EBWebView"" --webview-exe-name=SearchApp.exe --webview-exe-version=10.0.19041.4474 --embedded-browser-webview=1 --gpu-preferences=WAAAAAAAAADgAAAMAAAAAAAAAAAAAAAAAABgAAEAAAA4AAAAAAAAAAAAAAAEAAAAAAAAAAAAAAAAAAAAAAAAAAAAAAAAAAAAGAAAAAAAAAAYAAAAAAAAAAgAAAAAAAAACAAAAAAAAAAIAAAAAAAAAA== --field-trial-handle=1864,i,12909133861533459676,15842313942795998906,262144 --enable-features=MojoIpcz,msEmbeddedBrowserVisualHosting --variations-seed-version --mojo-platform-channel-handle=1852 /prefetch:2	msedgewebview2.exe	20240617070929.809553+120	msedgewebview2.exe	C:\Program Files (x86)\Microsoft\EdgeWebView\Application\125.0.2535.92\msedgewebview2.exe	null	null	16536	null	
msedgewebview2.exe	""C:\Program Files (x86)\Microsoft\EdgeWebView\Application\125.0.2535.92\msedgewebview2.exe"" --type=crashpad-handler --user-data-dir=C:\Users\big10\AppData\Local\Packages\Microsoft.Windows.Search_cw5n1h2txyewy\LocalState\EBWebView /prefetch:4 --monitor-self-annotation=ptype=crashpad-handler --database=C:\Users\big10\AppData\Local\Packages\Microsoft.Windows.Search_cw5n1h2txyewy\LocalState\EBWebView\Crashpad --annotation=IsOfficialBuild=1 --annotation=channel= --annotation=chromium-version=125.0.6422.142 ""--annotation=exe=C:\Program Files (x86)\Microsoft\EdgeWebView\Application\125.0.2535.92\msedgewebview2.exe"" --annotation=plat=Win64 ""--annotation=prod=Edge WebView2"" --annotation=ver=125.0.2535.92 --initial-client-data=0x170,0x174,0x178,0x14c,0x180,0x7ffa89474ef8,0x7ffa89474f04,0x7ffa89474f10	msedgewebview2.exe	20240617070929.605552+120	msedgewebview2.exe	C:\Program Files (x86)\Microsoft\EdgeWebView\Application\125.0.2535.92\msedgewebview2.exe	null	null	17268	null	
msedgewebview2.exe	""C:\Program Files (x86)\Microsoft\EdgeWebView\Application\125.0.2535.92\msedgewebview2.exe"" --embedded-browser-webview=1 --webview-exe-name=SearchApp.exe --webview-exe-version=10.0.19041.4474 --user-data-dir=""C:\Users\big10\AppData\Local\Packages\Microsoft.Windows.Search_cw5n1h2txyewy\LocalState\EBWebView"" --noerrdialogs --enable-features=MojoIpcz,msEmbeddedBrowserVisualHosting --lang=de-DE --mojo-named-platform-channel-pipe=17020.17184.6606008890117356560	msedgewebview2.exe	20240617070929.573200+120	msedgewebview2.exe	C:\Program Files (x86)\Microsoft\EdgeWebView\Application\125.0.2535.92\msedgewebview2.exe	null	null	17204	null	
SearchApp.exe	""C:\WINDOWS\SystemApps\Microsoft.Windows.Search_cw5n1h2txyewy\SearchApp.exe"" -ServerName:ShellFeedsUI.AppX88fpyyrd21w8wqe62wzsjh5agex7tf1e.mca	SearchApp.exe	20240617070929.370372+120	SearchApp.exe	C:\WINDOWS\SystemApps\Microsoft.Windows.Search_cw5n1h2txyewy\SearchApp.exe	null	null	17020	null	
UserOOBEBroker.exe	C:\Windows\System32\oobe\UserOOBEBroker.exe -Embedding	UserOOBEBroker.exe	20240617070919.126592+120	UserOOBEBroker.exe	C:\Windows\System32\oobe\UserOOBEBroker.exe	null	null	16360	null	
SystemSettings.exe	""C:\Windows\ImmersiveControlPanel\SystemSettings.exe"" -ServerName:microsoft.windows.immersivecontrolpanel	SystemSettings.exe	20240617070918.838425+120	SystemSettings.exe	C:\Windows\ImmersiveControlPanel\SystemSettings.exe	null	null	16112	null	
RuntimeBroker.exe	C:\Windows\System32\RuntimeBroker.exe -Embedding	RuntimeBroker.exe	20240617070908.687697+120	RuntimeBroker.exe	C:\Windows\System32\RuntimeBroker.exe	null	null	12456	null	
Microsoft.Media.Player.exe	""C:\Program Files\WindowsApps\Microsoft.ZuneMusic_11.2405.8.0_x64__8wekyb3d8bbwe\Microsoft.Media.Player.exe"" -ServerName:Microsoft.ZuneMusic.AppXr954g6gg1tvs748d5g67zt981dvpmnr6.mca	Microsoft.Media.Player.exe	20240617070908.378649+120	Microsoft.Media.Player.exe	C:\Program Files\WindowsApps\Microsoft.ZuneMusic_11.2405.8.0_x64__8wekyb3d8bbwe\Microsoft.Media.Player.exe	null	null	5584	null	
ApplicationFrameHost.exe	C:\WINDOWS\system32\ApplicationFrameHost.exe -Embedding	ApplicationFrameHost.exe	20240617070908.373578+120	ApplicationFrameHost.exe	C:\WINDOWS\system32\ApplicationFrameHost.exe	null	null	15056	null	
firefox.exe	""C:\Program Files\Mozilla Firefox\firefox.exe"" -contentproc --channel=7716 -childID 6 -isForBrowser -prefsHandle 7740 -prefMapHandle 6428 -prefsLen 51441 -prefMapSize 268974 -jsInitHandle 1500 -jsInitLen 234488 -parentBuildID 20240606181944 -win32kLockedDown -appDir ""C:\Program Files\Mozilla Firefox\browser"" - {37b4fbed-d951-4be7-9ae6-71fd142faaca} 8580 ""\\.\pipe\gecko-crash-server-pipe.8580"" tab	firefox.exe	20240617070854.298583+120	firefox.exe	C:\Program Files\Mozilla Firefox\firefox.exe	null	null	3708	null	
firefox.exe	""C:\Program Files\Mozilla Firefox\firefox.exe"" -contentproc --channel=6800 -parentBuildID 20240606181944 -sandboxingKind 1 -prefsHandle 6940 -prefMapHandle 6316 -prefsLen 51441 -prefMapSize 268974 -win32kLockedDown -appDir ""C:\Program Files\Mozilla Firefox\browser"" - {8342ef6a-6111-4b32-b803-99200c914ab4} 8580 ""\\.\pipe\gecko-crash-server-pipe.8580"" utility	firefox.exe	20240617070851.323167+120	firefox.exe	C:\Program Files\Mozilla Firefox\firefox.exe	null	null	14828	null	
firefox.exe	""C:\Program Files\Mozilla Firefox\firefox.exe"" -contentproc --channel=7068 -parentBuildID 20240606181944 -prefsHandle 7080 -prefMapHandle 6188 -prefsLen 51441 -prefMapSize 268974 -appDir ""C:\Program Files\Mozilla Firefox\browser"" - {0bbd9226-92b6-4270-8c13-7b1e23a57ab3} 8580 ""\\.\pipe\gecko-crash-server-pipe.8580"" rdd	firefox.exe	20240617070851.319310+120	firefox.exe	C:\Program Files\Mozilla Firefox\firefox.exe	null	null	14224	null	
firefox.exe	""C:\Program Files\Mozilla Firefox\firefox.exe"" -contentproc --channel=5988 -parentBuildID 20240606181944 -sandboxingKind 0 -prefsHandle 5960 -prefMapHandle 5956 -prefsLen 50521 -prefMapSize 268974 -win32kLockedDown -appDir ""C:\Program Files\Mozilla Firefox\browser"" - {b3d42515-ce39-4754-8862-7b1ef4fba4aa} 8580 ""\\.\pipe\gecko-crash-server-pipe.8580"" utility	firefox.exe	20240617070844.007770+120	firefox.exe	C:\Program Files\Mozilla Firefox\firefox.exe	null	null	3628	null	
firefox.exe	""C:\Program Files\Mozilla Firefox\firefox.exe"" -contentproc --channel=3796 -childID 3 -isForBrowser -prefsHandle 3928 -prefMapHandle 3924 -prefsLen 30560 -prefMapSize 268974 -jsInitHandle 1500 -jsInitLen 234488 -parentBuildID 20240606181944 -win32kLockedDown -appDir ""C:\Program Files\Mozilla Firefox\browser"" - {e37035d3-bd55-46a2-a613-145d7cddf0aa} 8580 ""\\.\pipe\gecko-crash-server-pipe.8580"" tab	firefox.exe	20240617070842.816669+120	firefox.exe	C:\Program Files\Mozilla Firefox\firefox.exe	null	null	11504	null	
firefox.exe	""C:\Program Files\Mozilla Firefox\firefox.exe"" -contentproc --channel=3652 -childID 2 -isForBrowser -prefsHandle 2992 -prefMapHandle 3388 -prefsLen 44844 -prefMapSize 268974 -jsInitHandle 1500 -jsInitLen 234488 -parentBuildID 20240606181944 -win32kLockedDown -appDir ""C:\Program Files\Mozilla Firefox\browser"" - {5cba920d-449f-41fc-9c96-c79455b6c6ae} 8580 ""\\.\pipe\gecko-crash-server-pipe.8580"" tab	firefox.exe	20240617070842.743239+120	firefox.exe	C:\Program Files\Mozilla Firefox\firefox.exe	null	null	10060	null	
firefox.exe	""C:\Program Files\Mozilla Firefox\firefox.exe"" -contentproc --channel=2380 -parentBuildID 20240606181944 -prefsHandle 2372 -prefMapHandle 2368 -prefsLen 43850 -prefMapSize 268974 -win32kLockedDown -appDir ""C:\Program Files\Mozilla Firefox\browser"" - {5b825a04-91f7-4d48-9c0f-9613b92798bd} 8580 ""\\.\pipe\gecko-crash-server-pipe.8580"" socket	firefox.exe	20240617070842.141128+120	firefox.exe	C:\Program Files\Mozilla Firefox\firefox.exe	null	null	6936	null	
firefox.exe	""C:\Program Files\Mozilla Firefox\firefox.exe"" -contentproc --channel=1508 -parentBuildID 20240606181944 -prefsHandle 1940 -prefMapHandle 1932 -prefsLen 43850 -prefMapSize 268974 -appDir ""C:\Program Files\Mozilla Firefox\browser"" - {68c47415-9957-4713-9db9-f968a1edfdf4} 8580 ""\\.\pipe\gecko-crash-server-pipe.8580"" gpu	firefox.exe	20240617070842.121946+120	firefox.exe	C:\Program Files\Mozilla Firefox\firefox.exe	null	null	6128	null	
firefox.exe	""C:\Program Files\Mozilla Firefox\firefox.exe""	firefox.exe	20240617070841.969496+120	firefox.exe	C:\Program Files\Mozilla Firefox\firefox.exe	null	null	8580	null	
Taskmgr.exe	""C:\WINDOWS\System32\Taskmgr.exe"" /3	Taskmgr.exe	20240617070828.023395+120	Taskmgr.exe	C:\WINDOWS\System32\Taskmgr.exe	null	null	9832	null	
RuntimeBroker.exe	C:\Windows\System32\RuntimeBroker.exe -Embedding	RuntimeBroker.exe	20240617070758.490438+120	RuntimeBroker.exe	C:\Windows\System32\RuntimeBroker.exe	null	null	14372	null	
ShellExperienceHost.exe	""C:\WINDOWS\SystemApps\ShellExperienceHost_cw5n1h2txyewy\ShellExperienceHost.exe"" -ServerName:App.AppXtk181tbxbce2qsex02s8tw7hfxa9xb3t.mca	ShellExperienceHost.exe	20240617070758.248904+120	ShellExperienceHost.exe	C:\WINDOWS\SystemApps\ShellExperienceHost_cw5n1h2txyewy\ShellExperienceHost.exe	null	null	15180	null	
CTLVCentral3.exe	""C:\Program Files (x86)\Creative\Creative Live! Cam\Live! Central 3\CTLVCentral3.exe"" /mode2	CTLVCentral3.exe	20240617070754.491180+120	CTLVCentral3.exe	C:\Program Files (x86)\Creative\Creative Live! Cam\Live! Central 3\CTLVCentral3.exe	null	null	14552	null	
conhost.exe	\??\C:\WINDOWS\system32\conhost.exe 0x4	conhost.exe	20240617070754.415452+120	conhost.exe	C:\WINDOWS\system32\conhost.exe	null	null	14488	null	
firefox.exe	""C:\Program Files\Mozilla Firefox\firefox.exe"" -contentproc --channel=4108 -childID 10 -isForBrowser -prefsHandle 6080 -prefMapHandle 5068 -prefsLen 36283 -prefMapSize 268974 -jsInitHandle 1500 -jsInitLen 234488 -parentBuildID 20240606181944 -win32kLockedDown -appDir ""C:\Program Files\Mozilla Firefox\browser"" - {2c002000-cae9-402a-b829-8e8491760218} 8580 ""\\.\pipe\gecko-crash-server-pipe.8580"" tab	firefox.exe	20240617070952.824122+120	firefox.exe	C:\Program Files\Mozilla Firefox\firefox.exe	null	null	18504	null	
chrome.exe	""C:\Program Files\Google\Chrome\Application\chrome.exe"" --type=renderer --video-capture-use-gpu-memory-buffer --lang=de --device-scale-factor=2 --num-raster-threads=4 --enable-main-frame-before-activation --renderer-client-id=42 --time-ticks-at-unix-epoch=-1718600828309943 --launch-time-ticks=196434617 --field-trial-handle=10548,i,1444865439494944057,1506785806380702490,262144 --variations-seed-version=20240614-130101.053000 --mojo-platform-channel-handle=10812 /prefetch:1	chrome.exe	20240617071024.746235+120	chrome.exe	C:\Program Files\Google\Chrome\Application\chrome.exe	null	null	16300	null	
chrome.exe	""C:\Program Files\Google\Chrome\Application\chrome.exe"" --type=renderer --video-capture-use-gpu-memory-buffer --lang=de --device-scale-factor=2 --num-raster-threads=4 --enable-main-frame-before-activation --renderer-client-id=41 --time-ticks-at-unix-epoch=-1718600828309943 --launch-time-ticks=196013623 --field-trial-handle=10596,i,1444865439494944057,1506785806380702490,262144 --variations-seed-version=20240614-130101.053000 --mojo-platform-channel-handle=10480 /prefetch:1	chrome.exe	20240617071024.325147+120	chrome.exe	C:\Program Files\Google\Chrome\Ap#","no",,,"Information gathering","Cloud Agent, EricsPlaygroundAgents, Test for Sven, Test for Sven.1ddfe2aa-4a79-4155-87ca-da5c1830e92d, Test for Sven.275c0cc2-422a-4fbd-afb6-35a9338bab4a, TestEric, TestEric.00b1e415-6d3e-4c23-b103-9fe0e9dcd8c3"
"192.168.178.41","Global Default Network","desktop-m0k1qp3","DESKTOP-M0K1QP3","ff089bdc-52bd-4caa-93d1-0a1c4087e863",,"QAGENT","Windows 10 Home 64 bit Edition Version 22H2","host scanned, found vuln","45506","Local Firewall Status on Windows Detected",,"Ig","1",,,,,"02/29/2024 19:24:52","06/18/2024 09:58:28","472",,,,,"HKLM\SYSTEM\CurrentControlSet\Services\SharedAccess\Parameters\FirewallPolicy\DomainProfile	EnableFirewall	=	1	
Local Windows Firewall for Domain Profile is Enabled	
HKLM\SYSTEM\CurrentControlSet\Services\SharedAccess\Parameters\FirewallPolicy\PublicProfile	EnableFirewall	=	1	
Local Windows Firewall for Public Profile is Enabled	
HKLM\SYSTEM\CurrentControlSet\Services\SharedAccess\Parameters\FirewallPolicy\StandardProfile	EnableFirewall	=	1	
Local Windows Firewall for Standard Profile is Enabled#","no",,,"Information gathering","Cloud Agent, EricsPlaygroundAgents, Test for Sven, Test for Sven.1ddfe2aa-4a79-4155-87ca-da5c1830e92d, Test for Sven.275c0cc2-422a-4fbd-afb6-35a9338bab4a, TestEric, TestEric.00b1e415-6d3e-4c23-b103-9fe0e9dcd8c3"
"192.168.178.41","Global Default Network","desktop-m0k1qp3","DESKTOP-M0K1QP3","ff089bdc-52bd-4caa-93d1-0a1c4087e863",,"QAGENT","Windows 10 Home 64 bit Edition Version 22H2","host scanned, found vuln","45501","System Architecture Information for Windows and Unix Platform Detected",,"Ig","1",,,,,"02/29/2024 19:24:52","06/18/2024 09:58:28","472",,,,,"HKLM\SYSTEM\CurrentControlSet\Control\Session Manager\Environment PROCESSOR_ARCHITECTURE = AMD64#","no",,,"Information gathering","Cloud Agent, EricsPlaygroundAgents, Test for Sven, Test for Sven.1ddfe2aa-4a79-4155-87ca-da5c1830e92d, Test for Sven.275c0cc2-422a-4fbd-afb6-35a9338bab4a, TestEric, TestEric.00b1e415-6d3e-4c23-b103-9fe0e9dcd8c3"
"192.168.178.41","Global Default Network","desktop-m0k1qp3","DESKTOP-M0K1QP3","ff089bdc-52bd-4caa-93d1-0a1c4087e863",,"QAGENT","Windows 10 Home 64 bit Edition Version 22H2","host scanned, found vuln","45498","Microsoft Windows Print Spooler Service is running",,"Ig","1",,,,,"02/29/2024 19:24:52","06/18/2024 09:58:28","472",,,,,"Spooler = SERVICE_RUNNING#","no",,,"Information gathering","Cloud Agent, EricsPlaygroundAgents, Test for Sven, Test for Sven.1ddfe2aa-4a79-4155-87ca-da5c1830e92d, Test for Sven.275c0cc2-422a-4fbd-afb6-35a9338bab4a, TestEric, TestEric.00b1e415-6d3e-4c23-b103-9fe0e9dcd8c3"
"192.168.178.41","Global Default Network","desktop-m0k1qp3","DESKTOP-M0K1QP3","ff089bdc-52bd-4caa-93d1-0a1c4087e863",,"QAGENT","Windows 10 Home 64 bit Edition Version 22H2","host scanned, found vuln","45489","MultiThreading is Enabled",,"Ig","1",,,,,"02/29/2024 19:24:52","06/18/2024 09:58:28","472",,,,,"Socket(s) : 1 
Thread(s) per core : 2 
NumberOfCores : 8 
LogicalProcessors : 16 
MultiThreading is Enabled#","no",,,"Information gathering","Cloud Agent, EricsPlaygroundAgents, Test for Sven, Test for Sven.1ddfe2aa-4a79-4155-87ca-da5c1830e92d, Test for Sven.275c0cc2-422a-4fbd-afb6-35a9338bab4a, TestEric, TestEric.00b1e415-6d3e-4c23-b103-9fe0e9dcd8c3"
"192.168.178.41","Global Default Network","desktop-m0k1qp3","DESKTOP-M0K1QP3","ff089bdc-52bd-4caa-93d1-0a1c4087e863",,"QAGENT","Windows 10 Home 64 bit Edition Version 22H2","host scanned, found vuln","45486","Windows Host Domain Role",,"Ig","1",,,,,"02/29/2024 19:24:52","06/18/2024 09:58:28","472",,,,,"DomainRole = Standalone Workstation#","no",,,"Information gathering","Cloud Agent, EricsPlaygroundAgents, Test for Sven, Test for Sven.1ddfe2aa-4a79-4155-87ca-da5c1830e92d, Test for Sven.275c0cc2-422a-4fbd-afb6-35a9338bab4a, TestEric, TestEric.00b1e415-6d3e-4c23-b103-9fe0e9dcd8c3"
"192.168.178.41","Global Default Network","desktop-m0k1qp3","DESKTOP-M0K1QP3","ff089bdc-52bd-4caa-93d1-0a1c4087e863",,"QAGENT","Windows 10 Home 64 bit Edition Version 22H2","host scanned, found vuln","45483","Git Installation Detected",,"Ig","1",,,,,"02/29/2024 19:24:52","06/18/2024 09:58:28","472",,,,,"C:\Program Files\Git\git-cmd.exe   found#","no",,,"Information gathering","Cloud Agent, EricsPlaygroundAgents, Test for Sven, Test for Sven.1ddfe2aa-4a79-4155-87ca-da5c1830e92d, Test for Sven.275c0cc2-422a-4fbd-afb6-35a9338bab4a, TestEric, TestEric.00b1e415-6d3e-4c23-b103-9fe0e9dcd8c3"
"192.168.178.41","Global Default Network","desktop-m0k1qp3","DESKTOP-M0K1QP3","ff089bdc-52bd-4caa-93d1-0a1c4087e863",,"QAGENT","Windows 10 Home 64 bit Edition Version 22H2","host scanned, found vuln","45456","Windows WMI AuthenticationLevel Status",,"Ig","1",,,,,"02/29/2024 19:24:52","06/18/2024 09:58:28","472",,,"Windows wmi authentication level",,"WMI AuthenticationLevel is not set or not accessible.#","no",,,"Information gathering","Cloud Agent, EricsPlaygroundAgents, Test for Sven, Test for Sven.1ddfe2aa-4a79-4155-87ca-da5c1830e92d, Test for Sven.275c0cc2-422a-4fbd-afb6-35a9338bab4a, TestEric, TestEric.00b1e415-6d3e-4c23-b103-9fe0e9dcd8c3"
"192.168.178.41","Global Default Network","desktop-m0k1qp3","DESKTOP-M0K1QP3","ff089bdc-52bd-4caa-93d1-0a1c4087e863",,"QAGENT","Windows 10 Home 64 bit Edition Version 22H2","host scanned, found vuln","45454","Microsoft Windows User Access Control Enabled",,"Ig","1",,,,,"02/29/2024 19:24:52","06/18/2024 09:58:28","472",,,"UAC",,"HKLM\SOFTWARE\Microsoft\Windows\CurrentVersion\Policies\System EnableLUA = 1 
HKLM\SOFTWARE\WOW6432Node\Microsoft\Windows\CurrentVersion\Policies\System EnableLUA = 1#","no",,,"Information gathering","Cloud Agent, EricsPlaygroundAgents, Test for Sven, Test for Sven.1ddfe2aa-4a79-4155-87ca-da5c1830e92d, Test for Sven.275c0cc2-422a-4fbd-afb6-35a9338bab4a, TestEric, TestEric.00b1e415-6d3e-4c23-b103-9fe0e9dcd8c3"
"192.168.178.41","Global Default Network","desktop-m0k1qp3","DESKTOP-M0K1QP3","ff089bdc-52bd-4caa-93d1-0a1c4087e863",,"QAGENT","Windows 10 Home 64 bit Edition Version 22H2","host scanned, found vuln","45437","Bitlocker Encryption Status Information",,"Ig","1",,,,,"02/29/2024 19:24:52","06/18/2024 09:58:28","472",,,,,"Drive Letter	Volume Id	Protection Status	Conversion Status	Encryption Method	Drive Initialized For Protection	Volume Type	
C:	 	0	0	0	 	0#","no",,,"Information gathering","Cloud Agent, EricsPlaygroundAgents, Test for Sven, Test for Sven.1ddfe2aa-4a79-4155-87ca-da5c1830e92d, Test for Sven.275c0cc2-422a-4fbd-afb6-35a9338bab4a, TestEric, TestEric.00b1e415-6d3e-4c23-b103-9fe0e9dcd8c3"
"192.168.178.41","Global Default Network","desktop-m0k1qp3","DESKTOP-M0K1QP3","ff089bdc-52bd-4caa-93d1-0a1c4087e863",,"QAGENT","Windows 10 Home 64 bit Edition Version 22H2","host scanned, found vuln","45428","Microsoft OneDrive Software Detected",,"Ig","1",,,,,"02/29/2024 19:24:52","06/18/2024 09:58:28","472",,,,,"%systemdrive%\Users\big10\AppData\Local\Microsoft\OneDrive\OneDrive.exe  Version is  24.108.528.5#","no",,,"Information gathering","Cloud Agent, EricsPlaygroundAgents, Test for Sven, Test for Sven.1ddfe2aa-4a79-4155-87ca-da5c1830e92d, Test for Sven.275c0cc2-422a-4fbd-afb6-35a9338bab4a, TestEric, TestEric.00b1e415-6d3e-4c23-b103-9fe0e9dcd8c3"
"192.168.178.41","Global Default Network","desktop-m0k1qp3","DESKTOP-M0K1QP3","ff089bdc-52bd-4caa-93d1-0a1c4087e863",,"QAGENT","Windows 10 Home 64 bit Edition Version 22H2","host scanned, found vuln","45427","Zoom Video Conferencing Software Detected",,"Ig","1",,,,,"02/29/2024 19:24:52","06/18/2024 09:58:28","472",,,,,"%systemdrive%\Users\big10\AppData\Roaming\Zoom\bin\Zoom.exe  Version is  5.17.11.34827#","no",,,"Information gathering","Cloud Agent, EricsPlaygroundAgents, Test for Sven, Test for Sven.1ddfe2aa-4a79-4155-87ca-da5c1830e92d, Test for Sven.275c0cc2-422a-4fbd-afb6-35a9338bab4a, TestEric, TestEric.00b1e415-6d3e-4c23-b103-9fe0e9dcd8c3"
"192.168.178.41","Global Default Network","desktop-m0k1qp3","DESKTOP-M0K1QP3","ff089bdc-52bd-4caa-93d1-0a1c4087e863",,"QAGENT","Windows 10 Home 64 bit Edition Version 22H2","host scanned, found vuln","45425","Microsoft Windows ScForceOption Registry Key Detected",,"Ig","1",,,,,"02/29/2024 19:24:52","06/18/2024 09:58:28","472",,,,,"HKLM\Software\Microsoft\Windows\CurrentVersion\Policies\System 
scforceoption = 0 
HKLM\Software\Wow6432Node\Microsoft\Windows\CurrentVersion\Policies\System 
scforceoption = 0#","no",,,"Information gathering","Cloud Agent, EricsPlaygroundAgents, Test for Sven, Test for Sven.1ddfe2aa-4a79-4155-87ca-da5c1830e92d, Test for Sven.275c0cc2-422a-4fbd-afb6-35a9338bab4a, TestEric, TestEric.00b1e415-6d3e-4c23-b103-9fe0e9dcd8c3"
"192.168.178.41","Global Default Network","desktop-m0k1qp3","DESKTOP-M0K1QP3","ff089bdc-52bd-4caa-93d1-0a1c4087e863",,"QAGENT","Windows 10 Home 64 bit Edition Version 22H2","host scanned, found vuln","45421","Qualys Cloud Agent Detected",,"Ig","1",,,,,"02/29/2024 19:24:52","06/18/2024 09:58:28","472",,,"Qualys",,"C:\Program Files\Qualys\QualysAgent\\QualysAgent.exe Version is  5.6.0.20
C:\Program Files\Qualys\QualysAgent\QualysAgent.exe  Version is  5.6.0.20#","no",,,"Information gathering","Cloud Agent, EricsPlaygroundAgents, Test for Sven, Test for Sven.1ddfe2aa-4a79-4155-87ca-da5c1830e92d, Test for Sven.275c0cc2-422a-4fbd-afb6-35a9338bab4a, TestEric, TestEric.00b1e415-6d3e-4c23-b103-9fe0e9dcd8c3"
"192.168.178.41","Global Default Network","desktop-m0k1qp3","DESKTOP-M0K1QP3","ff089bdc-52bd-4caa-93d1-0a1c4087e863",,"QAGENT","Windows 10 Home 64 bit Edition Version 22H2","host scanned, found vuln","45414","Windows Running Service Permissions",,"Ig","1",,,,,"02/29/2024 19:24:52","06/18/2024 09:58:28","472",,,,,"'------------------------------------------------------------	 	 	 	
C:\WINDOWS\system32\svchost.exe	 	 	 	
------------------------------------------------------------	 	 	 	
APPLICATION PACKAGE AUTHORITY\ALL RESTRICTED APPLICATION PACKAGES	access-allowed	 	execute standard_read read_extended_attributes read_data synchronize read_attributes	
APPLICATION PACKAGE AUTHORITY\ALL APPLICATION PACKAGES	access-allowed	 	execute standard_read read_extended_attributes read_data synchronize read_attributes	
SYSTEM	access-allowed	 	execute standard_read read_extended_attributes read_data synchronize read_attributes	
NT SERVICE\TrustedInstaller	access-allowed	 	append_data execute standard_write_dac standard_read standard_delete standard_write_owner read_extended_attributes read_data synchronize write_data write_extended_attributes write_attributes read_attributes delete_child	
Users	access-allowed	 	execute standard_read read_extended_attributes read_data synchronize read_attributes	
Administrators	access-allowed	 	execute standard_read read_extended_attributes read_data synchronize read_attributes	
------------------------------------------------------------	 	 	 	
C:\WINDOWS\System32\svchost.exe	 	 	 	
------------------------------------------------------------	 	 	 	
APPLICATION PACKAGE AUTHORITY\ALL RESTRICTED APPLICATION PACKAGES	access-allowed	 	execute standard_read read_extended_attributes read_data synchronize read_attributes	
APPLICATION PACKAGE AUTHORITY\ALL APPLICATION PACKAGES	access-allowed	 	execute standard_read read_extended_attributes read_data synchronize read_attributes	
SYSTEM	access-allowed	 	execute standard_read read_extended_attributes read_data synchronize read_attributes	
NT SERVICE\TrustedInstaller	access-allowed	 	append_data execute standard_write_dac standard_read standard_delete standard_write_owner read_extended_attributes read_data synchronize write_data write_extended_attributes write_attributes read_attributes delete_child	
Users	access-allowed	 	execute standard_read read_extended_attributes read_data synchronize read_attributes	
Administrators	access-allowed	 	execute standard_read read_extended_attributes read_data synchronize read_attributes	
------------------------------------------------------------	 	 	 	
C:\WINDOWS\system32\DiagSvcs\DiagnosticsHub.StandardCollector.Service.exe	 	 	 	
------------------------------------------------------------	 	 	 	
APPLICATION PACKAGE AUTHORITY\ALL RESTRICTED APPLICATION PACKAGES	access-allowed	 	execute standard_read read_extended_attributes read_data synchronize read_attributes	
APPLICATION PACKAGE AUTHORITY\ALL APPLICATION PACKAGES	access-allowed	 	execute standard_read read_extended_attributes read_data synchronize read_attributes	
SYSTEM	access-allowed	 	execute standard_read read_extended_attributes read_data synchronize read_attributes	
NT SERVICE\TrustedInstaller	access-allowed	 	append_data execute standard_write_dac standard_read standard_delete standard_write_owner read_extended_attributes read_data synchronize write_data write_extended_attributes write_attributes read_attributes delete_child	
Users	access-allowed	 	execute standard_read read_extended_attributes read_data synchronize read_attributes	
Administrators	access-allowed	 	execute standard_read read_extended_attributes read_data synchronize read_attributes	
------------------------------------------------------------	 	 	 	
C:\WINDOWS\system32\dllhost.exe	 	 	 	
------------------------------------------------------------	 	 	 	
APPLICATION PACKAGE AUTHORITY\ALL RESTRICTED APPLICATION PACKAGES	access-allowed	 	execute standard_read read_extended_attributes read_data synchronize read_attributes	
APPLICATION PACKAGE AUTHORITY\ALL APPLICATION PACKAGES	access-allowed	 	execute standard_read read_extended_attributes read_data synchronize read_attributes	
SYSTEM	access-allowed	 	execute standard_read read_extended_attributes read_data synchronize read_attributes	
NT SERVICE\TrustedInstaller	access-allowed	 	append_data execute standard_write_dac standard_read standard_delete standard_write_owner read_extended_attributes read_data synchronize write_data write_extended_attributes write_attributes read_attributes delete_child	
Users	access-allowed	 	execute standard_read read_extended_attributes read_data synchronize read_attributes	
Administrators	access-allowed	 	execute standard_read read_extended_attributes read_data synchronize read_attributes	
------------------------------------------------------------	 	 	 	
C:\Program Files\Docker\Docker\com.docker.service	 	 	 	
------------------------------------------------------------	 	 	 	
APPLICATION PACKAGE AUTHORITY\ALL RESTRICTED APPLICATION PACKAGES	access-allowed	INHERITED_ACE	execute standard_read read_extended_attributes read_data synchronize read_attributes	
APPLICATION PACKAGE AUTHORITY\ALL APPLICATION PACKAGES	access-allowed	INHERITED_ACE	execute standard_read read_extended_attributes read_data synchronize read_attributes	
SYSTEM	access-allowed	INHERITED_ACE	append_data execute standard_write_dac standard_read standard_delete standard_write_owner read_extended_attributes read_data synchronize write_data write_extended_attributes write_attributes read_attributes delete_child	
Users	access-allowed	INHERITED_ACE	execute standard_read read_extended_attributes read_data synchronize read_attributes	
Administrators	access-allowed	INHERITED_ACE	append_data execute standard_write_dac standard_read standard_delete standard_write_owner read_extended_attributes read_data synchronize write_data write_extended_attributes write_attributes read_attributes delete_child	
------------------------------------------------------------	 	 	 	
C:\Program Files (x86)\Common Files\BattlEye\BEService.exe	 	 	 	
------------------------------------------------------------	 	 	 	
APPLICATION PACKAGE AUTHORITY\ALL RESTRICTED APPLICATION PACKAGES	access-allowed	INHERITED_ACE	execute standard_read read_extended_attributes read_data synchronize read_attributes	
APPLICATION PACKAGE AUTHORITY\ALL APPLICATION PACKAGES	access-allowed	INHERITED_ACE	execute standard_read read_extended_attributes read_data synchronize read_attributes	
SYSTEM	access-allowed	INHERITED_ACE	append_data execute standard_write_dac standard_read standard_delete standard_write_owner read_extended_attributes read_data synchronize write_data write_extended_attributes write_attributes read_attributes delete_child	
Users	access-allowed	INHERITED_ACE	execute standard_read read_extended_attributes read_data synchronize read_attributes	
Administrators	access-allowed	INHERITED_ACE	append_data execute standard_write_dac standard_read standard_delete standard_write_owner read_extended_attributes read_data synchronize write_data write_extended_attributes write_attributes read_attributes delete_child	
------------------------------------------------------------	 	 	 	
C:\WINDOWS\System32\alg.exe	 	 	 	
------------------------------------------------------------	 	 	 	
APPLICATION PACKAGE AUTHORITY\ALL RESTRICTED APPLICATION PACKAGES	access-allowed	 	execute standard_read read_extended_attributes read_data synchronize read_attributes	
APPLICATION PACKAGE AUTHORITY\ALL APPLICATION PACKAGES	access-allowed	 	execute standard_read read_extended_attributes read_data synchronize read_attributes	
SYSTEM	access-allowed	 	execute standard_read read_extended_attributes read_data synchronize read_attributes	
NT SERVICE\TrustedInstaller	access-allowed	 	append_data execute standard_write_dac standard_read standard_delete standard_write_owner read_extended_attributes read_data synchronize write_data write_extended_attributes write_attributes read_attributes delete_child	
Users	access-allowed	 	execute standard_read read_extended_attributes read_data synchronize read_attributes	
Administrators	access-allowed	 	execute standard_read read_extended_attributes read_data synchronize read_attributes	
------------------------------------------------------------	 	 	 	
C:\Program Files (x86)\Google\Update\GoogleUpdate.exe	 	 	 	
------------------------------------------------------------	 	 	 	
APPLICATION PACKAGE AUTHORITY\ALL RESTRICTED APPLICATION PACKAGES	access-allowed	INHERITED_ACE	execute standard_read read_extended_attributes read_data synchronize read_attributes	
APPLICATION PACKAGE AUTHORITY\ALL APPLICATION PACKAGES	access-allowed	INHERITED_ACE	execute standard_read read_extended_attributes read_data synchronize read_attributes	
SYSTEM	access-allowed	INHERITED_ACE	append_data execute standard_write_dac standard_read standard_delete standard_write_owner read_extended_attributes read_data synchronize write_data write_extended_attributes write_attributes read_attributes delete_child	
Users	access-allowed	INHERITED_ACE	execute standard_read read_extended_attributes read_data synchronize read_attributes	
Administrators	access-allowed	INHERITED_ACE	append_data execute standard_write_dac standard_read standard_delete standard_write_owner read_extended_attributes read_data synchronize write_data write_extended_attributes write_attributes read_attributes delete_child	
------------------------------------------------------------	 	 	 	
C:\Program Files (x86)\Google\GoogleUpdater\128.0.6537.0\updater.exe	 	 	 	
------------------------------------------------------------	 	 	 	
APPLICATION PACKAGE AUTHORITY\ALL RESTRICTED APPLICATION PACKAGES	access-allowed	INHERITED_ACE	execute standard_read read_extended_attributes read_data synchronize read_attributes	
APPLICATION PACKAGE AUTHORITY\ALL APPLICATION PACKAGES	access-allowed	INHERITED_ACE	execute standard_read read_extended_attributes read_data synchronize read_attributes	
SYSTEM	access-allowed	INHERITED_ACE	append_data execute standard_write_dac standard_read standard_delete standard_write_owner read_extended_attributes read_data synchronize write_data write_extended_attributes write_attributes read_attributes delete_child	
Users	access-allowed	INHERITED_ACE	execute standard_read read_extended_attributes read_data synchronize read_attributes	
Administrators	access-allowed	INHERITED_ACE	append_data execute standard_write_dac standard_read standard_delete standard_write_owner read_extended_attributes read_data synchronize write_data write_extended_attributes write_attributes read_attributes delete_child	
------------------------------------------------------------	 	 	 	
C:\Program Files\Google\Chrome\Application\125.0.6422.176\elevation_service.exe	 	 	 	
------------------------------------------------------------	 	 	 	
S-1-15-3-1024-2302894289-466761758-1166120688-1039016420-2430351297-4240214049-4028510897-3317428798	access-allowed	INHERITED_ACE	execute standard_read read_extended_attributes read_data synchronize read_attributes	
APPLICATION PACKAGE AUTHORITY\ALL RESTRICTED APPLICATION PACKAGES	access-allowed	INHERITED_ACE	execute standard_read read_extended_attributes read_data synchronize read_attributes	
APPLICATION PACKAGE AUTHORITY\ALL APPLICATION PACKAGES	access-allowed	INHERITED_ACE	execute standard_read read_extended_attributes read_data synchronize read_attributes	
S-1-15-3-1024-3424233489-972189580-2057154623-747635277-1604371224-316187997-3786583170-1043257646	access-allowed	INHERITED_ACE	execute standard_read read_extended_attributes read_data synchronize read_attributes	
SYSTEM	access-allowed	INHERITED_ACE	append_data execute standard_write_dac standard_read standard_delete standard_write_owner read_extended_attributes read_data synchronize write_data write_extended_attributes write_attributes read_attributes delete_child	
Users	access-allowed	INHERITED_ACE	execute standard_read read_extended_attributes read_data synchronize read_attributes	
Administrators	access-allowed	INHERITED_ACE	append_data execute standard_write_dac standard_read standard_delete standard_write_owner read_extended_attributes read_data synchronize write_data write_extended_attributes write_attributes read_attributes delete_child	
------------------------------------------------------------	 	 	 	
C:\WINDOWS\System32\GameInputSvc.exe	 	 	 	
------------------------------------------------------------	 	 	 	
APPLICATION PACKAGE AUTHORITY\ALL RESTRICTED APPLICATION PACKAGES	access-allowed	 	execute standard_read read_extended_attributes read_data synchronize read_attributes	
APPLICATION PACKAGE AUTHORITY\ALL APPLICATION PACKAGES	access-allowed	 	execute standard_read read_extended_attributes read_data synchronize read_attributes	
SYSTEM	access-allowed	 	execute standard_read read_extended_attributes read_data synchronize read_attributes	
NT SERVICE\TrustedInstaller	access-allowed	 	append_data execute standard_write_dac standard_read standard_delete standard_write_owner read_extended_attributes read_data synchronize write_data write_extended_attributes write_attributes read_attributes delete_child	
Users	access-allowed	 	execute standard_read read_extended_attributes read_data synchronize read_attributes	
Administrators	access-allowed	 	execute standard_read read_extended_attributes read_data synchronize read_attributes	
------------------------------------------------------------	 	 	 	
C:\Program Files\NVIDIA Corporation\FrameViewSDK\nvfvsdksvc_x64.exe	 	 	 	
------------------------------------------------------------	 	 	 	
APPLICATION PACKAGE AUTHORITY\ALL RESTRICTED APPLICATION PACKAGES	access-allowed	INHERITED_ACE	execute standard_read read_extended_attributes read_data synchronize read_attributes	
APPLICATION PACKAGE AUTHORITY\ALL APPLICATION PACKAGES	access-allowed	INHERITED_ACE	execute standard_read read_extended_attributes read_data synchronize read_attributes	
SYSTEM	access-allowed	INHERITED_ACE	append_data execute standard_write_dac standard_read standard_delete standard_write_owner read_extended_attributes read_data synchronize write_data write_extended_attributes write_attributes read_attributes delete_child	
Users	access-allowed	INHERITED_ACE	execute standard_read read_extended_attributes read_data synchronize read_attributes	
Administrators	access-allowed	INHERITED_ACE	append_data execute standard_write_dac standard_read standard_delete standard_write_owner read_extended_attributes read_data synchronize write_data write_extended_attributes write_attributes read_attributes delete_child	
------------------------------------------------------------	 	 	 	
C:\WINDOWS\Microsoft.Net\Framework64\v3.0\WPF\PresentationFontCache.exe	 	 	 	
------------------------------------------------------------	 	 	 	
APPLICATION PACKAGE AUTHORITY\ALL RESTRICTED APPLICATION PACKAGES	access-allowed	 	execute standard_read read_extended_attributes read_data synchronize read_attributes	
APPLICATION PACKAGE AUTHORITY\ALL APPLICATION PACKAGES	access-allowed	 	execute standard_read read_extended_attributes read_data synchronize read_attributes	
SYSTEM	access-allowed	 	execute standard_read read_extended_attributes read_data synchronize read_attributes	
NT SERVICE\TrustedInstaller	access-allowed	 	append_data execute standard_write_dac standard_read standard_delete standard_write_owner read_extended_attributes read_data synchronize write_data write_extended_attributes write_attributes read_attributes delete_child	
Users	access-allowed	 	execute standard_read read_extended_attributes read_data synchronize read_attributes	
Administrators	access-allowed	 	execute standard_read read_extended_attributes read_data synchronize read_attributes	
------------------------------------------------------------	 	 	 	
C:\WINDOWS\system32\fxssvc.exe	 	 	 	
------------------------------------------------------------	 	 	 	
APPLICATION PACKAGE AUTHORITY\ALL RESTRICTED APPLICATION PACKAGES	access-allowed	 	execute standard_read read_extended_attributes read_data synchronize read_attributes	
APPLICATION PACKAGE AUTHORITY\ALL APPLICATION PACKAGES	access-allowed	 	execute standard_read read_extended_attributes read_data synchronize read_attributes	
SYSTEM	access-allowed	 	execute standard_read read_extended_attributes read_data synchronize read_attributes	
NT SERVICE\TrustedInstaller	access-allowed	 	append_data execute standard_write_dac standard_read standard_delete standard_write_owner read_extended_attributes read_data synchronize write_data write_extended_attributes write_attributes read_attributes delete_child	
Users	access-allowed	 	execute standard_read read_extended_attributes read_data synchronize read_attributes	
Administrators	access-allowed	 	execute standard_read read_extended_attributes read_data synchronize read_attributes	
------------------------------------------------------------	 	 	 	
C:\Program Files (x86)\Epic Games\Epic Online Services\service\EpicOnlineServicesHost.exe	 	 	 	
------------------------------------------------------------	 	 	 	
APPLICATION PACKAGE AUTHORITY\ALL RESTRICTED APPLICATION PACKAGES	access-allowed	INHERITED_ACE	execute standard_read read_extended_attributes read_data synchronize read_attributes	
APPLICATION PACKAGE AUTHORITY\ALL APPLICATION PACKAGES	access-allowed	INHERITED_ACE	execute standard_read read_extended_attributes read_data synchronize read_attributes	
SYSTEM	access-allowed	INHERITED_ACE	append_data execute standard_write_dac standard_read standard_delete standard_write_owner read_extended_attributes read_data synchronize write_data write_extended_attributes write_attributes read_attributes delete_child	
Users	access-allowed	INHERITED_ACE	execute standard_read read_extended_attributes read_data synchronize read_attributes	
Administrators	access-allowed	INHERITED_ACE	append_data execute standard_write_dac standard_read standard_delete standard_write_owner read_extended_attributes read_data synchronize write_data write_extended_attributes write_attributes read_attributes delete_child	
------------------------------------------------------------	 	 	 	
C:\WINDOWS\System32\lsass.exe	 	 	 	
------------------------------------------------------------	 	 	 	
APPLICATION PACKAGE AUTHORITY\ALL RESTRICTED APPLICATION PACKAGES	access-allowed	 	execute standard_read read_extended_attributes read_data synchronize read_attributes	
APPLICATION PACKAGE AUTHORITY\ALL APPLICATION PACKAGES	access-allowed	 	execute standard_read read_extended_attributes read_data synchronize read_attributes	
SYSTEM	access-allowed	 	execute standard_read read_extended_attributes read_data synchronize read_attributes	
NT SERVICE\TrustedInstaller	access-allowed	 	append_data execute standard_write_dac standard_read standard_delete standard_write_owner read_extended_attributes read_data synchronize write_data write_extended_attributes write_attributes read_attributes delete_child	
Users	access-allowed	 	execute standard_read read_extended_attributes read_data synchronize read_attributes	
Administrators	access-allowed	 	execute standard_read read_extended_attributes read_data synchronize read_attributes	
------------------------------------------------------------	 	 	 	
C:\Program Files (x86)\Microsoft\EdgeUpdate\MicrosoftEdgeUpdate.exe	 	 	 	
------------------------------------------------------------	 	 	 	
APPLICATION PACKAGE AUTHORITY\ALL RESTRICTED APPLICATION PACKAGES	access-allowed	INHERITED_ACE	execute standard_read read_extended_attributes read_data synchronize read_attributes	
APPLICATION PACKAGE AUTHORITY\ALL APPLICATION PACKAGES	access-allowed	INHERITED_ACE	execute standard_read read_extended_attributes read_data synchronize read_attributes	
SYSTEM	access-allowed	INHERITED_ACE	append_data execute standard_write_dac standard_read standard_delete standard_write_owner read_extended_attributes read_data synchronize write_data write_extended_attributes write_attributes read_attributes delete_child	
Users	access-allowed	INHERITED_ACE	execute standard_read read_extended_attributes read_data synchronize read_attributes	
Administrators	access-allowed	INHERITED_ACE	append_data execute standard_write_dac standard_read standard_delete standard_write_owner read_extended_attributes read_data synchronize write_data write_extended_attributes write_attributes read_attributes delete_child	
------------------------------------------------------------	 	 	 	
C:\Program Files (x86)\EasyAntiCheat_EOS\EasyAntiCheat_EOS.exe	 	 	 	
------------------------------------------------------------	 	 	 	
APPLICATION PACKAGE AUTHORITY\ALL RESTRICTED APPLICATION PACKAGES	access-allowed	INHERITED_ACE	execute standard_read read_extended_attributes read_data synchronize read_attributes	
APPLICATION PACKAGE AUTHORITY\ALL APPLICATION PACKAGES	access-allowed	INHERITED_ACE	execute standard_read read_extended_attributes read_data synchronize read_attributes	
SYSTEM	access-allowed	INHERITED_ACE	append_data execute standard_write_dac standard_read standard_delete standard_write_owner read_extended_attributes read_data synchronize write_data write_extended_attributes write_attributes read_attributes delete_child	
Users	access-allowed	INHERITED_ACE	execute standard_read read_extended_attributes read_data synchronize read_attributes	
Administrators	access-allowed	INHERITED_ACE	append_data execute standard_write_dac standard_read standard_delete standard_write_owner read_extended_attributes read_data synchronize write_data write_extended_attributes write_attributes read_attributes delete_child	
------------------------------------------------------------	 	 	 	
C:\Program Files (x86)\EasyAntiCheat\EasyAntiCheat.exe	 	 	 	
------------------------------------------------------------	 	 	 	
APPLICATION PACKAGE AUTHORITY\ALL RESTRICTED APPLICATION PACKAGES	access-allowed	INHERITED_ACE	execute standard_read read_extended_attributes read_data synchronize read_attributes	
APPLICATION PACKAGE AUTHORITY\ALL APPLICATION PACKAGES	access-allowed	INHERITED_ACE	execute standard_read read_extended_attributes read_data synchronize read_attributes	
SYSTEM	access-allowed	INHERITED_ACE	append_data execute standard_write_dac standard_read standard_delete standard_write_owner read_extended_attributes read_data synchronize write_data write_extended_attributes write_attributes read_attributes delete_child	
Users	access-allowed	INHERITED_ACE	execute standard_read read_extended_attributes read_data synchronize read_attributes	
Administrators	access-allowed	INHERITED_ACE	append_data execute standard_write_dac standard_read standard_delete standard_write_owner read_extended_attributes read_data synchronize write_data write_extended_attributes write_attributes read_attributes delete_child	
------------------------------------------------------------	 	 	 	
C:\WINDOWS\Microsoft.NET\Framework64\v4.0.30319\SMSvcHost.exe	 	 	 	
------------------------------------------------------------	 	 	 	
APPLICATION PACKAGE AUTHORITY\ALL RESTRICTED APPLICATION PACKAGES	access-allowed	 	execute standard_read read_extended_attributes read_data synchronize read_attributes	
APPLICATION PACKAGE AUTHORITY\ALL APPLICATION PACKAGES	access-allowed	 	execute standard_read read_extended_attributes read_data synchronize read_attributes	
SYSTEM	access-allowed	 	execute standard_read read_extended_attributes read_data synchronize read_attributes	
NT SERVICE\TrustedInstaller	access-allowed	 	append_data execute standard_write_dac standard_read standard_delete standard_write_owner read_extended_attributes read_data synchronize write_data write_extended_attributes write_attributes read_attributes delete_child	
Users	access-allowed	 	execute standard_read read_extended_attributes read_data synchronize read_attributes	
Administrators	access-allowed	 	execute standard_read read_extended_attributes read_data synchronize read_attributes	
------------------------------------------------------------	 	 	 	
C:\WINDOWS\system32\lsass.exe	 	 	 	
------------------------------------------------------------	 	 	 	
APPLICATION PACKAGE AUTHORITY\ALL RESTRICTED APPLICATION PACKAGES	access-allowed	 	execute standard_read read_extended_attributes read_data synchronize read_attributes	
APPLICATION PACKAGE AUTHORITY\ALL APPLICATION PACKAGES	access-allowed	 	execute standard_read read_extended_attributes read_data synchronize read_attributes	
SYSTEM	access-allowed	 	execute standard_read read_extended_attributes read_data synchronize read_attributes	
NT SERVICE\TrustedInstaller	access-allowed	 	append_data execute standard_write_dac standard_read standard_delete standard_write_owner read_extended_attributes read_data synchronize write_data write_extended_attributes write_attributes read_attributes delete_child	
Users	access-allowed	 	execute standard_read read_extended_attributes read_data synchronize read_attributes	
Administrators	access-allowed	 	execute standard_read read_extended_attributes read_data synchronize read_attributes	
------------------------------------------------------------	 	 	 	
C:\WINDOWS\system32\msiexec.exe	 	 	 	
------------------------------------------------------------	 	 	 	
APPLICATION PACKAGE AUTHORITY\ALL RESTRICTED APPLICATION PACKAGES	access-allowed	 	execute standard_read read_extended_attributes read_data synchronize read_attributes	
APPLICATION PACKAGE AUTHORITY\ALL APPLICATION PACKAGES	access-allowed	 	execute standard_read read_extended_attributes read_data synchronize read_attributes	
SYSTEM	access-allowed	 	execute standard_read read_extended_attributes read_data synchronize read_attributes	
NT SERVICE\TrustedInstaller	access-allowed	 	append_data execute standard_write_dac standard_read standard_delete standard_write_owner read_extended_attributes read_data synchronize write_data write_extended_attributes write_attributes read_attributes delete_child	
Users	access-allowed	 	execute standard_read read_extended_attributes read_data synchronize read_attributes	
Administrators	access-allowed	 	execute standard_read read_extended_attributes read_data synchronize read_attributes	
------------------------------------------------------------	 	 	 	
C:\WINDOWS\System32\msdtc.exe	 	 	 	
------------------------------------------------------------	 	 	 	
APPLICATION PACKAGE AUTHORITY\ALL RESTRICTED APPLICATION PACKAGES	access-allowed	 	execute standard_read read_extended_attributes read_data synchronize read_attributes	
APPLICATION PACKAGE AUTHORITY\ALL APPLICATION PACKAGES	access-allowed	 	execute standard_read read_extended_attributes read_data synchronize read_attributes	
SYSTEM	access-allowed	 	execute standard_read read_extended_attributes read_data synchronize read_attributes	
NT SERVICE\TrustedInstaller	access-allowed	 	append_data execute standard_write_dac standard_read standard_delete standard_write_owner read_extended_attributes read_data synchronize write_data write_extended_attributes write_attributes read_attributes delete_child	
Users	access-allowed	 	execute standard_read read_extended_attributes read_data synchronize read_attributes	
Administrators	access-allowed	 	execute standard_read read_extended_attributes read_data synchronize read_attributes	
------------------------------------------------------------	 	 	 	
C:\WINDOWS\System32\mracsvc.exe	 	 	 	
------------------------------------------------------------	 	 	 	
APPLICATION PACKAGE AUTHORITY\ALL RESTRICTED APPLICATION PACKAGES	access-allowed	INHERITED_ACE	execute standard_read read_extended_attributes read_data synchronize read_attributes	
APPLICATION PACKAGE AUTHORITY\ALL APPLICATION PACKAGES	access-allowed	INHERITED_ACE	execute standard_read read_extended_attributes read_data synchronize read_attributes	
SYSTEM	access-allowed	INHERITED_ACE	append_data execute standard_write_dac standard_read standard_delete standard_write_owner read_extended_attributes read_data synchronize write_data write_extended_attributes write_attributes read_attributes delete_child	
Users	access-allowed	INHERITED_ACE	execute standard_read read_extended_attributes read_data synchronize read_attributes	
Administrators	access-allowed	INHERITED_ACE	append_data execute standard_write_dac standard_read standard_delete standard_write_owner read_extended_attributes read_data synchronize write_data write_extended_attributes write_attributes read_attributes delete_child	
------------------------------------------------------------	 	 	 	
C:\Program Files (x86)\Mozilla Maintenance Service\maintenanceservice.exe	 	 	 	
------------------------------------------------------------	 	 	 	
APPLICATION PACKAGE AUTHORITY\ALL RESTRICTED APPLICATION PACKAGES	access-allowed	INHERITED_ACE	execute standard_read read_extended_attributes read_data synchronize read_attributes	
APPLICATION PACKAGE AUTHORITY\ALL APPLICATION PACKAGES	access-allowed	INHERITED_ACE	execute standard_read read_extended_attributes read_data synchronize read_attributes	
SYSTEM	access-allowed	INHERITED_ACE	append_data execute standard_write_dac standard_read standard_delete standard_write_owner read_extended_attributes read_data synchronize write_data write_extended_attributes write_attributes read_attributes delete_child	
Users	access-allowed	INHERITED_ACE	execute standard_read read_extended_attributes read_data synchronize read_attributes	
Administrators	access-allowed	INHERITED_ACE	append_data execute standard_write_dac standard_read standard_delete standard_write_owner read_extended_attributes read_data synchronize write_data write_extended_attributes write_attributes read_attributes delete_child	
------------------------------------------------------------	 	 	 	
C:\Program Files (x86)\Microsoft\Edge\Application\126.0.2592.56\elevation_service.exe	 	 	 	
------------------------------------------------------------	 	 	 	
S-1-15-3-1024-3635283841-2530182609-996808640-1887759898-3848208603-3313616867-983405619-2501854204	access-allowed	INHERITED_ACE	execute standard_read read_extended_attributes read_data synchronize read_attributes	
SYSTEM	access-allowed	INHERITED_ACE	append_data execute standard_write_dac standard_read standard_delete standard_write_owner read_extended_attributes read_data synchronize write_data write_extended_attributes write_attributes read_attributes delete_child	
Restricted_Code	access-allowed	INHERITED_ACE	execute standard_read read_extended_attributes read_data synchronize read_attributes	
------------------------------------------------------------	 	 	 	
C:\ProgramData\Microsoft\Windows Defender\Platform\4.18.24050.7-0\MpDefenderCoreService.exe	 	 	 	
------------------------------------------------------------	 	 	 	
S-1-15-3-1024-3153509613-960666767-3724611135-2725662640-12138253-543910227-1950414635-4190290187	access-allowed	INHERITED_ACE	execute standard_read read_extended_attributes read_data synchronize read_attributes	
APPLICATION PACKAGE AUTHORITY\ALL RESTRICTED APPLICATION PACKAGES	access-allowed	INHERITED_ACE	execute standard_read read_extended_attributes read_data synchronize read_attributes	
APPLICATION PACKAGE AUTHORITY\ALL APPLICATION PACKAGES	access-allowed	INHERITED_ACE	execute standard_read read_extended_attributes read_data synchronize read_attributes	
SYSTEM	access-allowed	INHERITED_ACE	append_data execute standard_write_dac standard_read standard_delete standard_write_owner read_extended_attributes read_data synchronize write_data write_extended_attributes write_attributes read_attributes delete_child	
NT SERVICE\TrustedInstaller	access-allowed	INHERITED_ACE	append_data execute standard_write_dac standard_read standard_delete standard_write_owner read_extended_attributes read_data synchronize write_data write_extended_attributes write_attributes read_attributes delete_child	
Users	access-allowed	INHERI#","no",,,"Information gathering","Cloud Agent, EricsPlaygroundAgents, Test for Sven, Test for Sven.1ddfe2aa-4a79-4155-87ca-da5c1830e92d, Test for Sven.275c0cc2-422a-4fbd-afb6-35a9338bab4a, TestEric, TestEric.00b1e415-6d3e-4c23-b103-9fe0e9dcd8c3"
"192.168.178.41","Global Default Network","desktop-m0k1qp3","DESKTOP-M0K1QP3","ff089bdc-52bd-4caa-93d1-0a1c4087e863",,"QAGENT","Windows 10 Home 64 bit Edition Version 22H2","host scanned, found vuln","45409","PostgreSQL Database Detected",,"Ig","1",,,,,"02/29/2024 19:24:52","06/18/2024 09:58:28","472",,,,,"C:\Program Files\PostgreSQL\15\bin\postgres.exe Version is  15.0.4.23220#","no",,,"Information gathering","Cloud Agent, EricsPlaygroundAgents, Test for Sven, Test for Sven.1ddfe2aa-4a79-4155-87ca-da5c1830e92d, Test for Sven.275c0cc2-422a-4fbd-afb6-35a9338bab4a, TestEric, TestEric.00b1e415-6d3e-4c23-b103-9fe0e9dcd8c3"
"192.168.178.41","Global Default Network","desktop-m0k1qp3","DESKTOP-M0K1QP3","ff089bdc-52bd-4caa-93d1-0a1c4087e863",,"QAGENT","Windows 10 Home 64 bit Edition Version 22H2","host scanned, found vuln","45382","Installed Locale settings on Host",,"Ig","1",,,,,"02/29/2024 19:24:52","06/18/2024 09:58:28","472",,,,,"LANG=de_DE#","no",,,"Information gathering","Cloud Agent, EricsPlaygroundAgents, Test for Sven, Test for Sven.1ddfe2aa-4a79-4155-87ca-da5c1830e92d, Test for Sven.275c0cc2-422a-4fbd-afb6-35a9338bab4a, TestEric, TestEric.00b1e415-6d3e-4c23-b103-9fe0e9dcd8c3"
"192.168.178.41","Global Default Network","desktop-m0k1qp3","DESKTOP-M0K1QP3","ff089bdc-52bd-4caa-93d1-0a1c4087e863",,"QAGENT","Windows 10 Home 64 bit Edition Version 22H2","host scanned, found vuln","45381","Status of Remote Desktop/Terminal Service",,"Ig","1",,,,,"02/29/2024 19:24:52","06/18/2024 09:58:28","472",,,,,"TermService is SERVICE_STOPPED NT Authority\NetworkService#","no",,,"Information gathering","Cloud Agent, EricsPlaygroundAgents, Test for Sven, Test for Sven.1ddfe2aa-4a79-4155-87ca-da5c1830e92d, Test for Sven.275c0cc2-422a-4fbd-afb6-35a9338bab4a, TestEric, TestEric.00b1e415-6d3e-4c23-b103-9fe0e9dcd8c3"
"192.168.178.41","Global Default Network","desktop-m0k1qp3","DESKTOP-M0K1QP3","ff089bdc-52bd-4caa-93d1-0a1c4087e863",,"QAGENT","Windows 10 Home 64 bit Edition Version 22H2","host scanned, found vuln","45379","Microsoft Windows Network Level Authentication Enabled",,"Ig","1",,,,,"02/29/2024 19:24:52","06/18/2024 09:58:28","472",,,,,"HKLM\SOFTWARE\Policies\Microsoft\Windows NT\Terminal Services UserAuthentication is missing. 
HKLM\SYSTEM\CurrentControlSet\Control\Terminal Server\WinStations\RDP-Tcp UserAuthentication = 1 
Microsoft Windows Network Level Authentication Enabled#","no",,,"Information gathering","Cloud Agent, EricsPlaygroundAgents, Test for Sven, Test for Sven.1ddfe2aa-4a79-4155-87ca-da5c1830e92d, Test for Sven.275c0cc2-422a-4fbd-afb6-35a9338bab4a, TestEric, TestEric.00b1e415-6d3e-4c23-b103-9fe0e9dcd8c3"
"192.168.178.41","Global Default Network","desktop-m0k1qp3","DESKTOP-M0K1QP3","ff089bdc-52bd-4caa-93d1-0a1c4087e863",,"QAGENT","Windows 10 Home 64 bit Edition Version 22H2","host scanned, found vuln","45366","Report TimeZone Information",,"Ig","1",,,,,"02/29/2024 19:24:52","06/18/2024 09:58:28","472",,,,,"HKLM\SYSTEM\CurrentControlSet\Control\TimeZoneInformation 
TimeZoneKeyName = W. Europe Standard Time 
UTC = +02:00#","no",,,"Information gathering","Cloud Agent, EricsPlaygroundAgents, Test for Sven, Test for Sven.1ddfe2aa-4a79-4155-87ca-da5c1830e92d, Test for Sven.275c0cc2-422a-4fbd-afb6-35a9338bab4a, TestEric, TestEric.00b1e415-6d3e-4c23-b103-9fe0e9dcd8c3"
"192.168.178.41","Global Default Network","desktop-m0k1qp3","DESKTOP-M0K1QP3","ff089bdc-52bd-4caa-93d1-0a1c4087e863",,"QAGENT","Windows 10 Home 64 bit Edition Version 22H2","host scanned, found vuln","45354","Microsoft Visual C++ 2008 Redistributable Package Detected",,"Ig","1",,,,,"02/29/2024 19:24:52","06/18/2024 09:58:28","472",,,,,"%ProgramFiles%\Common Files\Microsoft Shared\VC\msdia90.dll file version is 9.0.30729.6161 
%ProgramFiles(x86)%\Common Files\Microsoft Shared\VC\msdia90.dll file version is 9.0.30729.6161#","no",,,"Information gathering","Cloud Agent, EricsPlaygroundAgents, Test for Sven, Test for Sven.1ddfe2aa-4a79-4155-87ca-da5c1830e92d, Test for Sven.275c0cc2-422a-4fbd-afb6-35a9338bab4a, TestEric, TestEric.00b1e415-6d3e-4c23-b103-9fe0e9dcd8c3"
"192.168.178.41","Global Default Network","desktop-m0k1qp3","DESKTOP-M0K1QP3","ff089bdc-52bd-4caa-93d1-0a1c4087e863",,"QAGENT","Windows 10 Home 64 bit Edition Version 22H2","host scanned, found vuln","45342","Microsoft Windows 10 Operating System Detected",,"Ig","1",,,,,"02/29/2024 19:24:52","06/18/2024 09:58:28","472",,,,,"HKLM\Software\Microsoft\Windows NT\CurrentVersion 
ProductName = Windows 10 Home 
ReleaseId = 2009#","no",,,"Information gathering","Cloud Agent, EricsPlaygroundAgents, Test for Sven, Test for Sven.1ddfe2aa-4a79-4155-87ca-da5c1830e92d, Test for Sven.275c0cc2-422a-4fbd-afb6-35a9338bab4a, TestEric, TestEric.00b1e415-6d3e-4c23-b103-9fe0e9dcd8c3"
"192.168.178.41","Global Default Network","desktop-m0k1qp3","DESKTOP-M0K1QP3","ff089bdc-52bd-4caa-93d1-0a1c4087e863",,"QAGENT","Windows 10 Home 64 bit Edition Version 22H2","host scanned, found vuln","45333","Microsoft Visual C++ 2005 Redistributable Package Detected",,"Ig","1",,,,,"02/29/2024 19:24:52","06/18/2024 09:58:28","472",,,,,"%ProgramFiles(x86)%\Common Files\Microsoft Shared\VC\msdia80.dll file version is 8.0.50727.6195 
%ProgramFiles(x86)%\Common Files\Microsoft Shared\VC\amd64\msdia80.dll file version is 8.0.50727.6195#","no",,,"Information gathering","Cloud Agent, EricsPlaygroundAgents, Test for Sven, Test for Sven.1ddfe2aa-4a79-4155-87ca-da5c1830e92d, Test for Sven.275c0cc2-422a-4fbd-afb6-35a9338bab4a, TestEric, TestEric.00b1e415-6d3e-4c23-b103-9fe0e9dcd8c3"
"192.168.178.41","Global Default Network","desktop-m0k1qp3","DESKTOP-M0K1QP3","ff089bdc-52bd-4caa-93d1-0a1c4087e863",,"QAGENT","Windows 10 Home 64 bit Edition Version 22H2","host scanned, found vuln","45327","Linux SubSystem Detection for Windows",,"Ig","1",,,,,"06/11/2024 11:39:03","06/18/2024 09:58:28","37",,,"WSL",,"%windir%\system32\bash.exe   found 
Linux SubSystem Detected on Windows#","no",,,"Information gathering","Cloud Agent, EricsPlaygroundAgents, Test for Sven, Test for Sven.1ddfe2aa-4a79-4155-87ca-da5c1830e92d, Test for Sven.275c0cc2-422a-4fbd-afb6-35a9338bab4a, TestEric, TestEric.00b1e415-6d3e-4c23-b103-9fe0e9dcd8c3"
"192.168.178.41","Global Default Network","desktop-m0k1qp3","DESKTOP-M0K1QP3","ff089bdc-52bd-4caa-93d1-0a1c4087e863",,"QAGENT","Windows 10 Home 64 bit Edition Version 22H2","host scanned, found vuln","45321","Trusted Platform Module (TPM) Detected on Windows",,"Ig","1",,,,,"06/17/2024 07:11:52","06/18/2024 09:58:28","6",,,,,"Trusted Platform Module (TPM) Detected on Windows 
ManufacturerVersion is :  3.37.0.5 
ManufacturerVersionfull is :  3.37.0.5 
IsActivated_InitialValue is :  true 
IsEnabled_InitialValue is :  true 
ManufacturerId is :  1095582720 
PhysicalPresenceVersionInfo is :  1.3 
SpecVersion is :  2.0, 0, 1.38#","no",,,"Information gathering","Cloud Agent, EricsPlaygroundAgents, Test for Sven, Test for Sven.1ddfe2aa-4a79-4155-87ca-da5c1830e92d, Test for Sven.275c0cc2-422a-4fbd-afb6-35a9338bab4a, TestEric, TestEric.00b1e415-6d3e-4c23-b103-9fe0e9dcd8c3"
"192.168.178.41","Global Default Network","desktop-m0k1qp3","DESKTOP-M0K1QP3","ff089bdc-52bd-4caa-93d1-0a1c4087e863",,"QAGENT","Windows 10 Home 64 bit Edition Version 22H2","host scanned, found vuln","45309","Windows Boot Method Detected",,"Ig","1",,,,,"02/29/2024 19:24:52","06/18/2024 09:58:28","472",,,,,"Boot Method: UEFI Detected 
HKLM\SYSTEM\CurrentControlSet\Control\SecureBoot\State   exists#","no",,,"Information gathering","Cloud Agent, EricsPlaygroundAgents, Test for Sven, Test for Sven.1ddfe2aa-4a79-4155-87ca-da5c1830e92d, Test for Sven.275c0cc2-422a-4fbd-afb6-35a9338bab4a, TestEric, TestEric.00b1e415-6d3e-4c23-b103-9fe0e9dcd8c3"
"192.168.178.41","Global Default Network","desktop-m0k1qp3","DESKTOP-M0K1QP3","ff089bdc-52bd-4caa-93d1-0a1c4087e863",,"QAGENT","Windows 10 Home 64 bit Edition Version 22H2","host scanned, found vuln","45303","System Management BIOS UUID Detected",,"Ig","1",,,,,"02/29/2024 19:24:52","06/18/2024 09:58:28","472",,,,,"Windows SMBIOS UUID : 9BC58BC7-C6FA-5616-A3B9-00D861A804BE#","no",,,"Information gathering","Cloud Agent, EricsPlaygroundAgents, Test for Sven, Test for Sven.1ddfe2aa-4a79-4155-87ca-da5c1830e92d, Test for Sven.275c0cc2-422a-4fbd-afb6-35a9338bab4a, TestEric, TestEric.00b1e415-6d3e-4c23-b103-9fe0e9dcd8c3"
"192.168.178.41","Global Default Network","desktop-m0k1qp3","DESKTOP-M0K1QP3","ff089bdc-52bd-4caa-93d1-0a1c4087e863",,"QAGENT","Windows 10 Home 64 bit Edition Version 22H2","host scanned, found vuln","45291","Microsoft Edge Installed on Windows.",,"Ig","1",,,,,"02/29/2024 19:24:52","06/18/2024 09:58:28","472",,,,,"%ProgramFiles(x86)%\Microsoft\Edge\Application\msedge.exe   found 
Microsoft Edge Installed 
%ProgramFiles(x86)%\Microsoft\Edge\Application\msedge.exe  Version is  126.0.2592.56#","no",,,"Information gathering","Cloud Agent, EricsPlaygroundAgents, Test for Sven, Test for Sven.1ddfe2aa-4a79-4155-87ca-da5c1830e92d, Test for Sven.275c0cc2-422a-4fbd-afb6-35a9338bab4a, TestEric, TestEric.00b1e415-6d3e-4c23-b103-9fe0e9dcd8c3"
"192.168.178.41","Global Default Network","desktop-m0k1qp3","DESKTOP-M0K1QP3","ff089bdc-52bd-4caa-93d1-0a1c4087e863",,"QAGENT","Windows 10 Home 64 bit Edition Version 22H2","host scanned, found vuln","45272","McAfee Data Loss Prevention Endpoint Agent not Installed",,"Ig","1",,,,,"02/29/2024 19:24:52","06/18/2024 09:58:28","472",,,,,"HKLM\SOFTWARE\McAfee\DLP\Agent   is missing 
HKLM\SOFTWARE\Wow6432Node\McAfee\DLP\Agent   is missing 
McAfee DLP Agent Missing on Target#","no",,,"Information gathering","Cloud Agent, EricsPlaygroundAgents, Test for Sven, Test for Sven.1ddfe2aa-4a79-4155-87ca-da5c1830e92d, Test for Sven.275c0cc2-422a-4fbd-afb6-35a9338bab4a, TestEric, TestEric.00b1e415-6d3e-4c23-b103-9fe0e9dcd8c3"
"192.168.178.41","Global Default Network","desktop-m0k1qp3","DESKTOP-M0K1QP3","ff089bdc-52bd-4caa-93d1-0a1c4087e863",,"QAGENT","Windows 10 Home 64 bit Edition Version 22H2","host scanned, found vuln","45262","SMB Version 2 or 3 Enabled",,"Ig","1",,,,,"02/29/2024 19:24:52","06/18/2024 09:58:28","472",,,,,"HKLM\SYSTEM\CurrentControlSet\Services\LanmanServer\Parameters SMB2 is missing. 
SMB Server version 2 or 3 is Enabled 
HKLM\SYSTEM\CurrentControlSet\Services\mrxsmb20 Start = 3 
SMB Client version 2 or 3 is Enabled#","no",,,"Information gathering","Cloud Agent, EricsPlaygroundAgents, Test for Sven, Test for Sven.1ddfe2aa-4a79-4155-87ca-da5c1830e92d, Test for Sven.275c0cc2-422a-4fbd-afb6-35a9338bab4a, TestEric, TestEric.00b1e415-6d3e-4c23-b103-9fe0e9dcd8c3"
"192.168.178.41","Global Default Network","desktop-m0k1qp3","DESKTOP-M0K1QP3","ff089bdc-52bd-4caa-93d1-0a1c4087e863",,"QAGENT","Windows 10 Home 64 bit Edition Version 22H2","host scanned, found vuln","45254","PowerShell Detected On Host",,"Ig","1",,,,,"02/29/2024 19:24:52","06/18/2024 09:58:28","472",,,,,"HKLM\SOFTWARE\Microsoft\PowerShell\1\PowerShellEngine PowerShellVersion = 2.0 
C:\Windows\System32\WindowsPowerShell\v1.0\powershell.exe   found 
HKLM\SOFTWARE\Microsoft\PowerShell\3\PowerShellEngine PowerShellVersion = 5.1.19041.1 
C:\Windows\System32\WindowsPowerShell\v1.0\powershell.exe   found 
HKLM\SOFTWARE\Wow6432Node\Microsoft\PowerShell\1\PowerShellEngine PowerShellVersion = 2.0 
C:\Windows\SysWOW64\WindowsPowerShell\v1.0\powershell.exe   found 
HKLM\SOFTWARE\Wow6432Node\Microsoft\PowerShell\3\PowerShellEngine PowerShellVersion = 5.1.19041.1 
C:\Windows\SysWOW64\WindowsPowerShell\v1.0\powershell.exe   found#","no",,,"Information gathering","Cloud Agent, EricsPlaygroundAgents, Test for Sven, Test for Sven.1ddfe2aa-4a79-4155-87ca-da5c1830e92d, Test for Sven.275c0cc2-422a-4fbd-afb6-35a9338bab4a, TestEric, TestEric.00b1e415-6d3e-4c23-b103-9fe0e9dcd8c3"
"192.168.178.41","Global Default Network","desktop-m0k1qp3","DESKTOP-M0K1QP3","ff089bdc-52bd-4caa-93d1-0a1c4087e863",,"QAGENT","Windows 10 Home 64 bit Edition Version 22H2","host scanned, found vuln","45232","Network Interface Information Extracted Through WMI",,"Ig","1",,,,,"02/29/2024 19:24:52","06/18/2024 09:58:28","472",,,,,"DESCRIPTION	IP ADDRESS	MAC ADDRESS	Default IP Gateway	Subnet Mask	
Intel(R) Wi-Fi 6 AX200 160MHz	 192.168.178.41 fe80::1e94:ec2:dac3:6aa3 2a02:8109:8697:7000:4872:62cf:d7b5:4db8 2a02:8109:8697:7000:858:28a0:d6ef:5322	50:E0:85:84:41:99	 192.168.178.1 fe80::2e91:abff:fe84:97e4	 255.255.255.0 64 128 64#","no",,,"Information gathering","Cloud Agent, EricsPlaygroundAgents, Test for Sven, Test for Sven.1ddfe2aa-4a79-4155-87ca-da5c1830e92d, Test for Sven.275c0cc2-422a-4fbd-afb6-35a9338bab4a, TestEric, TestEric.00b1e415-6d3e-4c23-b103-9fe0e9dcd8c3"
"192.168.178.41","Global Default Network","desktop-m0k1qp3","DESKTOP-M0K1QP3","ff089bdc-52bd-4caa-93d1-0a1c4087e863",,"QAGENT","Windows 10 Home 64 bit Edition Version 22H2","host scanned, found vuln","45231","Trusted Digital Certificates Enumerated From Windows Registry",,"Ig","1",,,,,"02/29/2024 19:24:52","06/18/2024 09:58:28","472",,,,,"Certificate	Issuer	Subject	Serial Number	Valid From (MM/DD/YY)	Expires (MM/DD/YY)	
D4DE20D05E66FC53FE1A50882C78DB2852CAE474	Baltimore CyberTrust Root,OU=CyberTrust,O=Baltimore,C=IE	Baltimore CyberTrust Root,OU=CyberTrust,O=Baltimore,C=IE	20000b9	05/12/2000	05/12/2025	
DAC9024F54D8F6DF94935FB1732638CA6AD77C13	DST Root CA X3,O=Digital Signature Trust Co.	DST Root CA X3,O=Digital Signature Trust Co.	44afb080d6a327ba893039862ef8406b	09/30/2000	09/30/2021	
490A7574DE870A47FE58EEF6C76BEBC60B124099	Buypass Class 2 Root CA,O=Buypass AS-983163327,C=NO	Buypass Class 2 Root CA,O=Buypass AS-983163327,C=NO	2	10/26/2010	10/26/2040	
A8985D3A65E5E5C4B2D7D66D40C6DD2FB19C5436	DigiCert Global Root CA,OU=www.digicert.com,O=DigiCert Inc,C=US	DigiCert Global Root CA,OU=www.digicert.com,O=DigiCert Inc,C=US	83be056904246b1a1756ac95991c74a	11/10/2006	11/10/2031	
55A6723ECBF2ECCDC3237470199D2ABE11E381D1	T-TeleSec GlobalRoot Class 3,OU=T-Systems Trust Center,O=T-Systems Enterprise Services GmbH,C=DE	T-TeleSec GlobalRoot Class 3,OU=T-Systems Trust Center,O=T-Systems Enterprise Services GmbH,C=DE	1	10/01/2008	10/01/2033	
8782C6C304353BCFD29692D2593E7D44D934FF11	SecureTrust CA,O=SecureTrust Corporation,C=US	SecureTrust CA,O=SecureTrust Corporation,C=US	cf08e5c0816a5ad427ff0eb271859d0	11/07/2006	12/31/2029	
627F8D7827656399D27D7F9044C9FEB3F33EFA9A	Thawte Premium Server CA,OU=Certification Services Division,O=Thawte Consulting cc,L=Cape Town,ST=Western Cape,C=ZA	Thawte Premium Server CA,OU=Certification Services Division,O=Thawte Consulting cc,L=Cape Town,ST=Western Cape,C=ZA	1	08/01/1996	12/31/2020	
58E8ABB0361533FB80F79B1B6D29D3FF8D5F00F0	D-TRUST Root Class 3 CA 2 2009,O=D-Trust GmbH,C=DE	D-TRUST Root Class 3 CA 2 2009,O=D-Trust GmbH,C=DE	983f3	11/05/2009	11/05/2029	
503006091D97D4F5AE39F7CBE7927D7D652D3431	Entrust.net Certification Authority (2048),OU=(c) 1999 Entrust.net Limited,OU=www.entrust.net/CPS_2048 incorp. by ref. (limits liab.),O=Entrust.net	Entrust.net Certification Authority (2048),OU=(c) 1999 Entrust.net Limited,OU=www.entrust.net/CPS_2048 incorp. by ref. (limits liab.),O=Entrust.net	3863def8	12/24/1999	07/24/2029	
D1EB23A46D17D68FD92564C2F1F1601764D8E349	AAA Certificate Services,O=Comodo CA Limited,L=Salford,ST=Greater Manchester,C=GB	AAA Certificate Services,O=Comodo CA Limited,L=Salford,ST=Greater Manchester,C=GB	1	01/01/2004	12/31/2028	
590D2D7D884F402E617EA562321765CF17D894E9	T-TeleSec GlobalRoot Class 2,OU=T-Systems Trust Center,O=T-Systems Enterprise Services GmbH,C=DE	T-TeleSec GlobalRoot Class 2,OU=T-Systems Trust Center,O=T-Systems Enterprise Services GmbH,C=DE	1	10/01/2008	10/01/2033	
4EB6D578499B1CCF5F581EAD56BE3D9B6744A5E5	VeriSign Class 3 Public Primary Certification Authority - G5,OU=(c) 2006 VeriSign\, Inc. - For authorized use only,OU=VeriSign Trust Network,O=VeriSign\, Inc.,C=US	VeriSign Class 3 Public Primary Certification Authority - G5,OU=(c) 2006 VeriSign\, Inc. - For authorized use only,OU=VeriSign Trust Network,O=VeriSign\, Inc.,C=US	18dad19e267de8bb4a2158cdcc6b3b4a	11/08/2006	07/16/2036	
DF717EAA4AD94EC9558499602D48DE5FBCF03A25	IdenTrust Commercial Root CA 1,O=IdenTrust,C=US	IdenTrust Commercial Root CA 1,O=IdenTrust,C=US	a0142800000014523c844b500000002	01/16/2014	01/16/2034	
2A1D6027D94AB10A1C4D915CCD33A0CB3E2D54CB	GTS Root R4,O=Google Trust Services LLC,C=US	GTS Root R4,O=Google Trust Services LLC,C=US	6e47a9c88b94b6e8bb3b2ad8a2b2c199	06/22/2016	06/22/2036	
2796BAE63F1801E277261BA0D77770028F20EEE4	Go Daddy Class 2 Certification Authority,O=The Go Daddy Group\, Inc.,C=US	Go Daddy Class 2 Certification Authority,O=The Go Daddy Group\, Inc.,C=US	0	06/29/2004	06/29/2034	
8094640EB5A7A1CA119C1FDDD59F810263A7FBD1	GlobalSign,O=GlobalSign,OU=GlobalSign Root CA - R6	GlobalSign,O=GlobalSign,OU=GlobalSign Root CA - R6	45e6bb038333c3856548e6ff4551	12/10/2014	12/10/2034	
E12DFB4B41D7D9C32B30514BAC1D81D8385E2D46	UTN-USERFirst-Object,OU=http://www.usertrust.com,O=The USERTRUST Network,L=Salt Lake City,ST=UT,C=US	UTN-USERFirst-Object,OU=http://www.usertrust.com,O=The USERTRUST Network,L=Salt Lake City,ST=UT,C=US	44be0c8b500024b411d3362de0b35f1b	07/09/1999	07/09/2019	
6252DC40F71143A22FDE9EF7348E064251B18118	Certum CA,O=Unizeto Sp. z o.o.,C=PL	Certum CA,O=Unizeto Sp. z o.o.,C=PL	10020	06/11/2002	06/11/2027	
5FB7EE0633E259DBAD0C4C9AE6D38F1A61C7DC25	DigiCert High Assurance EV Root CA,OU=www.digicert.com,O=DigiCert Inc,C=US	DigiCert High Assurance EV Root CA,OU=www.digicert.com,O=DigiCert Inc,C=US	2ac5c266a0b409b8f0b79f2ae462577	11/10/2006	11/10/2031	
B31EB1B740E36C8402DADC37D44DF5D4674952F9	Entrust Root Certification Authority,OU=(c) 2006 Entrust\, Inc.,OU=www.entrust.net/CPS is incorporated by reference,O=Entrust\, Inc.,C=US	Entrust Root Certification Authority,OU=(c) 2006 Entrust\, Inc.,OU=www.entrust.net/CPS is incorporated by reference,O=Entrust\, Inc.,C=US	456b5054	11/27/2006	11/27/2026	
36B12B49F9819ED74C9EBC380FC6568F5DACB2F7	Security Communication RootCA1,O=SECOM Trust.net,C=JP	Security Communication RootCA1,O=SECOM Trust.net,C=JP	0	09/30/2003	09/30/2023	
7E04DE896A3E666D00E687D33FFAD93BE83D349E	DigiCert Global Root G3,OU=www.digicert.com,O=DigiCert Inc,C=US	DigiCert Global Root G3,OU=www.digicert.com,O=DigiCert Inc,C=US	55556bcf25ea43535c3a40fd5ab4572	08/01/2013	01/15/2038	
AD7E1C28B064EF8F6003402014C3D0E3370EB58A	Starfield Class 2 Certification Authority,O=Starfield Technologies\, Inc.,C=US	Starfield Class 2 Certification Authority,O=Starfield Technologies\, Inc.,C=US	0	06/29/2004	06/29/2034	
75E0ABB6138512271C04F85FDDDE38E4B7242EFE	GlobalSign,O=GlobalSign,OU=GlobalSign Root CA - R2	GlobalSign,O=GlobalSign,OU=GlobalSign Root CA - R2	400000000010f8626e60d	12/15/2006	12/15/2021	
8CF427FD790C3AD166068DE81E57EFBB932272D4	Entrust Root Certification Authority - G2,OU=(c) 2009 Entrust\, Inc. - for authorized use only,OU=See www.entrust.net/legal-terms,O=Entrust\, Inc.,C=US	Entrust Root Certification Authority - G2,OU=(c) 2009 Entrust\, Inc. - for authorized use only,OU=See www.entrust.net/legal-terms,O=Entrust\, Inc.,C=US	4a538c28	07/07/2009	12/07/2030	
B7AB3308D1EA4477BA1480125A6FBDA936490CBB	SSL.com Root Certification Authority RSA,O=SSL Corporation,L=Houston,ST=Texas,C=US	SSL.com Root Certification Authority RSA,O=SSL Corporation,L=Houston,ST=Texas,C=US	7b2c9bd316803299	02/12/2016	02/12/2041	
0563B8630D62D75ABBC8AB1E4BDFB5A899B24D43	DigiCert Assured ID Root CA,OU=www.digicert.com,O=DigiCert Inc,C=US	DigiCert Assured ID Root CA,OU=www.digicert.com,O=DigiCert Inc,C=US	ce7e0e517d846fe8fe560fc1bf03039	11/10/2006	11/10/2031	
742C3192E607E424EB4549542BE1BBC53E6174E2	Class 3 Public Primary Certification Authority,O=VeriSign\, Inc.,C=US	Class 3 Public Primary Certification Authority,O=VeriSign\, Inc.,C=US	70bae41d10d92934b638ca7b03ccbabf	01/29/1996	08/01/2028	
B51C067CEE2B0C3DF855AB2D92F4FE39D4E70F0E	Starfield Root Certificate Authority - G2,O=Starfield Technologies\, Inc.,L=Scottsdale,ST=Arizona,C=US	Starfield Root Certificate Authority - G2,O=Starfield Technologies\, Inc.,L=Scottsdale,ST=Arizona,C=US	0	09/01/2009	12/31/2037	
D23209AD23D314232174E40D7F9D62139786633A	Equifax Secure Certificate Authority,O=Equifax,C=US	Equifax Secure Certificate Authority,O=Equifax,C=US	35def4cf	08/22/1998	08/22/2018	
07E032E020B72C3F192F0628A2593A19A70F069E	Certum Trusted Network CA,OU=Certum Certification Authority,O=Unizeto Technologies S.A.,C=PL	Certum Trusted Network CA,OU=Certum Certification Authority,O=Unizeto Technologies S.A.,C=PL	444c0	10/22/2008	12/31/2029	
DE3F40BD5093D39B6C60F6DABC076201008976C9	QuoVadis Root Certification Authority,OU=Root Certification Authority,O=QuoVadis Limited,C=BM	QuoVadis Root Certification Authority,OU=Root Certification Authority,O=QuoVadis Limited,C=BM	3ab6508b	03/19/2001	03/17/2021	
73A5E64A3BFF8316FF0EDCCC618A906E4EAE4D74	Microsoft RSA Root Certificate Authority 2017,O=Microsoft Corporation,C=US	Microsoft RSA Root Certificate Authority 2017,O=Microsoft Corporation,C=US	1ed397095fd8b4b347701eaabe7f45b3	12/18/2019	07/18/2042	
CABD2A79A1076A31F21D253635CB039D4329A5E8	ISRG Root X1,O=Internet Security Research Group,C=US	ISRG Root X1,O=Internet Security Research Group,C=US	8210cfb0d240e3594463e0bb63828b00	06/04/2015	06/04/2035	
51501FBFCE69189D609CFAF140C576755DCC1FDF	Hotspot 2.0 Trust Root CA - 03,O=WFA Hotspot 2.0,C=US	Hotspot 2.0 Trust Root CA - 03,O=WFA Hotspot 2.0,C=US	cb30f70f286a433e0b90989de01edb7	12/08/2013	12/08/2043	
B1BC968BD4F49D622AA89A81F2150152A41D829C	GlobalSign Root CA,OU=Root CA,O=GlobalSign nv-sa,C=BE	GlobalSign Root CA,OU=Root CA,O=GlobalSign nv-sa,C=BE	40000000001154b5ac394	09/01/1998	01/28/2028	
3679CA35668772304D30A5FB873B0FA77BB70D54	VeriSign Universal Root Certification Authority,OU=(c) 2008 VeriSign\, Inc. - For authorized use only,OU=VeriSign Trust Network,O=VeriSign\, Inc.,C=US	VeriSign Universal Root Certification Authority,OU=(c) 2008 VeriSign\, Inc. - For authorized use only,OU=VeriSign Trust Network,O=VeriSign\, Inc.,C=US	401ac46421b31321030ebbe4121ac51d	04/02/2008	12/01/2037	
D69B561148F01C77C54578C10926DF5B856976AD	GlobalSign,O=GlobalSign,OU=GlobalSign Root CA - R3	GlobalSign,O=GlobalSign,OU=GlobalSign Root CA - R3	4000000000121585308a2	03/18/2009	03/18/2029	
06F1AA330B927B753A40E68CDF22E34BCBEF3352	Microsoft ECC Product Root Certificate Authority 2018,O=Microsoft Corporation,L=Redmond,ST=Washington,C=US	Microsoft ECC Product Root Certificate Authority 2018,O=Microsoft Corporation,L=Redmond,ST=Washington,C=US	14982666dc7ccd8f4053677bb999ec85	02/27/2018	02/27/2043	
02FAF3E291435468607857694DF5E45B68851868	AddTrust External CA Root,OU=AddTrust External TTP Network,O=AddTrust AB,C=SE	AddTrust External CA Root,OU=AddTrust External TTP Network,O=AddTrust AB,C=SE	1	05/30/2000	05/30/2020	
AFE5D244A8D1194230FF479FE2F897BBCD7A8CB4	COMODO RSA Certification Authority,O=COMODO CA Limited,L=Salford,ST=Greater Manchester,C=GB	COMODO RSA Certification Authority,O=COMODO CA Limited,L=Salford,ST=Greater Manchester,C=GB	4caaf9cadb636fe01ff74ed85b03869d	01/19/2010	01/18/2038	
47BEABC922EAE80E78783462A79F45C254FDE68B	Go Daddy Root Certificate Authority - G2,O=GoDaddy.com\, Inc.,L=Scottsdale,ST=Arizona,C=US	Go Daddy Root Certificate Authority - G2,O=GoDaddy.com\, Inc.,L=Scottsdale,ST=Arizona,C=US	0	09/01/2009	12/31/2037	
DDFB16CD4931C973A2037D3FC83A4D7D775D05E4	DigiCert Trusted Root G4,OU=www.digicert.com,O=DigiCert Inc,C=US	DigiCert Trusted Root G4,OU=www.digicert.com,O=DigiCert Inc,C=US	59b1b579e8e2132e23907bda777755c	08/01/2013	01/15/2038	
DF3C24F9BFD666761B268073FE06D1CC8D4F82A4	DigiCert Global Root G2,OU=www.digicert.com,O=DigiCert Inc,C=US	DigiCert Global Root G2,OU=www.digicert.com,O=DigiCert Inc,C=US	33af1e6a711a9a0bb2864b11d09fae5	08/01/2013	01/15/2038	
CA3AFBCF1240364B44B216208880483919937CF7	QuoVadis Root CA 2,O=QuoVadis Limited,C=BM	QuoVadis Root CA 2,O=QuoVadis Limited,C=BM	509	11/24/2006	11/24/2031	
91C6D6EE3E8AC86384E548C299295C756C817B81	thawte Primary Root CA,OU=(c) 2006 thawte\, Inc. - For authorized use only,OU=Certification Services Division,O=thawte\, Inc.,C=US	thawte Primary Root CA,OU=(c) 2006 thawte\, Inc. - For authorized use only,OU=Certification Services Division,O=thawte\, Inc.,C=US	344ed55720d5edec49f42fce37db2b6d	11/17/2006	07/16/2036	
2B8F1B57330DBBA2D07A6C51F70EE90DDAB9AD8E	USERTrust RSA Certification Authority,O=The USERTRUST Network,L=Jersey City,ST=New Jersey,C=US	USERTrust RSA Certification Authority,O=The USERTRUST Network,L=Jersey City,ST=New Jersey,C=US	1fd6d30fca3ca51a81bbc640e35032d	02/01/2010	01/18/2038	
92C1588E85AF2201CE7915E8538B492F605B80C6	DigiCert Assured ID Root CA,OU=www.digicert.com,O=DigiCert Inc,C=US	DigiCert SHA2 Assured ID Code Signing CA,OU=www.digicert.com,O=DigiCert Inc,C=US	409181b5fd5bb66755343b56f955008	10/22/2013	10/22/2028	
33E4E80807204C2B6182A3A14B591ACD25B5F0DB	USERTrust RSA Certification Authority,O=The USERTRUST Network,L=Jersey City,ST=New Jersey,C=US	Sectigo RSA Domain Validation Secure Server CA,O=Sectigo Limited,L=Salford,ST=Greater Manchester,C=GB	7d5b5126b476ba11db74160bbc530da7	11/02/2018	12/31/2030	
D559A586669B08F46A30A133F8A9ED3D038E2EA8	Class 3 Public Primary Certification Authority,O=VeriSign\, Inc.,C=US	www.verisign.com/CPS Incorp.by Ref. LIABILITY LTD.(c)97 VeriSign,VeriSign International Server CA - Class 3,VeriSign\, Inc.,O=VeriSign Trust Network	46fcebbab4d02f0f926098233f93078f	04/17/1997	10/24/2016	
7B0F360B775F76C94A12CA48445AA2D2A875701C	DigiCert Trusted Root G4,OU=www.digicert.com,O=DigiCert Inc,C=US	DigiCert Trusted G4 Code Signing RSA4096 SHA384 2021 CA1,O=DigiCert\, Inc.,C=US	8ad40b260d29c4c9f5ecda9bd93aed9	04/29/2021	04/28/2036	
109F1CAED645BB78B3EA2B94C0697C740733031C	Microsoft Root Authority,OU=Microsoft Corporation,OU=Copyright (c) 1997 Microsoft Corp.	Microsoft Windows Hardware Compatibility,OU=Microsoft Corporation,OU=Microsoft Windows Hardware Compatibility Intermediate CA,OU=Copyright (c) 1997 Microsoft Corp.	198b11d13f9a8ffe69a0	10/01/1997	12/31/2002	
FEE449EE0E3965A5246F000E87FDE2A065FD89D4	Root Agency	Root Agency	6376c00aa00648a11cfb8d4aa5c35f4	05/28/1996	12/31/2039	
7F88CD7223F3C813818C994614A89C99FA3B5247	Microsoft Authenticode(tm) Root Authority,O=MSFT,C=US	Microsoft Authenticode(tm) Root Authority,O=MSFT,C=US	1	01/01/1995	12/31/1999	
0119E81BE9A14CD8E22F40AC118C687ECBA3F4D8	Microsoft Time Stamp Root Certificate Authority 2014,O=Microsoft Corporation,L=Redmond,ST=Washington,C=US	Microsoft Time Stamp Root Certificate Authority 2014,O=Microsoft Corporation,L=Redmond,ST=Washington,C=US	2fd67a432293329045e953343ee27466	10/22/2014	10/22/2039	
3B1EFD3A66EA28B16697394703A72CA340A05BD5	Microsoft Root Certificate Authority 2010,O=Microsoft Corporation,L=Redmond,ST=Washington,C=US	Microsoft Root Certificate Authority 2010,O=Microsoft Corporation,L=Redmond,ST=Washington,C=US	28cc3a25bfba44ac449a9b586b4339aa	06/23/2010	06/23/2035	
06F1AA330B927B753A40E68CDF22E34BCBEF3352	Microsoft ECC Product Root Certificate Authority 2018,O=Microsoft Corporation,L=Redmond,ST=Washington,C=US	Microsoft ECC Product Root Certificate Authority 2018,O=Microsoft Corporation,L=Redmond,ST=Washington,C=US	14982666dc7ccd8f4053677bb999ec85	02/27/2018	02/27/2043	
CDD4EEAE6000AC7F40C3802C171E30148030C072	Microsoft Root Certificate Authority,DC=microsoft,DC=com	Microsoft Root Certificate Authority,DC=microsoft,DC=com	79ad16a14aa0a5ad4c7358f407132e65	05/09/2001	05/09/2021	
AD1FBF19830C5A0A63D606EDB8A7387F015668B3	Blizzard Battle.net Local Cert,OU=Battle.net,O=Blizzard Entertainment,L=Irvine,ST=California,C=US	Blizzard Battle.net Local Cert,OU=Battle.net,O=Blizzard Entertainment,L=Irvine,ST=California,C=US	8b6c	03/02/2021	02/28/2031	
8F43288AD272F3103B6FB1428485EA3014C0BCFE	Microsoft Root Certificate Authority 2011,O=Microsoft Corporation,L=Redmond,ST=Washington,C=US	Microsoft Root Certificate Authority 2011,O=Microsoft Corporation,L=Redmond,ST=Washington,C=US	3f8bc8b5fc9fb29643b569d66c42e144	03/22/2011	03/22/2036	
BE36A4562FB2EE05DBB3D32323ADF445084ED656	Thawte Timestamping CA,OU=Thawte Certification,O=Thawte,L=Durbanville,ST=Western Cape,C=ZA	Thawte Timestamping CA,OU=Thawte Certification,O=Thawte,L=Durbanville,ST=Western Cape,C=ZA	0	01/01/1997	12/31/2020	
92B46C76E13054E104F230517E6E504D43AB10B5	Symantec Enterprise Mobile Root for Microsoft,O=Symantec Corporation,C=US	Symantec Enterprise Mobile Root for Microsoft,O=Symantec Corporation,C=US	f6b552f9ebf907b0f6629a9bdf4d8ce	03/15/2012	03/14/2032	
31F9FC8BA3805986B721EA7295C65B3A44534274	Microsoft ECC TS Root Certificate Authority 2018,O=Microsoft Corporation,L=Redmond,ST=Washington,C=US	Microsoft ECC TS Root Certificate Authority 2018,O=Microsoft Corporation,L=Redmond,ST=Washington,C=US	153875e1647ed1b047b4efaf41128245	02/27/2018	02/27/2043	
A43489159A520F0D93D032CCAF37E7FE20A8B419	Microsoft Root Authority,OU=Microsoft Corporation,OU=Copyright (c) 1997 Microsoft Corp.	Microsoft Root Authority,OU=Microsoft Corporation,OU=Copyright (c) 1997 Microsoft Corp.	c1008b3c3c8811d13ef663ecdf40	01/10/1997	12/31/2020	
245C97DF7514E7CF2DF8BE72AE957B9E04741E85	Copyright (c) 1997 Microsoft Corp.,Microsoft Time Stamping Service Root,Microsoft Corporation,O=Microsoft Trust Network	Copyright (c) 1997 Microsoft Corp.,Microsoft Time Stamping Service Root,Microsoft Corporation,O=Microsoft Trust Network	1	05/13/1997	12/30/1999	
18F7C1FCC3090203FD5BAA2F861A754976C8DD25	NO LIABILITY ACCEPTED\, (c)97 VeriSign\, Inc.,VeriSign Time Stamping Service Root,VeriSign\, Inc.,O=VeriSign Trust Network	NO LIABILITY ACCEPTED\, (c)97 VeriSign\, Inc.,VeriSign Time Stamping Service Root,VeriSign\, Inc.,O=VeriSign Trust Network	4a19d2388c82591ca55d735f155ddca3	05/12/1997	01/07/2004#","no",,,"Information gathering","Cloud Agent, EricsPlaygroundAgents, Test for Sven, Test for Sven.1ddfe2aa-4a79-4155-87ca-da5c1830e92d, Test for Sven.275c0cc2-422a-4fbd-afb6-35a9338bab4a, TestEric, TestEric.00b1e415-6d3e-4c23-b103-9fe0e9dcd8c3"
"192.168.178.41","Global Default Network","desktop-m0k1qp3","DESKTOP-M0K1QP3","ff089bdc-52bd-4caa-93d1-0a1c4087e863",,"QAGENT","Windows 10 Home 64 bit Edition Version 22H2","host scanned, found vuln","45225","Microsoft Windows An Automatic Updater Of Revoked Certificates Is Installed (KB 2677070 or KB 2813430)",,"Ig","1",,,,,"02/29/2024 19:24:52","06/18/2024 09:58:28","472",,,"KB2813430, KB2677070",,"HKLM\SOFTWARE\Microsoft\SystemCertificates\AuthRoot\AutoUpdate DisallowedCertLastSyncTime exists.#","no",,,"Information gathering","Cloud Agent, EricsPlaygroundAgents, Test for Sven, Test for Sven.1ddfe2aa-4a79-4155-87ca-da5c1830e92d, Test for Sven.275c0cc2-422a-4fbd-afb6-35a9338bab4a, TestEric, TestEric.00b1e415-6d3e-4c23-b103-9fe0e9dcd8c3"
"192.168.178.41","Global Default Network","desktop-m0k1qp3","DESKTOP-M0K1QP3","ff089bdc-52bd-4caa-93d1-0a1c4087e863",,"QAGENT","Windows 10 Home 64 bit Edition Version 22H2","host scanned, found vuln","45208","System and BaseBoard Serial Numbers",,"Ig","1",,,,,"02/29/2024 19:24:52","06/18/2024 09:58:28","472",,,,,"System Serial Number : To be filled by O.E.M. 
BaseBoard Serial Number : J816803981#","no",,,"Information gathering","Cloud Agent, EricsPlaygroundAgents, Test for Sven, Test for Sven.1ddfe2aa-4a79-4155-87ca-da5c1830e92d, Test for Sven.275c0cc2-422a-4fbd-afb6-35a9338bab4a, TestEric, TestEric.00b1e415-6d3e-4c23-b103-9fe0e9dcd8c3"
"192.168.178.41","Global Default Network","desktop-m0k1qp3","DESKTOP-M0K1QP3","ff089bdc-52bd-4caa-93d1-0a1c4087e863",,"QAGENT","Windows 10 Home 64 bit Edition Version 22H2","host scanned, found vuln","45193","Internet Protocol version 6 (IPv6) Enabled on Target Host",,"Ig","1",,,,,"02/29/2024 19:24:52","06/18/2024 09:58:28","472",,,,,"fe80::1e94:ec2:dac3:6aa3 
2a02:8109:8697:7000:4872:62cf:d7b5:4db8 
2a02:8109:8697:7000:858:28a0:d6ef:5322#","no",,,"Information gathering","Cloud Agent, EricsPlaygroundAgents, Test for Sven, Test for Sven.1ddfe2aa-4a79-4155-87ca-da5c1830e92d, Test for Sven.275c0cc2-422a-4fbd-afb6-35a9338bab4a, TestEric, TestEric.00b1e415-6d3e-4c23-b103-9fe0e9dcd8c3"
"192.168.178.41","Global Default Network","desktop-m0k1qp3","DESKTOP-M0K1QP3","ff089bdc-52bd-4caa-93d1-0a1c4087e863",,"QAGENT","Windows 10 Home 64 bit Edition Version 22H2","host scanned, found vuln","45183","Microsoft Windows Management Instrumentation Service (WMI) Is Running",,"Ig","1",,,,,"02/29/2024 19:24:52","06/18/2024 09:58:28","472",,,,,"winmgmt = SERVICE_RUNNING#","no",,,"Information gathering","Cloud Agent, EricsPlaygroundAgents, Test for Sven, Test for Sven.1ddfe2aa-4a79-4155-87ca-da5c1830e92d, Test for Sven.275c0cc2-422a-4fbd-afb6-35a9338bab4a, TestEric, TestEric.00b1e415-6d3e-4c23-b103-9fe0e9dcd8c3"
"192.168.178.41","Global Default Network","desktop-m0k1qp3","DESKTOP-M0K1QP3","ff089bdc-52bd-4caa-93d1-0a1c4087e863",,"QAGENT","Windows 10 Home 64 bit Edition Version 22H2","host scanned, found vuln","45108","Mozilla Firefox Web Browser Detected",,"Ig","1",,,,,"02/29/2024 19:24:52","06/18/2024 09:58:28","472",,,,,"%ProgramFiles%\Mozilla Firefox\firefox.exe   found 
HKLM\SOFTWARE\Mozilla\Mozilla Firefox CurrentVersion = 127.0 (x64 de)#","no",,,"Information gathering","Cloud Agent, EricsPlaygroundAgents, Test for Sven, Test for Sven.1ddfe2aa-4a79-4155-87ca-da5c1830e92d, Test for Sven.275c0cc2-422a-4fbd-afb6-35a9338bab4a, TestEric, TestEric.00b1e415-6d3e-4c23-b103-9fe0e9dcd8c3"
"192.168.178.41","Global Default Network","desktop-m0k1qp3","DESKTOP-M0K1QP3","ff089bdc-52bd-4caa-93d1-0a1c4087e863",,"QAGENT","Windows 10 Home 64 bit Edition Version 22H2","host scanned, found vuln","45105","Google Chrome Web Browser Detected",,"Ig","1",,,,,"02/29/2024 19:24:52","06/18/2024 09:58:28","472",,,,,"%ProgramFiles%\Google\Chrome\Application\125.0.6422.176\chrome.dll file version is 125.0.6422.176#","no",,,"Information gathering","Cloud Agent, EricsPlaygroundAgents, Test for Sven, Test for Sven.1ddfe2aa-4a79-4155-87ca-da5c1830e92d, Test for Sven.275c0cc2-422a-4fbd-afb6-35a9338bab4a, TestEric, TestEric.00b1e415-6d3e-4c23-b103-9fe0e9dcd8c3"
"192.168.178.41","Global Default Network","desktop-m0k1qp3","DESKTOP-M0K1QP3","ff089bdc-52bd-4caa-93d1-0a1c4087e863",,"QAGENT","Windows 10 Home 64 bit Edition Version 22H2","host scanned, found vuln","45099","Interface Names and Assigned IP Address Enumerated from Registry",,"Ig","1",,,,,"02/29/2024 19:24:52","06/18/2024 09:58:28","472",,,,,"Interface: 	Intel(R) Wi-Fi 6 AX200 160MHz	IP Address:	192.168.178.41	
HKLM\SYSTEM\CurrentControlSet\Services\Tcpip\Parameters\Interfaces\{CA7A0D96-0C87-4764-84BF-8768F38755FC}	
DhcpSubnetMask	=	255.255.255.0	
DhcpDomain	=	fritz.box	
EnableDHCP	=	1	
DhcpNameServer	=	192.168.178.1	
DhcpDefaultGateway	=	{1=192.168.178.1}	
Domain	=	 	
DhcpServer	=	192.168.178.1	
NameServer	=	 	
Interface: 	Realtek PCIe 2.5GbE Family Controller	IP Address:	192.168.178.22	
HKLM\SYSTEM\CurrentControlSet\Services\Tcpip\Parameters\Interfaces\{B08B38A4-8B44-47E3-93E5-26AA8E50A16B}	
DhcpSubnetMask	=	255.255.255.0	
DhcpDomain	=	fritz.box	
EnableDHCP	=	1	
DhcpNameServer	=	192.168.178.1	
DhcpDefaultGateway	=	{1=192.168.178.1}	
Domain	=	 	
DhcpServer	=	192.168.178.1	
NameServer	=	 	
Interface: 	Intel(R) I211 Gigabit Network Connection	IP Address:	192.168.178.95	
HKLM\SYSTEM\CurrentControlSet\Services\Tcpip\Parameters\Interfaces\{803AFFD7-1A2D-401D-A59A-841174C470B0}	
DhcpSubnetMask	=	255.255.255.0	
DhcpDomain	=	fritz.box	
EnableDHCP	=	1	
DhcpNameServer	=	192.168.178.1	
DhcpDefaultGateway	=	{1=192.168.178.1}	
Domain	=	 	
DhcpServer	=	192.168.178.1	
NameServer	=#","no",,,"Information gathering","Cloud Agent, EricsPlaygroundAgents, Test for Sven, Test for Sven.1ddfe2aa-4a79-4155-87ca-da5c1830e92d, Test for Sven.275c0cc2-422a-4fbd-afb6-35a9338bab4a, TestEric, TestEric.00b1e415-6d3e-4c23-b103-9fe0e9dcd8c3"
"192.168.178.41","Global Default Network","desktop-m0k1qp3","DESKTOP-M0K1QP3","ff089bdc-52bd-4caa-93d1-0a1c4087e863",,"QAGENT","Windows 10 Home 64 bit Edition Version 22H2","host scanned, found vuln","45063","NTFS Settings Enumerated",,"Ig","1",,,,,"02/29/2024 19:24:52","06/18/2024 09:58:28","472",,,,,"HKLM\SYSTEM\CurrentControlSet\Control\Filesystem 
NtfsDisable8dot3NameCreation = 2 
HKLM\SYSTEM\CurrentControlSet\Control\Filesystem 
NtfsDisableLastAccessUpdate = 2147483650 
HKLM\SYSTEM\CurrentControlSet\Control\Filesystem 
Win31FileSystem = 0#","no",,,"Information gathering","Cloud Agent, EricsPlaygroundAgents, Test for Sven, Test for Sven.1ddfe2aa-4a79-4155-87ca-da5c1830e92d, Test for Sven.275c0cc2-422a-4fbd-afb6-35a9338bab4a, TestEric, TestEric.00b1e415-6d3e-4c23-b103-9fe0e9dcd8c3"
"192.168.178.41","Global Default Network","desktop-m0k1qp3","DESKTOP-M0K1QP3","ff089bdc-52bd-4caa-93d1-0a1c4087e863",,"QAGENT","Windows 10 Home 64 bit Edition Version 22H2","host scanned, found vuln","45039","Host Names Found",,"Ig","1",,,,,"02/29/2024 19:24:52","06/18/2024 09:58:28","472",,,,,"Name     'DESKTOP-M0K1QP3'#","no",,,"Information gathering","Cloud Agent, EricsPlaygroundAgents, Test for Sven, Test for Sven.1ddfe2aa-4a79-4155-87ca-da5c1830e92d, Test for Sven.275c0cc2-422a-4fbd-afb6-35a9338bab4a, TestEric, TestEric.00b1e415-6d3e-4c23-b103-9fe0e9dcd8c3"
"192.168.178.41","Global Default Network","desktop-m0k1qp3","DESKTOP-M0K1QP3","ff089bdc-52bd-4caa-93d1-0a1c4087e863",,"QAGENT","Windows 10 Home 64 bit Edition Version 22H2","host scanned, found vuln","45027","Disabled Accounts Enumerated From SAM Database",,"Ig","1",,,,,"02/29/2024 19:24:52","06/18/2024 09:58:28","472",,,,,"Disabled User/Machine Accounts: 
Administrator Gast DefaultAccount WDAGUtilityAccount#","no",,,"Information gathering","Cloud Agent, EricsPlaygroundAgents, Test for Sven, Test for Sven.1ddfe2aa-4a79-4155-87ca-da5c1830e92d, Test for Sven.275c0cc2-422a-4fbd-afb6-35a9338bab4a, TestEric, TestEric.00b1e415-6d3e-4c23-b103-9fe0e9dcd8c3"
"192.168.178.41","Global Default Network","desktop-m0k1qp3","DESKTOP-M0K1QP3","ff089bdc-52bd-4caa-93d1-0a1c4087e863",,"QAGENT","Windows 10 Home 64 bit Edition Version 22H2","host scanned, found vuln","43733","Chassis Type of Systems Information for Windows",,"Ig","1",,,,,"02/29/2024 19:24:52","06/18/2024 09:58:28","472",,,,,"Manufacturer: Micro-Star International Co., Ltd. 
SerialNumber: To be filled by O.E.M. 
ChassisTypes: Desktop#","no",,,"Hardware","Cloud Agent, EricsPlaygroundAgents, Test for Sven, Test for Sven.1ddfe2aa-4a79-4155-87ca-da5c1830e92d, Test for Sven.275c0cc2-422a-4fbd-afb6-35a9338bab4a, TestEric, TestEric.00b1e415-6d3e-4c23-b103-9fe0e9dcd8c3"
"192.168.178.41","Global Default Network","desktop-m0k1qp3","DESKTOP-M0K1QP3","ff089bdc-52bd-4caa-93d1-0a1c4087e863",,"QAGENT","Windows 10 Home 64 bit Edition Version 22H2","host scanned, found vuln","43576","Processor Microcode Revision Information Overview On Windows",,"Ig","1",,,,,"02/29/2024 19:24:52","06/18/2024 09:58:28","472",,,,,"HKLM\Hardware\Description\System\CentralProcessor\0	
Identifier	=	AMD64 Family 23 Model 113 Stepping 0	
HKLM\Hardware\Description\System\CentralProcessor\0	
Update Revision	=	1310700800000000	
HKLM\Hardware\Description\System\CentralProcessor\0	
Previous Update Revision	=	1310700800000000#","no",,,"Hardware","Cloud Agent, EricsPlaygroundAgents, Test for Sven, Test for Sven.1ddfe2aa-4a79-4155-87ca-da5c1830e92d, Test for Sven.275c0cc2-422a-4fbd-afb6-35a9338bab4a, TestEric, TestEric.00b1e415-6d3e-4c23-b103-9fe0e9dcd8c3"
"192.168.178.41","Global Default Network","desktop-m0k1qp3","DESKTOP-M0K1QP3","ff089bdc-52bd-4caa-93d1-0a1c4087e863",,"QAGENT","Windows 10 Home 64 bit Edition Version 22H2","host scanned, found vuln","43567","Processor And BIOS Information Overview On Windows",,"Ig","1",,,,,"02/29/2024 19:24:52","06/18/2024 09:58:28","472",,,,,"HKLM\System\CurrentControlSet\Control\Session Manager\Environment	
PROCESSOR_IDENTIFIER	=	AMD64 Family 23 Model 113 Stepping 0, AuthenticAMD	
HKLM\Hardware\Description\System\BIOS	
BIOSVendor	=	American Megatrends Inc.	
HKLM\Hardware\Description\System\BIOS	
BIOSVersion	=	1.70	
HKLM\SYSTEM\CurrentControlSet\Control\SystemInformation	
SystemProductName	=	MS-7C35	
ComputerHardwareId	=	{21692211-2cc5-5a86-b753-b61b1c67d753}	
BIOSReleaseDate	=	11/06/2019	
BIOSVersion	=	1.70	
InformationSource	=	1	
SystemManufacturer	=	Micro-Star International Co., Ltd.	
ComputerHardwareIds	=	{dd97eea4-5458-5386-b4b0-554a462bb51f},{e87d8158-9537-50d6-8195-df3d8a4638c1},{d796d0cc-2570-5165-81ac-a332cbd53f46},{0ca7775c-eeb0-51fd-871a-7b990fa6dc86},{8fdac0a6-53c4-5410-b3b0-08e18df1d045},{e821e0e2-e11a-5e94-bf5d-ffe53c5e5048},{1b399fcf-9c88-5411-b1a1-139d414a9a40},{e821e0e2-e11a-5e94-bf5d-ffe53c5e5048},{bdd76d3e-147f-58a9-a0b2-42136454ed07},{50af5797-a2f2-58b1-9a1a-453bcbb2e025}	
HKLM\SYSTEM\CurrentControlSet\Control\SystemInformation	
BiosDescription	=	American Megatrends Inc. 1.70 11/06/2019#","no",,,"Hardware","Cloud Agent, EricsPlaygroundAgents, Test for Sven, Test for Sven.1ddfe2aa-4a79-4155-87ca-da5c1830e92d, Test for Sven.275c0cc2-422a-4fbd-afb6-35a9338bab4a, TestEric, TestEric.00b1e415-6d3e-4c23-b103-9fe0e9dcd8c3"
"192.168.178.41","Global Default Network","desktop-m0k1qp3","DESKTOP-M0K1QP3","ff089bdc-52bd-4caa-93d1-0a1c4087e863",,"QAGENT","Windows 10 Home 64 bit Edition Version 22H2","host scanned, found vuln","43113","Processor Information for Windows Target System",,"Ig","1",,,,,"02/29/2024 19:24:52","06/18/2024 09:58:28","472",,,,,"HKLM\System\CurrentControlSet\Control\Session Manager\Environment	
PROCESSOR_IDENTIFIER	=	AMD64 Family 23 Model 113 Stepping 0, AuthenticAMD	
HKLM\System\CurrentControlSet\Control\Session Manager\Environment	
PROCESSOR_ARCHITECTURE	=	AMD64	
HKLM\System\CurrentControlSet\Control\Session Manager\Environment	
PROCESSOR_LEVEL	=	23	
HKLM\System\CurrentControlSet\Control\Session Manager\Environment	
NUMBER_OF_PROCESSORS	=	16	
HKLM\HARDWARE\DESCRIPTION\System\CentralProcessor\0	
ProcessorNameString	=	AMD Ryzen 7 3700X 8-Core Processor#","no",,,"Hardware","Cloud Agent, EricsPlaygroundAgents, Test for Sven, Test for Sven.1ddfe2aa-4a79-4155-87ca-da5c1830e92d, Test for Sven.275c0cc2-422a-4fbd-afb6-35a9338bab4a, TestEric, TestEric.00b1e415-6d3e-4c23-b103-9fe0e9dcd8c3"
"192.168.178.41","Global Default Network","desktop-m0k1qp3","DESKTOP-M0K1QP3","ff089bdc-52bd-4caa-93d1-0a1c4087e863",,"QAGENT","Windows 10 Home 64 bit Edition Version 22H2","host scanned, found vuln","43007","Network Adapter MAC Address",,"Ig","1",,,,,"02/29/2024 19:24:52","06/18/2024 09:58:28","472",,,,,"DESCRIPTION	IP ADDRESS	MAC ADDRESS	Default IP Gateway	Subnet Mask	
Intel(R) Wi-Fi 6 AX200 160MHz	 192.168.178.41 fe80::1e94:ec2:dac3:6aa3 2a02:8109:8697:7000:4872:62cf:d7b5:4db8 2a02:8109:8697:7000:858:28a0:d6ef:5322	50:E0:85:84:41:99	 192.168.178.1 fe80::2e91:abff:fe84:97e4	 255.255.255.0 64 128 64#","no",,,"Hardware","Cloud Agent, EricsPlaygroundAgents, Test for Sven, Test for Sven.1ddfe2aa-4a79-4155-87ca-da5c1830e92d, Test for Sven.275c0cc2-422a-4fbd-afb6-35a9338bab4a, TestEric, TestEric.00b1e415-6d3e-4c23-b103-9fe0e9dcd8c3"

